Workbook

Sheet Charts
R2: AoI | S2: 30 | T2: 50 | U2: 100
R3: QUEST | S3: ='Data Age'!B41 -> 226725.55 | T3: ='Data Age'!C41 -> 256171.13 | U3: ='Data Age'!D41 -> 252776.27
R4: QUEST_NDVFS | S4: ='Data Age'!B42 -> 182768.3 | T4: ='Data Age'!C42 -> 201936.35 | U4: ='Data Age'!D42 -> 191748.41
R5: Fuzzy | S5: ='Data Age'!B43 -> 178014.45 | T5: ='Data Age'!C43 -> 193076.96 | U5: ='Data Age'!D43 -> 186748.35
R6: NSGA3 | S6: ='Data Age'!B44 -> 199180.37 | T6: ='Data Age'!C44 -> 220529 | U6: ='Data Age'!D44 -> 215579.73
R7: MQGA | S7: ='Data Age'!B45 -> 189670.05 | T7: ='Data Age'!C45 -> 212386.8 | U7: ='Data Age'!D45 -> 206804.82
R8: Greedy | S8: ='Data Age'!B46 -> 202365.05 | T8: ='Data Age'!C46 -> 222356.91 | U8: ='Data Age'!D46 -> 208500.6
R9: MOPSO | S9: ='Data Age'!B47 -> 197333.17 | T9: ='Data Age'!C47 -> 223315.1 | U9: ='Data Age'!D47 -> 209027.54
R10: RL | S10: ='Data Age'!B48 -> 198275.99 | T10: ='Data Age'!C48 -> 220990.42 | U10: ='Data Age'!D48 -> 214840.95
R17: AoI | S17: 30 | T17: 50 | U17: 100
R18: QUEST | S18: =S3/S3 -> 1 | T18: =T3/T3 -> 1 | U18: =U3/U3 -> 1
R19: QUEST_NDVFS | S19: =S4/S3 -> 0.80612132 | T19: =T4/T3 -> 0.78828692 | U19: =U4/U3 -> 0.75856966
R20: Fuzzy | S20: =S5/S3 -> 0.78515389 | T20: =T5/T3 -> 0.75370304 | U20: =U5/U3 -> 0.73878909
R21: NSGA3 | S21: =S6/S3 -> 0.87850871 | T21: =T6/T3 -> 0.86086594 | U21: =U6/U3 -> 0.85284797
R22: MQGA | S22: =S7/S3 -> 0.83656229 | T22: =T7/T3 -> 0.82908172 | U22: =U7/U3 -> 0.81813383
R23: Greedy | S23: =S8/S3 -> 0.89255509 | T23: =T8/T3 -> 0.86800143 | U23: =U8/U3 -> 0.82484247
R24: MOPSO | S24: =S9/S3 -> 0.87036138 | T24: =T9/T3 -> 0.87174187 | U24: =U9/U3 -> 0.82692706
R25: RL | S25: =S10/S3 -> 0.87451982 | T25: =T10/T3 -> 0.86266714 | U25: =U10/U3 -> 0.8499253
R36: Energy | S36: 30 | T36: 50 | U36: 100
R37: QUEST | S37: =Energy!B41 -> 1.2227249e+09 | T37: =Energy!C41 -> 1.3194119e+09 | U37: =Energy!D41 -> 1.2921245e+09
R38: QUEST_NDVFS | S38: =Energy!B42 -> 1.2635108e+09 | T38: =Energy!C42 -> 1.4702213e+09 | U38: =Energy!D42 -> 1.4772561e+09
R39: Fuzzy | S39: =Energy!B43 -> 1.2681604e+09 | T39: =Energy!C43 -> 1.4213567e+09 | U39: =Energy!D43 -> 1.405614e+09
R40: NSGA3 | S40: =Energy!B44 -> 1.4110384e+09 | T40: =Energy!C44 -> 1.6672214e+09 | U40: =Energy!D44 -> 1.9959407e+09
R41: MQGA | S41: =Energy!B45 -> 1.3527754e+09 | T41: =Energy!C45 -> 1.5529082e+09 | U41: =Energy!D45 -> 1.7384627e+09
R42: Greedy | S42: =Energy!B46 -> 1.4933059e+09 | T42: =Energy!C46 -> 1.7563347e+09 | U42: =Energy!D46 -> 1818529417
R43: MOPSO | S43: =Energy!B47 -> 1.4059674e+09 | T43: =Energy!C47 -> 1.632873e+09 | U43: =Energy!D47 -> 1.8995726e+09
R44: RL | S44: =Energy!B48 -> 1.3801106e+09 | T44: =Energy!C48 -> 1.731569e+09 | U44: =Energy!D48 -> 1.8772486e+09
R51: Energy | S51: 30 | T51: 50 | U51: 100
R52: QUEST | S52: =S37/S37 -> 1 | T52: =T37/T37 -> 1 | U52: =U37/U37 -> 1
R53: QUEST_NDVFS | S53: =S38/S37 -> 1.0333566 | T53: =T38/T37 -> 1.1143005 | U53: =U38/U37 -> 1.1432769
R54: Fuzzy | S54: =S39/S37 -> 1.0371593 | T54: =T39/T37 -> 1.0772653 | U54: =U39/U37 -> 1.0878317
R55: NSGA3 | S55: =S40/S37 -> 1.1540114 | T55: =T40/T37 -> 1.2636094 | U55: =U40/U37 -> 1.5446969
R56: MQGA | S56: =S41/S37 -> 1.1063613 | T56: =T41/T37 -> 1.1769699 | U56: =U41/U37 -> 1.3454296
R57: Greedy | S57: =S42/S37 -> 1.2212935 | T57: =T42/T37 -> 1.3311496 | U57: =U42/U37 -> 1.4073948
R58: MOPSO | S58: =S43/S37 -> 1.1498641 | T58: =T43/T37 -> 1.2375763 | U58: =U43/U37 -> 1.4701157
R59: RL | S59: =S44/S37 -> 1.1287172 | T59: =T44/T37 -> 1.3123793 | U59: =U44/U37 -> 1.4528388
R67: Makespan | S67: 30 | T67: 50 | U67: 100
R68: QUEST | S68: =Makespan!B41 -> 1136360.8 | T68: =Makespan!C41 -> 1225334.1 | U68: =Makespan!D41 -> 1242820.5
R69: QUEST_NDVFS | S69: =Makespan!B42 -> 1123188.1 | T69: =Makespan!C42 -> 1270395.6 | U69: =Makespan!D42 -> 1218447.7
R70: Fuzzy | S70: =Makespan!B43 -> 1113666.1 | T70: =Makespan!C43 -> 1181680.3 | U70: =Makespan!D43 -> 1111605.9
R71: NSGA3 | S71: =Makespan!B44 -> 1294983.2 | T71: =Makespan!C44 -> 1496014.4 | U71: =Makespan!D44 -> 1719146.1
R72: MQGA | S72: =Makespan!B45 -> 1221345.5 | T72: =Makespan!C45 -> 1369898.8 | U72: =Makespan!D45 -> 1465508.3
R73: Greedy | S73: =Makespan!B46 -> 1369452.8 | T73: =Makespan!C46 -> 1576353.1 | U73: =Makespan!D46 -> 1550639.7
R74: MOPSO | S74: =Makespan!B47 -> 1288624.1 | T74: =Makespan!C47 -> 1464479.9 | U74: =Makespan!D47 -> 1620809.6
R75: RL | S75: =Makespan!B48 -> 1268530.8 | T75: =Makespan!C48 -> 1549586.6 | U75: =Makespan!D48 -> 1605627.4
R82: Makespan | S82: 30 | T82: 50 | U82: 100
R83: QUEST | S83: =S68/S68 -> 1 | T83: =T68/T68 -> 1 | U83: =U68/U68 -> 1
R84: QUEST_NDVFS | S84: =S69/S68 -> 0.98840799 | T84: =T69/T68 -> 1.0367749 | U84: =U69/U68 -> 0.98038912
R85: Fuzzy | S85: =S70/S68 -> 0.9800287 | T85: =T70/T68 -> 0.964374 | U85: =U70/U68 -> 0.89442188
R86: NSGA3 | S86: =S71/S68 -> 1.1395882 | T86: =T71/T68 -> 1.2209033 | U86: =U71/U68 -> 1.3832618
R87: MQGA | S87: =S72/S68 -> 1.0747868 | T87: =T72/T68 -> 1.1179799 | U87: =U72/U68 -> 1.1791794
R88: Greedy | S88: =S73/S68 -> 1.2051215 | T88: =T73/T68 -> 1.286468 | U88: =U73/U68 -> 1.2476779
R89: MOPSO | S89: =S74/S68 -> 1.133992 | T89: =T74/T68 -> 1.1951679 | U89: =U74/U68 -> 1.3041381
R90: RL | S90: =S75/S68 -> 1.1163099 | T90: =T75/T68 -> 1.2646238 | U90: =U75/U68 -> 1.2919222

Sheet Sheet1

Sheet Data Age
A1: Algorithm | B1: Load | C1: Average | D1: Min | E1: Max | F1: Std Dev
A2: QUEST | B2: 1 | C2: 226725.55 | D2: 220485.55 | E2: 235000.32 | F2: 3360.4621
A3: QUEST | B3: 2 | C3: 256171.13 | D3: 244685.41 | E3: 273265.16 | F3: 7966.6619
A4: QUEST | B4: 3 | C4: 252776.27 | D4: 238021.34 | E4: 264273.6 | F4: 7496.9923
A5: QUEST_NDVFS | B5: 1 | C5: 182768.3 | D5: 180372.45 | E5: 184723.16 | F5: 968.35257
A6: QUEST_NDVFS | B6: 2 | C6: 201936.35 | D6: 198914.76 | E6: 203527.39 | F6: 1214.0609
A7: QUEST_NDVFS | B7: 3 | C7: 191748.41 | D7: 188506.47 | E7: 194955.09 | F7: 1474.0925
A8: Fuzzy | B8: 1 | C8: 178014.45 | D8: 178014.45 | E8: 178014.45 | F8: 0
A9: Fuzzy | B9: 2 | C9: 193076.96 | D9: 193076.96 | E9: 193076.96 | F9: 0
A10: Fuzzy | B10: 3 | C10: 186748.35 | D10: 186747.99 | E10: 186748.67 | F10: 0.19179
A11: NSGA3 | B11: 1 | C11: 199180.37 | D11: 188775.16 | E11: 213914.74 | F11: 7431.0296
A12: NSGA3 | B12: 2 | C12: 220529 | D12: 206757.2 | E12: 245094.02 | F12: 9408.9571
A13: NSGA3 | B13: 3 | C13: 215579.73 | D13: 195167.28 | E13: 240137.63 | F13: 9605.7961
... A25: RL | B25: 3 | C25: 214840.95 | D25: 196213.49 | E25: 243339.06 | F25: 13585.515
A28: Summary by Algorithm
A29: QUEST | C29: 245224.32 | D29: 220485.55 | E29: 273265.16 | F29: 14719.99
A30: QUEST_NDVFS | C30: 192151.02 | D30: 180372.45 | E30: 203527.39 | F30: 7927.4794
A31: Fuzzy | C31: 185946.59 | D31: 178014.45 | E31: 193076.96 | F31: 6175.3227
A32: NSGA3 | C32: 211763.04 | D32: 188775.16 | E32: 245094.02 | F32: 12724.684
A33: MQGA | C33: 202953.89 | D33: 183154.55 | E33: 223148.75 | F33: 11012.522
A34: Greedy | C34: 211074.19 | D34: 187409.68 | E34: 244255.29 | F34: 13609.828
A35: MOPSO | C35: 209891.94 | D35: 189018.52 | E35: 233668.65 | F35: 12257.025
A36: RL | C36: 211369.12 | D36: 189396.55 | E36: 246740.25 | F36: 14114.093
A39: Average data for chart
A40: Algorithms | B40: 1 | C40: 2 | D40: 3
A41: QUEST | B41: 226725.55 | C41: 256171.13 | D41: 252776.27
A42: QUEST_NDVFS | B42: 182768.3 | C42: 201936.35 | D42: 191748.41
A43: Fuzzy | B43: 178014.45 | C43: 193076.96 | D43: 186748.35
A44: NSGA3 | B44: 199180.37 | C44: 220529 | D44: 215579.73
A45: MQGA | B45: 189670.05 | C45: 212386.8 | D45: 206804.82
A46: Greedy | B46: 202365.05 | C46: 222356.91 | D46: 208500.6
A47: MOPSO | B47: 197333.17 | C47: 223315.1 | D47: 209027.54
A48: RL | B48: 198275.99 | C48: 220990.42 | D48: 214840.95
A51: All data for chart
A52: Algorithms | B52: 1 | C52: 1 | D52: 1 | E52: 1 | F52: 1 | G52: 1 | H52: 1 | I52: 1 | J52: 1 | K52: 1 | L52: 1 | M52: 1 | N52: 1 | O52: 1 | P52: 1 | Q52: 1 | R52: 1 | S52: 1 | T52: 1 | U52: 1 | V52: 2 | W52: 2 | X52: 2 | Y52: 2 | Z52: 2 | AA52: 2 | AB52: 2 | AC52: 2 | AD52: 2 | AE52: 2 | AF52: 2 | AG52: 2 | AH52: 2 | AI52: 2 | AJ52: 2 | AK52: 2 | AL52: 2 | AM52: 2 | AN52: 2 | AO52: 2 | AP52: 3 | AQ52: 3 | AR52: 3 | AS52: 3 | AT52: 3 | AU52: 3 | AV52: 3 | AW52: 3 | AX52: 3 | AY52: 3 | AZ52: 3 | BA52: 3 | BB52: 3 | BC52: 3 | BD52: 3 | BE52: 3 | BF52: 3 | BG52: 3 | BH52: 3 | BI52: 3
A53: QUEST | B53: 228418.55 | C53: 230363.48 | D53: 229386.68 | E53: 226261.9 | F53: 224351.84 | G53: 225041.32 | H53: 222897.81 | I53: 224503.42 | J53: 222262 | K53: 224774.29 | L53: 229965.9 | M53: 229465.9 | N53: 220485.55 | O53: 226313.06 | P53: 227666.68 | Q53: 223168 | R53: 226031.68 | S53: 229091.74 | T53: 229060.97 | U53: 235000.32 | V53: 249170.88 | W53: 269101.9 | X53: 256256.63 | Y53: 261850.94 | Z53: 247990.71 | AA53: 265499.57 | AB53: 253610.55 | AC53: 255377.16 | AD53: 265391.37 | AE53: 249396.94 | AF53: 245837.9 | AG53: 251020.69 | AH53: 244685.41 | AI53: 273265.16 | AJ53: 259128.33 | AK53: 250424.63 | AL53: 260893.65 | AM53: 249819.49 | AN53: 251683.57 | AO53: 263017.18 | AP53: 253980.97 | AQ53: 244787.07 | AR53: 255971.28 | AS53: 249580.57 | AT53: 263284.4 | AU53: 249362.1 | AV53: 253519.93 | AW53: 246204.63 | AX53: 250814.04 | AY53: 249518.28 | AZ53: 252193.22 | BA53: 264273.6 | BB53: 253395.93 | BC53: 246190.11 | BD53: 264194.5 | BE53: 244495.54 | BF53: 238021.34 | BG53: 263783.34 | BH53: 263836.18 | BI53: 248118.45
A54: QUEST_NDVFS | B54: 182036.52 | C54: 182769.03 | D54: 182463.97 | E54: 184723.16 | F54: 183231.06 | G54: 182795.71 | H54: 184218.03 | I54: 181446.81 | J54: 183163 | K54: 182654.1 | L54: 183194.81 | M54: 182634.65 | N54: 184009.55 | O54: 183674.48 | P54: 182121.65 | Q54: 181988.71 | R54: 182066.97 | S54: 183230.97 | T54: 182570.45 | U54: 180372.45 | V54: 201736.71 | W54: 202654.16 | X54: 200518.76 | Y54: 203205.02 | Z54: 201908.71 | AA54: 201807.33 | AB54: 202270.35 | AC54: 203527.39 | AD54: 202754.86 | AE54: 202518.61 | AF54: 200361.61 | AG54: 198914.76 | AH54: 202796.02 | AI54: 200006.31 | AJ54: 202091.84 | AK54: 200505.31 | AL54: 202180.02 | AM54: 203048.29 | AN54: 202741.45 | AO54: 203179.51 | AP54: 188506.47 | AQ54: 191878.14 | AR54: 190928.76 | AS54: 190646.77 | AT54: 189583.63 | AU54: 192186.35 | AV54: 192687.29 | AW54: 192897.88 | AX54: 189292.31 | AY54: 191949.83 | AZ54: 191268.89 | BA54: 193612.46 | BB54: 192309.48 | BC54: 191636.28 | BD54: 191154.78 | BE54: 191413.5 | BF54: 192336.71 | BG54: 193241.21 | BH54: 194955.09 | BI54: 192482.45
A55: Fuzzy | B55: 178014.45 | C55: 178014.45 | D55: 178014.45 | E55: 178014.45 | F55: 178014.45 | G55: 178014.45 | H55: 178014.45 | I55: 178014.45 | J55: 178014.45 | K55: 178014.45 | L55: 178014.45 | M55: 178014.45 | N55: 178014.45 | O55: 178014.45 | P55: 178014.45 | Q55: 178014.45 | R55: 178014.45 | S55: 178014.45 | T55: 178014.45 | U55: 178014.45 | V55: 193076.96 | W55: 193076.96 | X55: 193076.96 | Y55: 193076.96 | Z55: 193076.96 | AA55: 193076.96 | AB55: 193076.96 | AC55: 193076.96 | AD55: 193076.96 | AE55: 193076.96 | AF55: 193076.96 | AG55: 193076.96 | AH55: 193076.96 | AI55: 193076.96 | AJ55: 193076.96 | AK55: 193076.96 | AL55: 193076.96 | AM55: 193076.96 | AN55: 193076.96 | AO55: 193076.96 | AP55: 186748.07 | AQ55: 186748.33 | AR55: 186748.5 | AS55: 186748.19 | AT55: 186748.67 | AU55: 186748.07 | AV55: 186748.5 | AW55: 186748.05 | AX55: 186748.49 | AY55: 186748.48 | AZ55: 186748.41 | BA55: 186748.32 | BB55: 186748.23 | BC55: 186748.29 | BD55: 186748.46 | BE55: 186748.52 | BF55: 186747.99 | BG55: 186748.44 | BH55: 186748.49 | BI55: 186748.58
A56: NSGA3 | B56: 200494.42 | C56: 213914.74 | D56: 197031.45 | E56: 198263.32 | F56: 188775.16 | G56: 192881.84 | H56: 205086.23 | I56: 191426.13 | J56: 200975.77 | K56: 207929.26 | L56: 194096.97 | M56: 193029.26 | N56: 192915 | O56: 195612.52 | P56: 191255.77 | Q56: 202072.48 | R56: 213293.94 | S56: 197284.29 | T56: 195630.97 | U56: 211637.97 | V56: 207506.53 | W56: 211129.41 | X56: 213501.43 | Y56: 206757.2 | Z56: 214301.31 | AA56: 225472.94 | AB56: 222364.49 | AC56: 215229.37 | AD56: 227833.53 | AE56: 220102.9 | AF56: 225156.65 | AG56: 236645.43 | AH56: 245094.02 | AI56: 213419.31 | AJ56: 213537.84 | AK56: 230359.27 | AL56: 220340.71 | AM56: 221312.49 | AN56: 224943.45 | AO56: 215571.76 | AP56: 210968.77 | AQ56: 240137.63 | AR56: 220188.46 | AS56: 233455.11 | AT56: 212982.72 | AU56: 222713.44 | AV56: 215354.33 | AW56: 210550.25 | AX56: 217271.55 | AY56: 217406.75 | AZ56: 212689.81 | BA56: 207101.22 | BB56: 211721.06 | BC56: 203095.99 | BD56: 221124.63 | BE56: 220883.43 | BF56: 217702.13 | BG56: 195167.28 | BH56: 212697.54 | BI56: 208382.54
A57: MQGA | B57: 193810.42 | C57: 186562.26 | D57: 191970.42 | E57: 188577.35 | F57: 185232.58 | G57: 187589.55 | H57: 191761.16 | I57: 191211.42 | J57: 183774.77 | K57: 194979.35 | L57: 183154.55 | M57: 189073.55 | N57: 188124.45 | O57: 198296.45 | P57: 185558.06 | Q57: 189414.94 | R57: 196763.45 | S57: 184519.77 | T57: 194981.87 | U57: 188044.61 | V57: 208905.69 | W57: 206611.88 | X57: 209418.92 | Y57: 208197.29 | Z57: 223148.75 | AA57: 207748.41 | AB57: 209532.22 | AC57: 216985.69 | AD57: 213417.71 | AE57: 215966.65 | AF57: 210908.92 | AG57: 222673.8 | AH57: 215765.29 | AI57: 220408.22 | AJ57: 209177.08 | AK57: 207524.33 | AL57: 205687.16 | AM57: 215088.51 | AN57: 210508.94 | AO57: 210060.61 | AP57: 198964.31 | AQ57: 206475.78 | AR57: 207044.01 | AS57: 197242.24 | AT57: 212729.18 | AU57: 206049.2 | AV57: 210532.15 | AW57: 208063 | AX57: 202687.72 | AY57: 198757.66 | AZ57: 210926.1 | BA57: 197188.42 | BB57: 212805.42 | BC57: 219010.75 | BD57: 207470.84 | BE57: 215837.28 | BF57: 204710.89 | BG57: 200856.34 | BH57: 214535.75 | BI57: 204209.4
A58: Greedy | B58: 189179.74 | C58: 196567.1 | D58: 193441.42 | E58: 197158.1 | F58: 244255.29 | G58: 188606.45 | H58: 213618.26 | I58: 206241.71 | J58: 191910.13 | K58: 198264.39 | L58: 206757.42 | M58: 194391.74 | N58: 193007.29 | O58: 193091.97 | P58: 199834 | Q58: 211771.45 | R58: 212626.94 | S58: 239314.19 | T58: 189853.71 | U58: 187409.68 | V58: 238059.41 | W58: 219848.14 | X58: 227911 | Y58: 214555.08 | Z58: 209935.27 | AA58: 233487.76 | AB58: 212961.8 | AC58: 220692.86 | AD58: 215482.92 | AE58: 210805.35 | AF58: 222458.18 | AG58: 215815.43 | AH58: 224497.35 | AI58: 221550.41 | AJ58: 220592.35 | AK58: 226437.22 | AL58: 242562.71 | AM58: 218666.41 | AN58: 222023.53 | AO58: 228795 | AP58: 210580.97 | AQ58: 220005.52 | AR58: 218500.09 | AS58: 208907.73 | AT58: 207568.93 | AU58: 202259.33 | AV58: 212171.07 | AW58: 210639.28 | AX58: 204019.6 | AY58: 214814.28 | AZ58: 212733.52 | BA58: 208534.36 | BB58: 203079.05 | BC58: 212888.09 | BD58: 209132.5 | BE58: 213342.76 | BF58: 203626.2 | BG58: 201294.58 | BH58: 194699.05 | BI58: 201215.19
A59: MOPSO | B59: 196716.45 | C59: 190804.39 | D59: 201591.26 | E59: 201197.26 | F59: 193202.26 | G59: 191640.81 | H59: 210400.97 | I59: 197793.74 | J59: 199750.74 | K59: 193088.97 | L59: 192090.06 | M59: 202166.13 | N59: 190698.97 | O59: 189612.52 | P59: 204644.61 | Q59: 201353.84 | R59: 198158.48 | S59: 195851.68 | T59: 189018.52 | U59: 206881.71 | V59: 218889.35 | W59: 225834.53 | X59: 228727.65 | Y59: 216091.75 | Z59: 217213.94 | AA59: 219783.96 | AB59: 227774.22 | AC59: 231798.63 | AD59: 212906.82 | AE59: 224318.16 | AF59: 229120.8 | AG59: 222951.14 | AH59: 231490.35 | AI59: 220978.61 | AJ59: 217827.08 | AK59: 224446.65 | AL59: 233668.65 | AM59: 226109.96 | AN59: 212377.8 | AO59: 223991.98 | AP59: 205283.77 | AQ59: 213706.39 | AR59: 199230.04 | AS59: 207109.1 | AT59: 209758.25 | AU59: 206973.73 | AV59: 221429.1 | AW59: 204181.76 | AX59: 214517.01 | AY59: 205676.72 | AZ59: 212587.33 | BA59: 204280.16 | BB59: 207884.63 | BC59: 207808.97 | BD59: 217297.99 | BE59: 206822.45 | BF59: 213185.03 | BG59: 198056.4 | BH59: 221657.7 | BI59: 203104.3
A60: RL | B60: 202408.68 | C60: 189396.55 | D60: 190779.77 | E60: 199445.87 | F60: 204612.81 | G60: 194946.74 | H60: 198883.48 | I60: 205661.9 | J60: 202975.65 | K60: 204608.48 | L60: 203752.61 | M60: 200471.1 | N60: 192940.32 | O60: 193504.65 | P60: 202113.13 | Q60: 197840.55 | R60: 191695.52 | S60: 191430.32 | T60: 191410.16 | U60: 206641.52 | V60: 231145.49 | W60: 216093.2 | X60: 219273 | Y60: 210610.29 | Z60: 208335.08 | AA60: 207171.73 | AB60: 226497.61 | AC60: 232508.08 | AD60: 220211 | AE60: 222501.65 | AF60: 218357.78 | AG60: 236986.18 | AH60: 232064.73 | AI60: 213621.02 | AJ60: 246740.25 | AK60: 209720.2 | AL60: 211847.86 | AM60: 222758.02 | AN60: 215800.43 | AO60: 217564.78 | AP60: 196213.49 | AQ60: 205764.16 | AR60: 214429.53 | AS60: 239671.16 | AT60: 204790.6 | AU60: 211285.9 | AV60: 205681.2 | AW60: 231521.03 | AX60: 241696.19 | AY60: 203310.84 | AZ60: 209586.41 | BA60: 215980.44 | BB60: 203198.01 | BC60: 224277.34 | BD60: 243339.06 | BE60: 216299.35 | BF60: 208508.7 | BG60: 203774.28 | BH60: 211055.33 | BI60: 206436.01

Sheet Energy
A1: Algorithm | B1: Load | C1: Average | D1: Min | E1: Max | F1: Std Dev
A2: QUEST | B2: 1 | C2: 1.2227249e+09 | D2: 1.2039012e+09 | E2: 1.301649e+09 | F2: 29193469
A3: QUEST | B3: 2 | C3: 1.3194119e+09 | D3: 1.2834563e+09 | E3: 1.398002e+09 | F3: 34807124
A4: QUEST | B4: 3 | C4: 1.2921245e+09 | D4: 1.2386298e+09 | E4: 1.3516904e+09 | F4: 32364240
A5: QUEST_NDVFS | B5: 1 | C5: 1.2635108e+09 | D5: 1.2481686e+09 | E5: 1.3700148e+09 | F5: 25624392
A6: QUEST_NDVFS | B6: 2 | C6: 1.4702213e+09 | D6: 1.3766132e+09 | E6: 1.6105248e+09 | F6: 51878736
A7: QUEST_NDVFS | B7: 3 | C7: 1.4772561e+09 | D7: 1369195580 | E7: 1680784160 | F7: 78018818
A8: Fuzzy | B8: 1 | C8: 1.2681604e+09 | D8: 1.2681249e+09 | E8: 1.2681852e+09 | F8: 16802.599
A9: Fuzzy | B9: 2 | C9: 1.4213567e+09 | D9: 1.4213127e+09 | E9: 1.4213948e+09 | F9: 23797.827
A10: Fuzzy | B10: 3 | C10: 1.405614e+09 | D10: 1.405585e+09 | E10: 1.4056433e+09 | F10: 17353.593
A11: NSGA3 | B11: 1 | C11: 1.4110384e+09 | D11: 1.3301048e+09 | E11: 1.6267592e+09 | F11: 85913624
A12: NSGA3 | B12: 2 | C12: 1.6672214e+09 | D12: 1.4068548e+09 | E12: 2.3481206e+09 | F12: 2.3964762e+08
A13: NSGA3 | B13: 3 | C13: 1.9959407e+09 | D13: 1463395925 | E13: 2503763970 | F13: 2.6342402e+08
... A25: RL | B25: 3 | C25: 1.8772486e+09 | D25: 1.5612057e+09 | E25: 2.3873318e+09 | F25: 2.31947e+08
A28: Summary by Algorithm
A29: QUEST | C29: 1.2780871e+09 | D29: 1.2039012e+09 | E29: 1.398002e+09 | F29: 51900569
A30: QUEST_NDVFS | C30: 1.4036627e+09 | D30: 1.2481686e+09 | E30: 1680784160 | F30: 1.1390575e+08
A31: Fuzzy | C31: 1.3650437e+09 | D31: 1.2681249e+09 | E31: 1.4213948e+09 | F31: 68807635
A32: NSGA3 | C32: 1.6914002e+09 | D32: 1.3301048e+09 | E32: 2503763970 | F32: 3.1944566e+08
A33: MQGA | C33: 1.5480488e+09 | D33: 1343195000 | E33: 1.8040538e+09 | F33: 1.5888608e+08
A34: Greedy | C34: 1.68939e+09 | D34: 1.248328e+09 | E34: 2.4820364e+09 | F34: 2.5665871e+08
A35: MOPSO | C35: 1.6461377e+09 | D35: 1346083105 | E35: 2.0571327e+09 | F35: 2.1175127e+08
A36: RL | C36: 1.6629761e+09 | D36: 1.2555451e+09 | E36: 2.3873318e+09 | F36: 2.8912968e+08
A39: Average data for chart
A40: Algorithms | B40: 1 | C40: 2 | D40: 3
A41: QUEST | B41: 1.2227249e+09 | C41: 1.3194119e+09 | D41: 1.2921245e+09
A42: QUEST_NDVFS | B42: 1.2635108e+09 | C42: 1.4702213e+09 | D42: 1.4772561e+09
A43: Fuzzy | B43: 1.2681604e+09 | C43: 1.4213567e+09 | D43: 1.405614e+09
A44: NSGA3 | B44: 1.4110384e+09 | C44: 1.6672214e+09 | D44: 1.9959407e+09
A45: MQGA | B45: 1.3527754e+09 | C45: 1.5529082e+09 | D45: 1.7384627e+09
A46: Greedy | B46: 1.4933059e+09 | C46: 1.7563347e+09 | D46: 1818529417
A47: MOPSO | B47: 1.4059674e+09 | C47: 1.632873e+09 | D47: 1.8995726e+09
A48: RL | B48: 1.3801106e+09 | C48: 1.731569e+09 | D48: 1.8772486e+09
A51: All data for chart
A52: Algorithms | B52: 1 | C52: 1 | D52: 1 | E52: 1 | F52: 1 | G52: 1 | H52: 1 | I52: 1 | J52: 1 | K52: 1 | L52: 1 | M52: 1 | N52: 1 | O52: 1 | P52: 1 | Q52: 1 | R52: 1 | S52: 1 | T52: 1 | U52: 1 | V52: 2 | W52: 2 | X52: 2 | Y52: 2 | Z52: 2 | AA52: 2 | AB52: 2 | AC52: 2 | AD52: 2 | AE52: 2 | AF52: 2 | AG52: 2 | AH52: 2 | AI52: 2 | AJ52: 2 | AK52: 2 | AL52: 2 | AM52: 2 | AN52: 2 | AO52: 2 | AP52: 3 | AQ52: 3 | AR52: 3 | AS52: 3 | AT52: 3 | AU52: 3 | AV52: 3 | AW52: 3 | AX52: 3 | AY52: 3 | AZ52: 3 | BA52: 3 | BB52: 3 | BC52: 3 | BD52: 3 | BE52: 3 | BF52: 3 | BG52: 3 | BH52: 3 | BI52: 3
A53: QUEST | B53: 1.208822e+09 | C53: 1.2073749e+09 | D53: 1.2821623e+09 | E53: 1.2060204e+09 | F53: 1.2046495e+09 | G53: 1.2145363e+09 | H53: 1.2070884e+09 | I53: 1.2063547e+09 | J53: 1.2112148e+09 | K53: 1.2088878e+09 | L53: 1.2039012e+09 | M53: 1.2862516e+09 | N53: 1.2086229e+09 | O53: 1.2107965e+09 | P53: 1.207783e+09 | Q53: 1.2101252e+09 | R53: 1.231307e+09 | S53: 1.2106563e+09 | T53: 1.2262935e+09 | U53: 1.301649e+09 | V53: 1.2905973e+09 | W53: 1.3750494e+09 | X53: 1.3396131e+09 | Y53: 1.327035e+09 | Z53: 1.2891499e+09 | AA53: 1.3797152e+09 | AB53: 1.3075513e+09 | AC53: 1.3119209e+09 | AD53: 1.3344787e+09 | AE53: 1.2966e+09 | AF53: 1.2982246e+09 | AG53: 1.2887974e+09 | AH53: 1.2862442e+09 | AI53: 1.398002e+09 | AJ53: 1.3615475e+09 | AK53: 1.28904e+09 | AL53: 1.2978725e+09 | AM53: 1.2834563e+09 | AN53: 1.2920755e+09 | AO53: 1.3412681e+09 | AP53: 1.3017839e+09 | AQ53: 1.2923107e+09 | AR53: 1.2696742e+09 | AS53: 1.2701176e+09 | AT53: 1.3359615e+09 | AU53: 1.2664386e+09 | AV53: 1.2720212e+09 | AW53: 1.2841651e+09 | AX53: 1.2837735e+09 | AY53: 1.2507766e+09 | AZ53: 1.2728423e+09 | BA53: 1.3392943e+09 | BB53: 1.3140969e+09 | BC53: 1.2593232e+09 | BD53: 1.3425448e+09 | BE53: 1.2786348e+09 | BF53: 1.2386298e+09 | BG53: 1.3333499e+09 | BH53: 1.3516904e+09 | BI53: 1.2850615e+09
A54: QUEST_NDVFS | B54: 1.2537954e+09 | C54: 1.2594854e+09 | D54: 1.2526221e+09 | E54: 1.2527214e+09 | F54: 1.2594701e+09 | G54: 1260303270 | H54: 1.3700148e+09 | I54: 1.2587234e+09 | J54: 1.2545801e+09 | K54: 1252865255 | L54: 1258677300 | M54: 1.2481686e+09 | N54: 1252212895 | O54: 1.2873051e+09 | P54: 1.2596788e+09 | Q54: 1.261802e+09 | R54: 1.2626285e+09 | S54: 1.2518618e+09 | T54: 1256888360 | U54: 1.2564105e+09 | V54: 1.4509983e+09 | W54: 1.4377867e+09 | X54: 1.387505e+09 | Y54: 1.4901226e+09 | Z54: 1.4935581e+09 | AA54: 1491324975 | AB54: 1.6105248e+09 | AC54: 1.4991395e+09 | AD54: 1.489839e+09 | AE54: 1.4856262e+09 | AF54: 1459791720 | AG54: 1.3769417e+09 | AH54: 1.4459364e+09 | AI54: 1.3766132e+09 | AJ54: 1.4551733e+09 | AK54: 1510519585 | AL54: 1.4879545e+09 | AM54: 1.4488699e+09 | AN54: 1.5098128e+09 | AO54: 1.496388e+09 | AP54: 1680784160 | AQ54: 1.3806667e+09 | AR54: 1475112625 | AS54: 1.3750515e+09 | AT54: 1.491632e+09 | AU54: 1.4653339e+09 | AV54: 1.457118e+09 | AW54: 1.442159e+09 | AX54: 1.4915431e+09 | AY54: 1.6607859e+09 | AZ54: 1.4577354e+09 | BA54: 1.487768e+09 | BB54: 1.4657791e+09 | BC54: 1476188635 | BD54: 1.396578e+09 | BE54: 1.495313e+09 | BF54: 1369195580 | BG54: 1.4770932e+09 | BH54: 1.5471969e+09 | BI54: 1.4520879e+09
A55: Fuzzy | B55: 1.2681582e+09 | C55: 1.2681426e+09 | D55: 1.26818e+09 | E55: 1.2681551e+09 | F55: 1.2681717e+09 | G55: 1.2681249e+09 | H55: 1.2681447e+09 | I55: 1.2681311e+09 | J55: 1.2681571e+09 | K55: 1.2681644e+09 | L55: 1.2681779e+09 | M55: 1.2681675e+09 | N55: 1.2681852e+09 | O55: 1.2681811e+09 | P55: 1.2681727e+09 | Q55: 1.2681603e+09 | R55: 1.2681727e+09 | S55: 1.2681582e+09 | T55: 1.2681675e+09 | U55: 1.2681353e+09 | V55: 1.4213605e+09 | W55: 1.4213522e+09 | X55: 1.4213761e+09 | Y55: 1.4213657e+09 | Z55: 1.4213148e+09 | AA55: 1.4213408e+09 | AB55: 1.4213189e+09 | AC55: 1.4213366e+09 | AD55: 1.4213761e+09 | AE55: 1.4213616e+09 | AF55: 1.4213616e+09 | AG55: 1.4213626e+09 | AH55: 1.4213127e+09 | AI55: 1.4213272e+09 | AJ55: 1.4213876e+09 | AK55: 1.4213824e+09 | AL55: 1.421374e+09 | AM55: 1.4213751e+09 | AN55: 1.4213948e+09 | AO55: 1.4213522e+09 | AP55: 1.4056318e+09 | AQ55: 1.4056214e+09 | AR55: 1.40561e+09 | AS55: 1.405585e+09 | AT55: 1.4056329e+09 | AU55: 1.4055965e+09 | AV55: 1.4056433e+09 | AW55: 1.4055965e+09 | AX55: 1.4056017e+09 | AY55: 1.405609e+09 | AZ55: 1.4056225e+09 | BA55: 1.4055965e+09 | BB55: 1.4055975e+09 | BC55: 1.405611e+09 | BD55: 1.4056142e+09 | BE55: 1.405637e+09 | BF55: 1.4056277e+09 | BG55: 1.4055892e+09 | BH55: 1.4056142e+09 | BI55: 1.4056422e+09
A56: NSGA3 | B56: 1.4680938e+09 | C56: 1.6267592e+09 | D56: 1.423156e+09 | E56: 1.4292964e+09 | F56: 1.3674515e+09 | G56: 1.345265e+09 | H56: 1.344543e+09 | I56: 1.3529191e+09 | J56: 1.4222516e+09 | K56: 1.3538883e+09 | L56: 1.4389617e+09 | M56: 1.3301048e+09 | N56: 1350422680 | O56: 1.3362705e+09 | P56: 1.3340362e+09 | Q56: 1369567180 | R56: 1530078380 | S56: 1363226080 | T56: 1.4259217e+09 | U56: 1.6085555e+09 | V56: 1.4302497e+09 | W56: 1.5363991e+09 | X56: 1.4068548e+09 | Y56: 1.4851326e+09 | Z56: 1442774580 | AA56: 1.7545601e+09 | AB56: 1837928415 | AC56: 1.4471834e+09 | AD56: 1.7432345e+09 | AE56: 1.5447783e+09 | AF56: 1.8026751e+09 | AG56: 2.1324065e+09 | AH56: 2.3481206e+09 | AI56: 1.5425045e+09 | AJ56: 1.5019787e+09 | AK56: 1.7348912e+09 | AL56: 1.8940144e+09 | AM56: 1609521335 | AN56: 1587741680 | AO56: 1.5614782e+09 | AP56: 1.5813173e+09 | AQ56: 2.4111446e+09 | AR56: 2.1425527e+09 | AS56: 2503763970 | AT56: 2.0252578e+09 | AU56: 2.3376935e+09 | AV56: 1873431310 | AW56: 1.7181322e+09 | AX56: 2.1392806e+09 | AY56: 2.1014583e+09 | AZ56: 1.9554995e+09 | BA56: 2.2015819e+09 | BB56: 1.8112682e+09 | BC56: 1.6621023e+09 | BD56: 2.1531939e+09 | BE56: 2018417900 | BF56: 1.9775741e+09 | BG56: 1463395925 | BH56: 1.8411365e+09 | BI56: 2.0006114e+09
A57: MQGA | B57: 1.3604686e+09 | C57: 1.3507837e+09 | D57: 1.3466914e+09 | E57: 1.3580576e+09 | F57: 1.3590648e+09 | G57: 1354137820 | H57: 1.3471458e+09 | I57: 1.3432213e+09 | J57: 1.359209e+09 | K57: 1343195000 | L57: 1.3662561e+09 | M57: 1.3498898e+09 | N57: 1.3604586e+09 | O57: 1.350805e+09 | P57: 1.3513611e+09 | Q57: 1.3508602e+09 | R57: 1357252100 | S57: 1.3479856e+09 | T57: 1.344777e+09 | U57: 1.3538881e+09 | V57: 1.5546171e+09 | W57: 1568403645 | X57: 1.5457074e+09 | Y57: 1.5457862e+09 | Z57: 1.5624191e+09 | AA57: 1544492345 | AB57: 1.5598659e+09 | AC57: 1.5372712e+09 | AD57: 1.5421272e+09 | AE57: 1.5392582e+09 | AF57: 1.535942e+09 | AG57: 1546145550 | AH57: 1.6056426e+09 | AI57: 1.5455143e+09 | AJ57: 1.5633801e+09 | AK57: 1.5653657e+09 | AL57: 1.5475279e+09 | AM57: 1547663920 | AN57: 1.5464527e+09 | AO57: 1.5545811e+09 | AP57: 1.7256087e+09 | AQ57: 1.7359739e+09 | AR57: 1.7485551e+09 | AS57: 1.7286887e+09 | AT57: 1.713482e+09 | AU57: 1.7190664e+09 | AV57: 1.788342e+09 | AW57: 1.725139e+09 | AX57: 1.7530382e+09 | AY57: 1.7380772e+09 | AZ57: 1.7628503e+09 | BA57: 1.7165253e+09 | BB57: 1.8024708e+09 | BC57: 1.768893e+09 | BD57: 1.733362e+09 | BE57: 1.8040538e+09 | BF57: 1685801760 | BG57: 1.7101767e+09 | BH57: 1.6894379e+09 | BI57: 1719710330
A58: Greedy | B58: 1.3392802e+09 | C58: 1451556205 | D58: 1.3320773e+09 | E58: 1251192820 | F58: 1.9470777e+09 | G58: 1.248328e+09 | H58: 1.849576e+09 | I58: 1.4278079e+09 | J58: 1.3457128e+09 | K58: 1.3163405e+09 | L58: 1.6155748e+09 | M58: 1457206320 | N58: 1.3471073e+09 | O58: 1.4415736e+09 | P58: 1429366740 | Q58: 1790691360 | R58: 1.509753e+09 | S58: 2.0671085e+09 | T58: 1358690670 | U58: 1.3400968e+09 | V58: 2.4820364e+09 | W58: 1.8152294e+09 | X58: 1.9075329e+09 | Y58: 1.5658116e+09 | Z58: 1.4701444e+09 | AA58: 2.1477213e+09 | AB58: 1.5751596e+09 | AC58: 1.5468791e+09 | AD58: 1.5852023e+09 | AE58: 1.4627229e+09 | AF58: 1.6936016e+09 | AG58: 1.5224706e+09 | AH58: 1.9642403e+09 | AI58: 1.6391143e+09 | AJ58: 1578801585 | AK58: 1.7288606e+09 | AL58: 1.7977131e+09 | AM58: 1.8499989e+09 | AN58: 1.8743676e+09 | AO58: 1919086020 | AP58: 1.9477583e+09 | AQ58: 1.8999427e+09 | AR58: 1.9080846e+09 | AS58: 1.8144268e+09 | AT58: 1983672275 | AU58: 1.6444574e+09 | AV58: 2.0066074e+09 | AW58: 1842501025 | AX58: 1.5655379e+09 | AY58: 1830808205 | AZ58: 1901503590 | BA58: 2027198585 | BB58: 1.6473963e+09 | BC58: 1869338010 | BD58: 2048059780 | BE58: 1.880578e+09 | BF58: 1.7577069e+09 | BG58: 1.6477175e+09 | BH58: 1572986460 | BI58: 1.5743067e+09
A59: MOPSO | B59: 1433362660 | C59: 1448275460 | D59: 1.4210465e+09 | E59: 1.4228672e+09 | F59: 1360424360 | G59: 1.3660635e+09 | H59: 1.5889761e+09 | I59: 1.3652521e+09 | J59: 1359602540 | K59: 1373115940 | L59: 1346083105 | M59: 1.3729748e+09 | N59: 1.3645029e+09 | O59: 1.3564108e+09 | P59: 1449221835 | Q59: 1.4253969e+09 | R59: 1429314960 | S59: 1.4498724e+09 | T59: 1.3600016e+09 | U59: 1.4265825e+09 | V59: 1.6582095e+09 | W59: 1.7711246e+09 | X59: 1.6531544e+09 | Y59: 1566655480 | Z59: 1584748480 | AA59: 1.5956411e+09 | AB59: 1576935700 | AC59: 1.6241968e+09 | AD59: 1651436445 | AE59: 1.7471381e+09 | AF59: 1.6099696e+09 | AG59: 1.7086904e+09 | AH59: 1.6933253e+09 | AI59: 1.5705351e+09 | AJ59: 1.5745525e+09 | AK59: 1.6477076e+09 | AL59: 1.6723276e+09 | AM59: 1.5730828e+09 | AN59: 1.5767663e+09 | AO59: 1.6012613e+09 | AP59: 1.7872475e+09 | AQ59: 1.9776962e+09 | AR59: 2.0285757e+09 | AS59: 1.8418984e+09 | AT59: 1917127310 | AU59: 1.8305904e+09 | AV59: 1972770575 | AW59: 1.896703e+09 | AX59: 1.9621339e+09 | AY59: 1845654165 | AZ59: 1.8116921e+09 | BA59: 1.7824639e+09 | BB59: 1.8667728e+09 | BC59: 1.8446081e+09 | BD59: 1.96391e+09 | BE59: 1.8489177e+09 | BF59: 1940268180 | BG59: 1.8852548e+09 | BH59: 2.0571327e+09 | BI59: 1.9300349e+09
A60: RL | B60: 1.4345699e+09 | C60: 1.3537224e+09 | D60: 1350991000 | E60: 1.4437311e+09 | F60: 1.4269836e+09 | G60: 1.2591632e+09 | H60: 1329709480 | I60: 1.4053371e+09 | J60: 1500019315 | K60: 1.3475736e+09 | L60: 1.35506e+09 | M60: 1.3230438e+09 | N60: 1.3521816e+09 | O60: 1.2555451e+09 | P60: 1437457740 | Q60: 1.4301517e+09 | R60: 1346198300 | S60: 1.4621771e+09 | T60: 1.3636344e+09 | U60: 1.4249617e+09 | V60: 2.1785028e+09 | W60: 1.7421055e+09 | X60: 2.0371444e+09 | Y60: 1.510423e+09 | Z60: 1.4021736e+09 | AA60: 1.4538211e+09 | AB60: 1.7676036e+09 | AC60: 1934897785 | AD60: 1.6573072e+09 | AE60: 1.7620767e+09 | AF60: 1.5510705e+09 | AG60: 2.1178256e+09 | AH60: 1.7481437e+09 | AI60: 1.4469571e+09 | AJ60: 2.2432807e+09 | AK60: 1.508938e+09 | AL60: 1.5347713e+09 | AM60: 1.8389022e+09 | AN60: 1.5284436e+09 | AO60: 1.6669912e+09 | AP60: 1.5759107e+09 | AQ60: 1.7074829e+09 | AR60: 1.7711098e+09 | AS60: 2.2473673e+09 | AT60: 1.8231757e+09 | AU60: 1.7466068e+09 | AV60: 1.9553962e+09 | AW60: 1909219885 | AX60: 2.3873318e+09 | AY60: 1.629589e+09 | AZ60: 1.87515e+09 | BA60: 1.9359015e+09 | BB60: 1.5612057e+09 | BC60: 2.2978858e+09 | BD60: 2.2112173e+09 | BE60: 1.8879435e+09 | BF60: 1.7382805e+09 | BG60: 1703292720 | BH60: 1.8286415e+09 | BI60: 1752263950

Sheet Makespan
A1: Algorithm | B1: Load | C1: Average | D1: Min | E1: Max | F1: Std Dev
A2: QUEST | B2: 1 | C2: 1136360.8 | D2: 1114817 | E2: 1222316 | F2: 32918.676
A3: QUEST | B3: 2 | C3: 1225334.1 | D3: 1177970 | E3: 1336484 | F3: 47215.444
A4: QUEST | B4: 3 | C4: 1242820.5 | D4: 1129720 | E4: 1335124 | F4: 53896.238
A5: QUEST_NDVFS | B5: 1 | C5: 1123188.1 | D5: 1112777 | E5: 1226275 | F5: 24760.876
A6: QUEST_NDVFS | B6: 2 | C6: 1270395.6 | D6: 1176896 | E6: 1409397 | F6: 52822.867
A7: QUEST_NDVFS | B7: 3 | C7: 1218447.7 | D7: 1115715 | E7: 1384500 | F7: 70090.391
A8: Fuzzy | B8: 1 | C8: 1113666.1 | D8: 1113632 | E8: 1113690 | F8: 16.156346
A9: Fuzzy | B9: 2 | C9: 1181680.3 | D9: 1181638 | E9: 1181717 | F9: 22.882526
A10: Fuzzy | B10: 3 | C10: 1111605.9 | D10: 1111578 | E10: 1111634 | F10: 16.686147
A11: NSGA3 | B11: 1 | C11: 1294983.2 | D11: 1218382 | E11: 1507870 | F11: 83207.22
A12: NSGA3 | B12: 2 | C12: 1496014.4 | D12: 1245675 | E12: 2125860 | F12: 224475.15
A13: NSGA3 | B13: 3 | C13: 1719146.1 | D13: 1227399 | E13: 2171707 | F13: 249374.16
... A25: RL | B25: 3 | C25: 1605627.4 | D25: 1329835 | E25: 2088720 | F25: 214250.83
A28: Summary by Algorithm
A29: QUEST | C29: 1201505.1 | D29: 1114817 | E29: 1336484 | F29: 65157.014
A30: QUEST_NDVFS | C30: 1204010.4 | D30: 1112777 | E30: 1409397 | F30: 80547.505
A31: Fuzzy | C31: 1135650.8 | D31: 1111578 | E31: 1181717 | F31: 32558.667
A32: NSGA3 | C32: 1503381.2 | D32: 1218382 | E32: 2171707 | F32: 264284.24
A33: MQGA | C33: 1352250.9 | D33: 1206003 | E33: 1526258 | F33: 102310.18
A34: Greedy | C34: 1498815.2 | D34: 1118717 | E34: 2256046 | F34: 222761.75
A35: MOPSO | C35: 1457971.2 | D35: 1222225 | E35: 1766461 | F35: 150366.14
A36: RL | C36: 1474581.6 | D36: 1145021 | E36: 2088720 | F36: 239059.18
A39: Average data for chart
A40: Algorithms | B40: 1 | C40: 2 | D40: 3
A41: QUEST | B41: 1136360.8 | C41: 1225334.1 | D41: 1242820.5
A42: QUEST_NDVFS | B42: 1123188.1 | C42: 1270395.6 | D42: 1218447.7
A43: Fuzzy | B43: 1113666.1 | C43: 1181680.3 | D43: 1111605.9
A44: NSGA3 | B44: 1294983.2 | C44: 1496014.4 | D44: 1719146.1
A45: MQGA | B45: 1221345.5 | C45: 1369898.8 | D45: 1465508.3
A46: Greedy | B46: 1369452.8 | C46: 1576353.1 | D46: 1550639.7
A47: MOPSO | B47: 1288624.1 | C47: 1464479.9 | D47: 1620809.6
A48: RL | B48: 1268530.8 | C48: 1549586.6 | D48: 1605627.4
A51: All data for chart
A52: Algorithms | B52: 1 | C52: 1 | D52: 1 | E52: 1 | F52: 1 | G52: 1 | H52: 1 | I52: 1 | J52: 1 | K52: 1 | L52: 1 | M52: 1 | N52: 1 | O52: 1 | P52: 1 | Q52: 1 | R52: 1 | S52: 1 | T52: 1 | U52: 1 | V52: 2 | W52: 2 | X52: 2 | Y52: 2 | Z52: 2 | AA52: 2 | AB52: 2 | AC52: 2 | AD52: 2 | AE52: 2 | AF52: 2 | AG52: 2 | AH52: 2 | AI52: 2 | AJ52: 2 | AK52: 2 | AL52: 2 | AM52: 2 | AN52: 2 | AO52: 2 | AP52: 3 | AQ52: 3 | AR52: 3 | AS52: 3 | AT52: 3 | AU52: 3 | AV52: 3 | AW52: 3 | AX52: 3 | AY52: 3 | AZ52: 3 | BA52: 3 | BB52: 3 | BC52: 3 | BD52: 3 | BE52: 3 | BF52: 3 | BG52: 3 | BH52: 3 | BI52: 3
A53: QUEST | B53: 1119644 | C53: 1119887 | D53: 1207316 | E53: 1117563 | F53: 1114817 | G53: 1121948 | H53: 1120936 | I53: 1120326 | J53: 1119258 | K53: 1119550 | L53: 1121255 | M53: 1205385 | N53: 1120978 | O53: 1120288 | P53: 1118173 | Q53: 1118889 | R53: 1149273 | S53: 1122299 | T53: 1147114 | U53: 1222316 | V53: 1185155 | W53: 1296820 | X53: 1247974 | Y53: 1244750 | Z53: 1181388 | AA53: 1296697 | AB53: 1222283 | AC53: 1224133 | AD53: 1251891 | AE53: 1181259 | AF53: 1182647 | AG53: 1177970 | AH53: 1179016 | AI53: 1336484 | AJ53: 1271643 | AK53: 1178932 | AL53: 1228976 | AM53: 1181129 | AN53: 1184323 | AO53: 1253211 | AP53: 1247969 | AQ53: 1222541 | AR53: 1232807 | AS53: 1205841 | AT53: 1318565 | AU53: 1223104 | AV53: 1234810 | AW53: 1221211 | AX53: 1221920 | AY53: 1185691 | AZ53: 1220423 | BA53: 1319944 | BB53: 1254550 | BC53: 1206779 | BD53: 1319588 | BE53: 1197826 | BF53: 1129720 | BG53: 1334223 | BH53: 1335124 | BI53: 1223774
A54: QUEST_NDVFS | B54: 1117783 | C54: 1116878 | D54: 1113616 | E54: 1113662 | F54: 1117826 | G54: 1117760 | H54: 1226275 | I54: 1112777 | J54: 1117797 | K54: 1114680 | L54: 1116871 | M54: 1113799 | N54: 1116915 | O54: 1148787 | P54: 1114710 | Q54: 1116763 | R54: 1117718 | S54: 1117683 | T54: 1113692 | U54: 1117769 | V54: 1244147 | W54: 1241203 | X54: 1179885 | Y54: 1308226 | Z54: 1291382 | AA54: 1292183 | AB54: 1409397 | AC54: 1294764 | AD54: 1291341 | AE54: 1290488 | AF54: 1246551 | AG54: 1176896 | AH54: 1245741 | AI54: 1177920 | AJ54: 1266854 | AK54: 1309028 | AL54: 1295293 | AM54: 1247394 | AN54: 1307876 | AO54: 1291343 | AP54: 1372580 | AQ54: 1128658 | AR54: 1213861 | AS54: 1115715 | AT54: 1203566 | AU54: 1215475 | AV54: 1206515 | AW54: 1206761 | AX54: 1225486 | AY54: 1384500 | AZ54: 1203917 | BA54: 1230894 | BB54: 1224072 | BC54: 1227360 | BD54: 1116479 | BE54: 1227166 | BF54: 1116655 | BG54: 1232178 | BH54: 1297342 | BI54: 1219774
A55: Fuzzy | B55: 1113664 | C55: 1113649 | D55: 1113685 | E55: 1113661 | F55: 1113677 | G55: 1113632 | H55: 1113651 | I55: 1113638 | J55: 1113663 | K55: 1113670 | L55: 1113683 | M55: 1113673 | N55: 1113690 | O55: 1113686 | P55: 1113678 | Q55: 1113666 | R55: 1113678 | S55: 1113664 | T55: 1113673 | U55: 1113642 | V55: 1181684 | W55: 1181676 | X55: 1181699 | Y55: 1181689 | Z55: 1181640 | AA55: 1181665 | AB55: 1181644 | AC55: 1181661 | AD55: 1181699 | AE55: 1181685 | AF55: 1181685 | AG55: 1181686 | AH55: 1181638 | AI55: 1181652 | AJ55: 1181710 | AK55: 1181705 | AL55: 1181697 | AM55: 1181698 | AN55: 1181717 | AO55: 1181676 | AP55: 1111623 | AQ55: 1111613 | AR55: 1111602 | AS55: 1111578 | AT55: 1111624 | AU55: 1111589 | AV55: 1111634 | AW55: 1111589 | AX55: 1111594 | AY55: 1111601 | AZ55: 1111614 | BA55: 1111589 | BB55: 1111590 | BC55: 1111603 | BD55: 1111606 | BE55: 1111628 | BF55: 1111619 | BG55: 1111582 | BH55: 1111606 | BI55: 1111633
A56: NSGA3 | B56: 1343107 | C56: 1507870 | D56: 1316906 | E56: 1316960 | F56: 1239510 | G56: 1222121 | H56: 1250582 | I56: 1227216 | J56: 1316837 | K56: 1266280 | L56: 1315932 | M56: 1221276 | N56: 1228297 | O56: 1219995 | P56: 1218382 | Q56: 1252139 | R56: 1410349 | S56: 1250341 | T56: 1294385 | U56: 1481180 | V56: 1245675 | W56: 1364508 | X56: 1247863 | Y56: 1309020 | Z56: 1294452 | AA56: 1551427 | AB56: 1643423 | AC56: 1293457 | AD56: 1591560 | AE56: 1406380 | AF56: 1631715 | AG56: 1924388 | AH56: 2125860 | AI56: 1375639 | AJ56: 1343442 | AK56: 1586418 | AL56: 1712789 | AM56: 1443273 | AN56: 1417986 | AO56: 1411013 | AP56: 1301315 | AQ56: 2108421 | AR56: 1863313 | AS56: 2171707 | AT56: 1760682 | AU56: 2030650 | AV56: 1597765 | AW56: 1431554 | AX56: 1833407 | AY56: 1842732 | AZ56: 1689903 | BA56: 1928834 | BB56: 1524401 | BC56: 1403537 | BD56: 1883509 | BE56: 1722861 | BF56: 1716595 | BG56: 1227399 | BH56: 1595093 | BI56: 1749244
A57: MQGA | B57: 1240338 | C57: 1217263 | D57: 1222086 | E57: 1225292 | F57: 1218287 | G57: 1219170 | H57: 1222101 | I57: 1217310 | J57: 1222106 | K57: 1226270 | L57: 1220320 | M57: 1218352 | N57: 1226459 | O57: 1221356 | P57: 1220318 | Q57: 1220317 | R57: 1217226 | S57: 1206003 | T57: 1226321 | U57: 1220015 | V57: 1354414 | W57: 1371598 | X57: 1380626 | Y57: 1364504 | Z57: 1409346 | AA57: 1355226 | AB57: 1359739 | AC57: 1382771 | AD57: 1375766 | AE57: 1367980 | AF57: 1367797 | AG57: 1375847 | AH57: 1398387 | AI57: 1347859 | AJ57: 1381444 | AK57: 1381468 | AL57: 1350139 | AM57: 1363697 | AN57: 1344883 | AO57: 1364485 | AP57: 1470132 | AQ57: 1487167 | AR57: 1465072 | AS57: 1470794 | AT57: 1416787 | AU57: 1454959 | AV57: 1488652 | AW57: 1466388 | AX57: 1457142 | AY57: 1464822 | AZ57: 1478202 | BA57: 1422071 | BB57: 1526258 | BC57: 1497234 | BD57: 1483875 | BE57: 1486496 | BF57: 1413989 | BG57: 1422558 | BH57: 1446756 | BI57: 1490812
A58: Greedy | B58: 1218218 | C58: 1334496 | D58: 1221374 | E58: 1146838 | F58: 1807225 | G58: 1118717 | H58: 1714582 | I58: 1334485 | J58: 1221372 | K58: 1208282 | L58: 1480999 | M58: 1334492 | N58: 1225329 | O58: 1318892 | P58: 1320704 | Q58: 1656343 | R58: 1379098 | S58: 1913196 | T58: 1229174 | U58: 1205240 | V58: 2256046 | W58: 1619072 | X58: 1703450 | Y58: 1410185 | Z58: 1294728 | AA58: 1962679 | AB58: 1406408 | AC58: 1407264 | AD58: 1408511 | AE58: 1290728 | AF58: 1518858 | AG58: 1381855 | AH58: 1784924 | AI58: 1472326 | AJ58: 1406381 | AK58: 1531390 | AL58: 1586698 | AM58: 1665103 | AN58: 1694657 | AO58: 1725799 | AP58: 1691243 | AQ58: 1606738 | AR58: 1656931 | AS58: 1531723 | AT58: 1691478 | AU58: 1384612 | AV58: 1738982 | AW58: 1564729 | AX58: 1332113 | AY58: 1539644 | AZ58: 1604953 | BA58: 1758121 | BB58: 1427299 | BC58: 1596461 | BD58: 1770256 | BE58: 1610604 | BF58: 1455618 | BG58: 1389781 | BH58: 1328270 | BI58: 1333238
A59: MOPSO | B59: 1316750 | C59: 1316745 | D59: 1316894 | E59: 1316884 | F59: 1238599 | G59: 1240274 | H59: 1477432 | I59: 1254190 | J59: 1253393 | K59: 1250532 | L59: 1222225 | M59: 1244005 | N59: 1236627 | O59: 1230129 | P59: 1322829 | Q59: 1320592 | R59: 1316914 | S59: 1329780 | T59: 1233203 | U59: 1334484 | V59: 1478503 | W59: 1596722 | X59: 1499137 | Y59: 1410207 | Z59: 1406436 | AA59: 1438771 | AB59: 1406731 | AC59: 1456633 | AD59: 1449222 | AE59: 1590723 | AF59: 1449106 | AG59: 1526082 | AH59: 1508697 | AI59: 1407180 | AJ59: 1407306 | AK59: 1473861 | AL59: 1515851 | AM59: 1433640 | AN59: 1407168 | AO59: 1427623 | AP59: 1485859 | AQ59: 1666295 | AR59: 1750288 | AS59: 1560592 | AT59: 1616879 | AU59: 1560917 | AV59: 1684566 | AW59: 1619218 | AX59: 1687827 | AY59: 1548059 | AZ59: 1560518 | BA59: 1487634 | BB59: 1613420 | BC59: 1596104 | BD59: 1709124 | BE59: 1578817 | BF59: 1682183 | BG59: 1599144 | BH59: 1766461 | BI59: 1642287
A60: RL | B60: 1331553 | C60: 1230226 | D60: 1221123 | E60: 1333733 | F60: 1329808 | G60: 1145021 | H60: 1231055 | I60: 1316940 | J60: 1356975 | K60: 1253442 | L60: 1237362 | M60: 1227270 | N60: 1239510 | O60: 1145964 | P60: 1332788 | Q60: 1316705 | R60: 1221327 | S60: 1330842 | T60: 1237412 | U60: 1331559 | V60: 1991147 | W60: 1561518 | X60: 1829695 | Y60: 1334036 | Z60: 1222851 | AA60: 1242474 | AB60: 1606272 | AC60: 1720694 | AD60: 1477241 | AE60: 1585143 | AF60: 1409377 | AG60: 1913682 | AH60: 1571764 | AI60: 1291415 | AJ60: 2026837 | AK60: 1337871 | AL60: 1364442 | AM60: 1637866 | AN60: 1378950 | AO60: 1488456 | AP60: 1331214 | AQ60: 1468717 | AR60: 1522006 | AS60: 1955328 | AT60: 1552237 | AU60: 1480582 | AV60: 1692999 | AW60: 1615833 | AX60: 2088720 | AY60: 1380470 | AZ60: 1593608 | BA60: 1648655 | BB60: 1329835 | BC60: 2011701 | BD60: 1874601 | BE60: 1631563 | BF60: 1489094 | BG60: 1413941 | BH60: 1547159 | BI60: 1484284

Sheet Success Rate
A1: Algorithm | B1: Load | C1: Average | D1: Min | E1: Max | F1: Std Dev
A2: QUEST | B2: 1 | C2: 1 | D2: TRUE | E2: TRUE | F2: 0
A3: QUEST | B3: 2 | C3: 1 | D3: TRUE | E3: TRUE | F3: 0
A4: QUEST | B4: 3 | C4: 1 | D4: TRUE | E4: TRUE | F4: 0
A5: QUEST_NDVFS | B5: 1 | C5: 1 | D5: TRUE | E5: TRUE | F5: 0
A6: QUEST_NDVFS | B6: 2 | C6: 1 | D6: TRUE | E6: TRUE | F6: 0
A7: QUEST_NDVFS | B7: 3 | C7: 1 | D7: TRUE | E7: TRUE | F7: 0
A8: Fuzzy | B8: 1 | C8: 1 | D8: TRUE | E8: TRUE | F8: 0
A9: Fuzzy | B9: 2 | C9: 1 | D9: TRUE | E9: TRUE | F9: 0
A10: Fuzzy | B10: 3 | C10: 1 | D10: TRUE | E10: TRUE | F10: 0
A11: NSGA3 | B11: 1 | C11: 1 | D11: TRUE | E11: TRUE | F11: 0
A12: NSGA3 | B12: 2 | C12: 0.95 | D12: FALSE | E12: TRUE | F12: 0.21794495
A13: NSGA3 | B13: 3 | C13: 1 | D13: TRUE | E13: TRUE | F13: 0
... A25: RL | B25: 3 | C25: 1 | D25: TRUE | E25: TRUE | F25: 0
A28: Summary by Algorithm
A29: QUEST | C29: 1 | D29: TRUE | E29: TRUE | F29: 0
A30: QUEST_NDVFS | C30: 1 | D30: TRUE | E30: TRUE | F30: 0
A31: Fuzzy | C31: 1 | D31: TRUE | E31: TRUE | F31: 0
A32: NSGA3 | C32: 0.98333333 | D32: FALSE | E32: TRUE | F32: 0.1280191
A33: MQGA | C33: 1 | D33: TRUE | E33: TRUE | F33: 0
A34: Greedy | C34: 0.95 | D34: FALSE | E34: TRUE | F34: 0.21794495
A35: MOPSO | C35: 1 | D35: TRUE | E35: TRUE | F35: 0
A36: RL | C36: 0.98333333 | D36: FALSE | E36: TRUE | F36: 0.1280191
A39: Average data for chart
A40: Algorithms | B40: 1 | C40: 2 | D40: 3
A41: QUEST | B41: 1 | C41: 1 | D41: 1
A42: QUEST_NDVFS | B42: 1 | C42: 1 | D42: 1
A43: Fuzzy | B43: 1 | C43: 1 | D43: 1
A44: NSGA3 | B44: 1 | C44: 0.95 | D44: 1
A45: MQGA | B45: 1 | C45: 1 | D45: 1
A46: Greedy | B46: 0.9 | C46: 0.95 | D46: 1
A47: MOPSO | B47: 1 | C47: 1 | D47: 1
A48: RL | B48: 1 | C48: 0.95 | D48: 1
A51: All data for chart
A52: Algorithms | B52: 1 | C52: 1 | D52: 1 | E52: 1 | F52: 1 | G52: 1 | H52: 1 | I52: 1 | J52: 1 | K52: 1 | L52: 1 | M52: 1 | N52: 1 | O52: 1 | P52: 1 | Q52: 1 | R52: 1 | S52: 1 | T52: 1 | U52: 1 | V52: 2 | W52: 2 | X52: 2 | Y52: 2 | Z52: 2 | AA52: 2 | AB52: 2 | AC52: 2 | AD52: 2 | AE52: 2 | AF52: 2 | AG52: 2 | AH52: 2 | AI52: 2 | AJ52: 2 | AK52: 2 | AL52: 2 | AM52: 2 | AN52: 2 | AO52: 2 | AP52: 3 | AQ52: 3 | AR52: 3 | AS52: 3 | AT52: 3 | AU52: 3 | AV52: 3 | AW52: 3 | AX52: 3 | AY52: 3 | AZ52: 3 | BA52: 3 | BB52: 3 | BC52: 3 | BD52: 3 | BE52: 3 | BF52: 3 | BG52: 3 | BH52: 3 | BI52: 3
A53: QUEST | B53: TRUE | C53: TRUE | D53: TRUE | E53: TRUE | F53: TRUE | G53: TRUE | H53: TRUE | I53: TRUE | J53: TRUE | K53: TRUE | L53: TRUE | M53: TRUE | N53: TRUE | O53: TRUE | P53: TRUE | Q53: TRUE | R53: TRUE | S53: TRUE | T53: TRUE | U53: TRUE | V53: TRUE | W53: TRUE | X53: TRUE | Y53: TRUE | Z53: TRUE | AA53: TRUE | AB53: TRUE | AC53: TRUE | AD53: TRUE | AE53: TRUE | AF53: TRUE | AG53: TRUE | AH53: TRUE | AI53: TRUE | AJ53: TRUE | AK53: TRUE | AL53: TRUE | AM53: TRUE | AN53: TRUE | AO53: TRUE | AP53: TRUE | AQ53: TRUE | AR53: TRUE | AS53: TRUE | AT53: TRUE | AU53: TRUE | AV53: TRUE | AW53: TRUE | AX53: TRUE | AY53: TRUE | AZ53: TRUE | BA53: TRUE | BB53: TRUE | BC53: TRUE | BD53: TRUE | BE53: TRUE | BF53: TRUE | BG53: TRUE | BH53: TRUE | BI53: TRUE
A54: QUEST_NDVFS | B54: TRUE | C54: TRUE | D54: TRUE | E54: TRUE | F54: TRUE | G54: TRUE | H54: TRUE | I54: TRUE | J54: TRUE | K54: TRUE | L54: TRUE | M54: TRUE | N54: TRUE | O54: TRUE | P54: TRUE | Q54: TRUE | R54: TRUE | S54: TRUE | T54: TRUE | U54: TRUE | V54: TRUE | W54: TRUE | X54: TRUE | Y54: TRUE | Z54: TRUE | AA54: TRUE | AB54: TRUE | AC54: TRUE | AD54: TRUE | AE54: TRUE | AF54: TRUE | AG54: TRUE | AH54: TRUE | AI54: TRUE | AJ54: TRUE | AK54: TRUE | AL54: TRUE | AM54: TRUE | AN54: TRUE | AO54: TRUE | AP54: TRUE | AQ54: TRUE | AR54: TRUE | AS54: TRUE | AT54: TRUE | AU54: TRUE | AV54: TRUE | AW54: TRUE | AX54: TRUE | AY54: TRUE | AZ54: TRUE | BA54: TRUE | BB54: TRUE | BC54: TRUE | BD54: TRUE | BE54: TRUE | BF54: TRUE | BG54: TRUE | BH54: TRUE | BI54: TRUE
A55: Fuzzy | B55: TRUE | C55: TRUE | D55: TRUE | E55: TRUE | F55: TRUE | G55: TRUE | H55: TRUE | I55: TRUE | J55: TRUE | K55: TRUE | L55: TRUE | M55: TRUE | N55: TRUE | O55: TRUE | P55: TRUE | Q55: TRUE | R55: TRUE | S55: TRUE | T55: TRUE | U55: TRUE | V55: TRUE | W55: TRUE | X55: TRUE | Y55: TRUE | Z55: TRUE | AA55: TRUE | AB55: TRUE | AC55: TRUE | AD55: TRUE | AE55: TRUE | AF55: TRUE | AG55: TRUE | AH55: TRUE | AI55: TRUE | AJ55: TRUE | AK55: TRUE | AL55: TRUE | AM55: TRUE | AN55: TRUE | AO55: TRUE | AP55: TRUE | AQ55: TRUE | AR55: TRUE | AS55: TRUE | AT55: TRUE | AU55: TRUE | AV55: TRUE | AW55: TRUE | AX55: TRUE | AY55: TRUE | AZ55: TRUE | BA55: TRUE | BB55: TRUE | BC55: TRUE | BD55: TRUE | BE55: TRUE | BF55: TRUE | BG55: TRUE | BH55: TRUE | BI55: TRUE
A56: NSGA3 | B56: TRUE | C56: TRUE | D56: TRUE | E56: TRUE | F56: TRUE | G56: TRUE | H56: TRUE | I56: TRUE | J56: TRUE | K56: TRUE | L56: TRUE | M56: TRUE | N56: TRUE | O56: TRUE | P56: TRUE | Q56: TRUE | R56: TRUE | S56: TRUE | T56: TRUE | U56: TRUE | V56: TRUE | W56: TRUE | X56: TRUE | Y56: TRUE | Z56: TRUE | AA56: TRUE | AB56: TRUE | AC56: TRUE | AD56: TRUE | AE56: TRUE | AF56: TRUE | AG56: TRUE | AH56: FALSE | AI56: TRUE | AJ56: TRUE | AK56: TRUE | AL56: TRUE | AM56: TRUE | AN56: TRUE | AO56: TRUE | AP56: TRUE | AQ56: TRUE | AR56: TRUE | AS56: TRUE | AT56: TRUE | AU56: TRUE | AV56: TRUE | AW56: TRUE | AX56: TRUE | AY56: TRUE | AZ56: TRUE | BA56: TRUE | BB56: TRUE | BC56: TRUE | BD56: TRUE | BE56: TRUE | BF56: TRUE | BG56: TRUE | BH56: TRUE | BI56: TRUE
A57: MQGA | B57: TRUE | C57: TRUE | D57: TRUE | E57: TRUE | F57: TRUE | G57: TRUE | H57: TRUE | I57: TRUE | J57: TRUE | K57: TRUE | L57: TRUE | M57: TRUE | N57: TRUE | O57: TRUE | P57: TRUE | Q57: TRUE | R57: TRUE | S57: TRUE | T57: TRUE | U57: TRUE | V57: TRUE | W57: TRUE | X57: TRUE | Y57: TRUE | Z57: TRUE | AA57: TRUE | AB57: TRUE | AC57: TRUE | AD57: TRUE | AE57: TRUE | AF57: TRUE | AG57: TRUE | AH57: TRUE | AI57: TRUE | AJ57: TRUE | AK57: TRUE | AL57: TRUE | AM57: TRUE | AN57: TRUE | AO57: TRUE | AP57: TRUE | AQ57: TRUE | AR57: TRUE | AS57: TRUE | AT57: TRUE | AU57: TRUE | AV57: TRUE | AW57: TRUE | AX57: TRUE | AY57: TRUE | AZ57: TRUE | BA57: TRUE | BB57: TRUE | BC57: TRUE | BD57: TRUE | BE57: TRUE | BF57: TRUE | BG57: TRUE | BH57: TRUE | BI57: TRUE
A58: Greedy | B58: TRUE | C58: TRUE | D58: TRUE | E58: TRUE | F58: FALSE | G58: TRUE | H58: FALSE | I58: TRUE | J58: TRUE | K58: TRUE | L58: TRUE | M58: TRUE | N58: TRUE | O58: TRUE | P58: TRUE | Q58: TRUE | R58: TRUE | S58: TRUE | T58: TRUE | U58: TRUE | V58: FALSE | W58: TRUE | X58: TRUE | Y58: TRUE | Z58: TRUE | AA58: TRUE | AB58: TRUE | AC58: TRUE | AD58: TRUE | AE58: TRUE | AF58: TRUE | AG58: TRUE | AH58: TRUE | AI58: TRUE | AJ58: TRUE | AK58: TRUE | AL58: TRUE | AM58: TRUE | AN58: TRUE | AO58: TRUE | AP58: TRUE | AQ58: TRUE | AR58: TRUE | AS58: TRUE | AT58: TRUE | AU58: TRUE | AV58: TRUE | AW58: TRUE | AX58: TRUE | AY58: TRUE | AZ58: TRUE | BA58: TRUE | BB58: TRUE | BC58: TRUE | BD58: TRUE | BE58: TRUE | BF58: TRUE | BG58: TRUE | BH58: TRUE | BI58: TRUE
A59: MOPSO | B59: TRUE | C59: TRUE | D59: TRUE | E59: TRUE | F59: TRUE | G59: TRUE | H59: TRUE | I59: TRUE | J59: TRUE | K59: TRUE | L59: TRUE | M59: TRUE | N59: TRUE | O59: TRUE | P59: TRUE | Q59: TRUE | R59: TRUE | S59: TRUE | T59: TRUE | U59: TRUE | V59: TRUE | W59: TRUE | X59: TRUE | Y59: TRUE | Z59: TRUE | AA59: TRUE | AB59: TRUE | AC59: TRUE | AD59: TRUE | AE59: TRUE | AF59: TRUE | AG59: TRUE | AH59: TRUE | AI59: TRUE | AJ59: TRUE | AK59: TRUE | AL59: TRUE | AM59: TRUE | AN59: TRUE | AO59: TRUE | AP59: TRUE | AQ59: TRUE | AR59: TRUE | AS59: TRUE | AT59: TRUE | AU59: TRUE | AV59: TRUE | AW59: TRUE | AX59: TRUE | AY59: TRUE | AZ59: TRUE | BA59: TRUE | BB59: TRUE | BC59: TRUE | BD59: TRUE | BE59: TRUE | BF59: TRUE | BG59: TRUE | BH59: TRUE | BI59: TRUE
A60: RL | B60: TRUE | C60: TRUE | D60: TRUE | E60: TRUE | F60: TRUE | G60: TRUE | H60: TRUE | I60: TRUE | J60: TRUE | K60: TRUE | L60: TRUE | M60: TRUE | N60: TRUE | O60: TRUE | P60: TRUE | Q60: TRUE | R60: TRUE | S60: TRUE | T60: TRUE | U60: TRUE | V60: FALSE | W60: TRUE | X60: TRUE | Y60: TRUE | Z60: TRUE | AA60: TRUE | AB60: TRUE | AC60: TRUE | AD60: TRUE | AE60: TRUE | AF60: TRUE | AG60: TRUE | AH60: TRUE | AI60: TRUE | AJ60: TRUE | AK60: TRUE | AL60: TRUE | AM60: TRUE | AN60: TRUE | AO60: TRUE | AP60: TRUE | AQ60: TRUE | AR60: TRUE | AS60: TRUE | AT60: TRUE | AU60: TRUE | AV60: TRUE | AW60: TRUE | AX60: TRUE | AY60: TRUE | AZ60: TRUE | BA60: TRUE | BB60: TRUE | BC60: TRUE | BD60: TRUE | BE60: TRUE | BF60: TRUE | BG60: TRUE | BH60: TRUE | BI60: TRUE

Sheet Load Edge
A1: Algorithm | B1: Load | C1: Average | D1: Min | E1: Max | F1: Std Dev
A2: QUEST | B2: 1 | C2: 136626.8 | D2: 125456.96 | E2: 145695.08 | F2: 5404.3847
A3: QUEST | B3: 2 | C3: 251654.88 | D3: 230540.82 | E3: 274398.44 | F3: 13543.37
A4: QUEST | B4: 3 | C4: 489395.88 | D4: 461859.52 | E4: 519219.04 | F4: 16014.607
A5: QUEST_NDVFS | B5: 1 | C5: 109914.47 | D5: 100209.4 | E5: 114227.62 | F5: 4152.1455
A6: QUEST_NDVFS | B6: 2 | C6: 195894.44 | D6: 181008.16 | E6: 206942.42 | F6: 8163.2262
A7: QUEST_NDVFS | B7: 3 | C7: 371127.28 | D7: 352780.98 | E7: 386030.88 | F7: 9266.137
A8: Fuzzy | B8: 1 | C8: 110368.96 | D8: 110368.96 | E8: 110368.96 | F8: 0
A9: Fuzzy | B9: 2 | C9: 196938.5 | D9: 196938.5 | E9: 196938.5 | F9: 0
A10: Fuzzy | B10: 3 | C10: 375230.84 | D10: 375230.84 | E10: 375230.84 | F10: 0
A11: NSGA3 | B11: 1 | C11: 117783.55 | D11: 103491.3 | E11: 128616.48 | F11: 7011.422
A12: NSGA3 | B12: 2 | C12: 212262.49 | D12: 186149.72 | E12: 224504.96 | F12: 9329.2113
A13: NSGA3 | B13: 3 | C13: 379475.01 | D13: 363509.08 | E13: 392438.66 | F13: 6953.9459
... A25: RL | B25: 3 | C25: 375332.7 | D25: 360105.94 | E25: 390137.5 | F25: 10026.484
A28: Summary by Algorithm
A29: QUEST | C29: 292559.19 | D29: 125456.96 | E29: 519219.04 | F29: 147424.39
A30: QUEST_NDVFS | C30: 225645.4 | D30: 100209.4 | E30: 386030.88 | F30: 108954.86
A31: Fuzzy | C31: 227512.77 | D31: 110368.96 | E31: 375230.84 | F31: 110269.5
A32: NSGA3 | C32: 236507.02 | D32: 103491.3 | E32: 392438.66 | F32: 108485.73
A33: MQGA | C33: 233403.94 | D33: 104750 | E33: 388233.78 | F33: 108113.59
A34: Greedy | C34: 235800.53 | D34: 105949.58 | E34: 396504.94 | F34: 107666.6
A35: MOPSO | C35: 235251.75 | D35: 107942.12 | E35: 386070.84 | F35: 105011.6
A36: RL | C36: 235196.62 | D36: 108377.32 | E36: 390137.5 | F36: 106177.64
A39: Average data for chart
A40: Algorithms | B40: 1 | C40: 2 | D40: 3
A41: QUEST | B41: 136626.8 | C41: 251654.88 | D41: 489395.88
A42: QUEST_NDVFS | B42: 109914.47 | C42: 195894.44 | D42: 371127.28
A43: Fuzzy | B43: 110368.96 | C43: 196938.5 | D43: 375230.84
A44: NSGA3 | B44: 117783.55 | C44: 212262.49 | D44: 379475.01
A45: MQGA | B45: 115120.25 | C45: 209033 | D45: 376058.58
A46: Greedy | B46: 117914.35 | C46: 211858.2 | D46: 377629.05
A47: MOPSO | B47: 119853.26 | C47: 212470.25 | D47: 373431.75
A48: RL | B48: 119283.92 | C48: 210973.23 | D48: 375332.7
A51: All data for chart
A52: Algorithms | B52: 1 | C52: 1 | D52: 1 | E52: 1 | F52: 1 | G52: 1 | H52: 1 | I52: 1 | J52: 1 | K52: 1 | L52: 1 | M52: 1 | N52: 1 | O52: 1 | P52: 1 | Q52: 1 | R52: 1 | S52: 1 | T52: 1 | U52: 1 | V52: 2 | W52: 2 | X52: 2 | Y52: 2 | Z52: 2 | AA52: 2 | AB52: 2 | AC52: 2 | AD52: 2 | AE52: 2 | AF52: 2 | AG52: 2 | AH52: 2 | AI52: 2 | AJ52: 2 | AK52: 2 | AL52: 2 | AM52: 2 | AN52: 2 | AO52: 2 | AP52: 3 | AQ52: 3 | AR52: 3 | AS52: 3 | AT52: 3 | AU52: 3 | AV52: 3 | AW52: 3 | AX52: 3 | AY52: 3 | AZ52: 3 | BA52: 3 | BB52: 3 | BC52: 3 | BD52: 3 | BE52: 3 | BF52: 3 | BG52: 3 | BH52: 3 | BI52: 3
A53: QUEST | B53: 141523.6 | C53: 142375.16 | D53: 130247.74 | E53: 139833.14 | F53: 139098.14 | G53: 139525.62 | H53: 129979.84 | I53: 128593.58 | J53: 137802.44 | K53: 139224.3 | L53: 133449.86 | M53: 135857.06 | N53: 125456.96 | O53: 140268.04 | P53: 141146.04 | Q53: 138253.66 | R53: 131284.86 | S53: 142036.88 | T53: 130884.06 | U53: 145695.08 | V53: 243202.04 | W53: 274398.44 | X53: 261011.2 | Y53: 254290.9 | Z53: 242191.54 | AA53: 269359.1 | AB53: 230790.12 | AC53: 241999.42 | AD53: 270557.56 | AE53: 253725.6 | AF53: 238084.14 | AG53: 254947.76 | AH53: 230540.82 | AI53: 268628.68 | AJ53: 251676.04 | AK53: 255294.86 | AL53: 231928.94 | AM53: 242727.48 | AN53: 249465.44 | AO53: 268277.52 | AP53: 509719 | AQ53: 481608.82 | AR53: 514869.58 | AS53: 469531.54 | AT53: 488709.6 | AU53: 471829.94 | AV53: 498921.26 | AW53: 490168.26 | AX53: 481068.94 | AY53: 500666.5 | AZ53: 493069.04 | BA53: 507684.6 | BB53: 494164.42 | BC53: 461859.52 | BD53: 519219.04 | BE53: 465269.24 | BF53: 473361.42 | BG53: 496788.04 | BH53: 490145.64 | BI53: 479263.2
A54: QUEST_NDVFS | B54: 102952.14 | C54: 113015.86 | D54: 108030.94 | E54: 114227.62 | F54: 113512.76 | G54: 113039.66 | H54: 113823.12 | I54: 112497.02 | J54: 107723.56 | K54: 107710.7 | L54: 113572.96 | M54: 103322.98 | N54: 108990.92 | O54: 109522.1 | P54: 112660.58 | Q54: 112646.48 | R54: 112695.1 | S54: 104941.88 | T54: 113193.68 | U54: 100209.4 | V54: 205769.58 | W54: 198489.5 | X54: 199144.96 | Y54: 181008.16 | Z54: 199255.54 | AA54: 195137.78 | AB54: 191202.32 | AC54: 206894.64 | AD54: 198164.8 | AE54: 193027.8 | AF54: 204196.18 | AG54: 182803 | AH54: 201552.3 | AI54: 188857.96 | AJ54: 182585.9 | AK54: 189690.9 | AL54: 188769.4 | AM54: 206942.42 | AN54: 197817.98 | AO54: 206577.6 | AP54: 352780.98 | AQ54: 365070.8 | AR54: 384731.58 | AS54: 384322.52 | AT54: 359653.94 | AU54: 381447.92 | AV54: 368731.44 | AW54: 371497.24 | AX54: 364198.24 | AY54: 361134.16 | AZ54: 378473.7 | BA54: 367530 | BB54: 364957.52 | BC54: 377015.9 | BD54: 378659.94 | BE54: 366388.04 | BF54: 386030.88 | BG54: 360869.06 | BH54: 377958.08 | BI54: 371093.72
A55: Fuzzy | B55: 110368.96 | C55: 110368.96 | D55: 110368.96 | E55: 110368.96 | F55: 110368.96 | G55: 110368.96 | H55: 110368.96 | I55: 110368.96 | J55: 110368.96 | K55: 110368.96 | L55: 110368.96 | M55: 110368.96 | N55: 110368.96 | O55: 110368.96 | P55: 110368.96 | Q55: 110368.96 | R55: 110368.96 | S55: 110368.96 | T55: 110368.96 | U55: 110368.96 | V55: 196938.5 | W55: 196938.5 | X55: 196938.5 | Y55: 196938.5 | Z55: 196938.5 | AA55: 196938.5 | AB55: 196938.5 | AC55: 196938.5 | AD55: 196938.5 | AE55: 196938.5 | AF55: 196938.5 | AG55: 196938.5 | AH55: 196938.5 | AI55: 196938.5 | AJ55: 196938.5 | AK55: 196938.5 | AL55: 196938.5 | AM55: 196938.5 | AN55: 196938.5 | AO55: 196938.5 | AP55: 375230.84 | AQ55: 375230.84 | AR55: 375230.84 | AS55: 375230.84 | AT55: 375230.84 | AU55: 375230.84 | AV55: 375230.84 | AW55: 375230.84 | AX55: 375230.84 | AY55: 375230.84 | AZ55: 375230.84 | BA55: 375230.84 | BB55: 375230.84 | BC55: 375230.84 | BD55: 375230.84 | BE55: 375230.84 | BF55: 375230.84 | BG55: 375230.84 | BH55: 375230.84 | BI55: 375230.84
A56: NSGA3 | B56: 120040.16 | C56: 112666.12 | D56: 111632.14 | E56: 122841.08 | F56: 109766.96 | G56: 119291.02 | H56: 126772.82 | I56: 118602.02 | J56: 124305.48 | K56: 128616.48 | L56: 120257.76 | M56: 103491.3 | N56: 119607.3 | O56: 120986.86 | P56: 106932.88 | Q56: 121020.12 | R56: 122026.92 | S56: 122137.94 | T56: 104209.76 | U56: 120465.8 | V56: 211353.9 | W56: 209822.94 | X56: 217771.46 | Y56: 192804.76 | Z56: 207075.08 | AA56: 209771.84 | AB56: 212012.2 | AC56: 219435.7 | AD56: 223037.76 | AE56: 224504.96 | AF56: 218617.88 | AG56: 212177.26 | AH56: 210355.84 | AI56: 216973.3 | AJ56: 186149.72 | AK56: 223678.56 | AL56: 207044.92 | AM56: 217805.56 | AN56: 216781.74 | AO56: 208074.52 | AP56: 366071.88 | AQ56: 383402.88 | AR56: 379884.24 | AS56: 376597.98 | AT56: 389089.44 | AU56: 381545.18 | AV56: 384576 | AW56: 363509.08 | AX56: 379765.92 | AY56: 383181.92 | AZ56: 388080.8 | BA56: 375711.46 | BB56: 381526.78 | BC56: 376551.46 | BD56: 375567.8 | BE56: 380968.46 | BF56: 377327.94 | BG56: 382649.36 | BH56: 371052.98 | BI56: 392438.66
A57: MQGA | B57: 119869.62 | C57: 109533.82 | D57: 118925.28 | E57: 116917.28 | F57: 114844.2 | G57: 116305.52 | H57: 118705.28 | I57: 118551.08 | J57: 105434.18 | K57: 120887.2 | L57: 113468.14 | M57: 117046.2 | N57: 116255.46 | O57: 107054.2 | P57: 104750 | Q57: 117423.2 | R57: 115021.56 | S57: 114320.08 | T57: 120505.04 | U57: 116587.66 | V57: 198345.7 | W57: 208735.64 | X57: 195461.46 | Y57: 203105.24 | Z57: 220865.92 | AA57: 210909.68 | AB57: 208606.5 | AC57: 220243.48 | AD57: 217208.22 | AE57: 210390.06 | AF57: 207086.64 | AG57: 215856.96 | AH57: 206843.12 | AI57: 209105.58 | AJ57: 213270.88 | AK57: 203183.02 | AL57: 209194.98 | AM57: 212686.04 | AN57: 208097.22 | AO57: 201463.66 | AP57: 376999.02 | AQ57: 382698.38 | AR57: 381683.88 | AS57: 388233.78 | AT57: 376767.22 | AU57: 374591.54 | AV57: 368288.4 | AW57: 387975.6 | AX57: 378041.78 | AY57: 364630.48 | AZ57: 381512.94 | BA57: 372476.6 | BB57: 359144.64 | BC57: 367335.72 | BD57: 370710.22 | BE57: 364371.04 | BF57: 384186.2 | BG57: 379865.18 | BH57: 375659.76 | BI57: 385999.12
A58: Greedy | B58: 105949.58 | C58: 121578.76 | D58: 108688 | E58: 117678.34 | F58: 120964.86 | G58: 116640.18 | H58: 121253.06 | I58: 127869.86 | J58: 118984.28 | K58: 122923.92 | L58: 111907.44 | M58: 120522.14 | N58: 119664.52 | O58: 115182.24 | P58: 123897.08 | Q58: 120832.14 | R58: 118626.1 | S58: 111519.92 | T58: 117410.5 | U58: 116194 | V58: 205592.66 | W58: 212092.86 | X58: 205264.9 | Y58: 212492.68 | Z58: 214133.98 | AA58: 218407.02 | AB58: 216916.96 | AC58: 224101.58 | AD58: 214481.26 | AE58: 214840.94 | AF58: 216543.46 | AG58: 201572.72 | AH58: 218060.96 | AI58: 217695.86 | AJ58: 196157.24 | AK58: 204314.78 | AL58: 208045.88 | AM58: 205411.46 | AN58: 217059.68 | AO58: 213977.06 | AP58: 379215.34 | AQ58: 380765.82 | AR58: 391780.48 | AS58: 366629.92 | AT58: 381491.8 | AU58: 362651.7 | AV58: 372514.72 | AW58: 378782.86 | AX58: 382149.46 | AY58: 371926.88 | AZ58: 378885.76 | BA58: 356345.72 | BB58: 396504.94 | BC58: 360124.88 | BD58: 385788.6 | BE58: 386121.34 | BF58: 371444.2 | BG58: 368393.12 | BH58: 390103.16 | BI58: 390960.26
A59: MOPSO | B59: 121870.16 | C59: 118140.66 | D59: 124986.58 | E59: 124064.04 | F59: 119785.4 | G59: 118811.18 | H59: 117811.6 | I59: 122632.12 | J59: 123837.32 | K59: 119715.16 | L59: 119015 | M59: 118053.4 | N59: 118142.86 | O59: 112377.12 | P59: 113276.3 | Q59: 124743.2 | R59: 122554.42 | S59: 121130.52 | T59: 107942.12 | U59: 128175.94 | V59: 214799.88 | W59: 217033.56 | X59: 221527.8 | Y59: 220030.7 | Z59: 214527.04 | AA59: 185125.58 | AB59: 216556.96 | AC59: 217361.48 | AD59: 208607.96 | AE59: 215746.58 | AF59: 205345.82 | AG59: 204745.16 | AH59: 213970.72 | AI59: 218273.78 | AJ59: 217201.64 | AK59: 205184.26 | AL59: 220713.3 | AM59: 214459.9 | AN59: 216225.02 | AO59: 201967.8 | AP59: 377510.98 | AQ59: 365094.38 | AR59: 372225.68 | AS59: 373497.14 | AT59: 373780.96 | AU59: 368005.44 | AV59: 369935.06 | AW59: 384003.88 | AX59: 353671.3 | AY59: 378987.7 | AZ59: 378880.42 | BA59: 378795.48 | BB59: 373870.76 | BC59: 361398.66 | BD59: 380789.74 | BE59: 386070.84 | BF59: 381334.86 | BG59: 366617.12 | BH59: 376051.62 | BI59: 368113
A60: RL | B60: 125306.8 | C60: 108412.52 | D60: 117600.08 | E60: 123486.58 | F60: 126859.94 | G60: 120770.48 | H60: 112779.32 | I60: 121039.52 | J60: 115436.98 | K60: 126857.26 | L60: 120804.88 | M60: 115638.9 | N60: 108377.32 | O60: 111071.02 | P60: 125016.22 | Q60: 122661.14 | R60: 118851.22 | S60: 118213.28 | T60: 118674.3 | U60: 127820.66 | V60: 218113.3 | W60: 202573.9 | X60: 211475.42 | Y60: 214284.38 | Z60: 212334.5 | AA60: 204259.36 | AB60: 220770.56 | AC60: 208588.4 | AD60: 214796.68 | AE60: 207000.18 | AF60: 215967.9 | AG60: 203105.98 | AH60: 216294.04 | AI60: 210840.16 | AJ60: 210461.16 | AK60: 204273.06 | AL60: 216002.32 | AM60: 211160.38 | AN60: 211421.1 | AO60: 205741.8 | AP60: 390137.5 | AQ60: 380969.8 | AR60: 362228.02 | AS60: 373323.8 | AT60: 375246.84 | AU60: 362600.18 | AV60: 388849.98 | AW60: 374853.52 | AX60: 372299.32 | AY60: 389158.88 | AZ60: 383186.32 | BA60: 363494.08 | BB60: 362171.88 | BC60: 375466.64 | BD60: 365232.72 | BE60: 390108.74 | BF60: 384558.4 | BG60: 379801.08 | BH60: 372860.4 | BI60: 360105.94

Sheet Load Cloud
A1: Algorithm | B1: Load | C1: Average | D1: Min | E1: Max | F1: Std Dev
A2: QUEST | B2: 1 | C2: 193357.45 | D2: 0 | E2: 575500 | F2: 237450.28
A3: QUEST | B3: 2 | C3: 469023.7 | D3: 0 | E3: 1703052 | F3: 479337.66
A4: QUEST | B4: 3 | C4: 779522.95 | D4: 0 | E4: 1700504 | F4: 590826.53
A5: QUEST_NDVFS | B5: 1 | C5: 167899.85 | D5: 0 | E5: 581076 | F5: 198721.02
A6: QUEST_NDVFS | B6: 2 | C6: 487956.7 | D6: 0 | E6: 1298085 | F6: 390417
A7: QUEST_NDVFS | B7: 3 | C7: 588908 | D7: 0 | E7: 1157885 | F7: 361939.69
A8: Fuzzy | B8: 1 | C8: 0 | D8: 0 | E8: 0 | F8: 0
A9: Fuzzy | B9: 2 | C9: 0 | D9: 0 | E9: 0 | F9: 0
A10: Fuzzy | B10: 3 | C10: 15700 | D10: 15700 | E10: 15700 | F10: 0
A11: NSGA3 | B11: 1 | C11: 164442.1 | D11: 0 | E11: 794668 | F11: 258089.37
A12: NSGA3 | B12: 2 | C12: 202531.25 | D12: 0 | E12: 1341184 | F12: 359919.31
A13: NSGA3 | B13: 3 | C13: 267378.85 | D13: 0 | E13: 877400 | F13: 285610.42
... A25: RL | B25: 3 | C25: 443807.45 | D25: 0 | E25: 1283418 | F25: 403392.74
A28: Summary by Algorithm
A29: QUEST | C29: 480634.7 | D29: 0 | E29: 1703052 | F29: 518722.93
A30: QUEST_NDVFS | C30: 414921.52 | D30: 0 | E30: 1298085 | F30: 373961.21
A31: Fuzzy | C31: 5233.3333 | D31: 0 | E31: 15700 | F31: 7401.051
A32: NSGA3 | C32: 211450.73 | D32: 0 | E32: 1341184 | F32: 307214.73
A33: MQGA | C33: 196970.32 | D33: 0 | E33: 1028276 | F33: 274854.88
A34: Greedy | C34: 212347.5 | D34: 0 | E34: 1311410 | F34: 318228.35
A35: MOPSO | C35: 242805.93 | D35: 0 | E35: 1439401 | F35: 342484.73
A36: RL | C36: 249543.25 | D36: 0 | E36: 1283418 | F36: 318870.08
A39: Average data for chart
A40: Algorithms | B40: 1 | C40: 2 | D40: 3
A41: QUEST | B41: 193357.45 | C41: 469023.7 | D41: 779522.95
A42: QUEST_NDVFS | B42: 167899.85 | C42: 487956.7 | D42: 588908
A43: Fuzzy | B43: 0 | C43: 0 | D43: 15700
A44: NSGA3 | B44: 164442.1 | C44: 202531.25 | D44: 267378.85
A45: MQGA | B45: 85806.05 | C45: 162233.95 | D45: 342870.95
A46: Greedy | B46: 109648.6 | C46: 162081.5 | D46: 365312.4
A47: MOPSO | B47: 63710.2 | C47: 209932 | D47: 454775.6
A48: RL | B48: 137936.65 | C48: 166885.65 | D48: 443807.45
A51: All data for chart
A52: Algorithms | B52: 1 | C52: 1 | D52: 1 | E52: 1 | F52: 1 | G52: 1 | H52: 1 | I52: 1 | J52: 1 | K52: 1 | L52: 1 | M52: 1 | N52: 1 | O52: 1 | P52: 1 | Q52: 1 | R52: 1 | S52: 1 | T52: 1 | U52: 1 | V52: 2 | W52: 2 | X52: 2 | Y52: 2 | Z52: 2 | AA52: 2 | AB52: 2 | AC52: 2 | AD52: 2 | AE52: 2 | AF52: 2 | AG52: 2 | AH52: 2 | AI52: 2 | AJ52: 2 | AK52: 2 | AL52: 2 | AM52: 2 | AN52: 2 | AO52: 2 | AP52: 3 | AQ52: 3 | AR52: 3 | AS52: 3 | AT52: 3 | AU52: 3 | AV52: 3 | AW52: 3 | AX52: 3 | AY52: 3 | AZ52: 3 | BA52: 3 | BB52: 3 | BC52: 3 | BD52: 3 | BE52: 3 | BF52: 3 | BG52: 3 | BH52: 3 | BI52: 3
A53: QUEST | B53: 0 | C53: 22463 | D53: 575500 | E53: 22188 | F53: 0 | G53: 0 | H53: 404150 | I53: 529676 | J53: 0 | K53: 6788 | L53: 456450 | M53: 319513 | N53: 557398 | O53: 0 | P53: 0 | Q53: 0 | R53: 437813 | S53: 0 | T53: 535210 | U53: 0 | V53: 547613 | W53: 4275 | X53: 0 | Y53: 639853 | Z53: 530675 | AA53: 36726 | AB53: 1394521 | AC53: 924264 | AD53: 6600 | AE53: 23000 | AF53: 589136 | AG53: 7100 | AH53: 945736 | AI53: 498463 | AJ53: 593175 | AK53: 0 | AL53: 1703052 | AM53: 574409 | AN53: 361876 | AO53: 0 | AP53: 11457 | AQ53: 432254 | AR53: 5313 | AS53: 1340208 | AT53: 1700504 | AU53: 1407723 | AV53: 561738 | AW53: 320613 | AX53: 842476 | AY53: 22575 | AZ53: 389310 | BA53: 1089226 | BB53: 497075 | BC53: 1574864 | BD53: 389750 | BE53: 952048 | BF53: 0 | BG53: 1667614 | BH53: 1639601 | BI53: 746110
A54: QUEST_NDVFS | B54: 495525 | C54: 14642 | D54: 254750 | E54: 0 | F54: 4525 | G54: 14684 | H54: 14792 | I54: 0 | J54: 291875 | K54: 276742 | L54: 0 | M54: 495525 | N54: 254750 | O54: 213009 | P54: 4109 | Q54: 4809 | R54: 4525 | S54: 432659 | T54: 0 | U54: 581076 | V54: 0 | W54: 402767 | X54: 237525 | Y54: 1298085 | Z54: 334567 | AA54: 534950 | AB54: 724125 | AC54: 0 | AD54: 417025 | AE54: 661884 | AF54: 0 | AG54: 984426 | AH54: 241934 | AI54: 750309 | AJ54: 1150509 | AK54: 741226 | AL54: 863959 | AM54: 8342 | AN54: 402767 | AO54: 4734 | AP54: 898192 | AQ54: 870284 | AR54: 3842 | AS54: 0 | AT54: 753427 | AU54: 256067 | AV54: 766459 | AW54: 809042 | AX54: 801719 | AY54: 887751 | AZ54: 332735 | BA54: 761435 | BB54: 1019735 | BC54: 453334 | BD54: 19684 | BE54: 691135 | BF54: 0 | BG54: 1157885 | BH54: 432867 | BI54: 862567
A55: Fuzzy | B55: 0 | C55: 0 | D55: 0 | E55: 0 | F55: 0 | G55: 0 | H55: 0 | I55: 0 | J55: 0 | K55: 0 | L55: 0 | M55: 0 | N55: 0 | O55: 0 | P55: 0 | Q55: 0 | R55: 0 | S55: 0 | T55: 0 | U55: 0 | V55: 0 | W55: 0 | X55: 0 | Y55: 0 | Z55: 0 | AA55: 0 | AB55: 0 | AC55: 0 | AD55: 0 | AE55: 0 | AF55: 0 | AG55: 0 | AH55: 0 | AI55: 0 | AJ55: 0 | AK55: 0 | AL55: 0 | AM55: 0 | AN55: 0 | AO55: 0 | AP55: 15700 | AQ55: 15700 | AR55: 15700 | AS55: 15700 | AT55: 15700 | AU55: 15700 | AV55: 15700 | AW55: 15700 | AX55: 15700 | AY55: 15700 | AZ55: 15700 | BA55: 15700 | BB55: 15700 | BC55: 15700 | BD55: 15700 | BE55: 15700 | BF55: 15700 | BG55: 15700 | BH55: 15700 | BI55: 15700
A56: NSGA3 | B56: 0 | C56: 432659 | D56: 526368 | E56: 4109 | F56: 348659 | G56: 0 | H56: 4042 | I56: 4109 | J56: 14975 | K56: 0 | L56: 0 | M56: 794668 | N56: 0 | O56: 0 | P56: 582285 | Q56: 0 | R56: 0 | S56: 0 | T56: 562284 | U56: 14684 | V56: 0 | W56: 241650 | X56: 0 | Y56: 873768 | Z56: 567368 | AA56: 0 | AB56: 34318 | AC56: 4434 | AD56: 0 | AE56: 0 | AF56: 0 | AG56: 4217 | AH56: 15525 | AI56: 4409 | AJ56: 1341184 | AK56: 4434 | AL56: 402767 | AM56: 4342 | AN56: 0 | AO56: 552209 | AP56: 612935 | AQ56: 0 | AR56: 284659 | AS56: 4284 | AT56: 15300 | AU56: 0 | AV56: 19884 | AW56: 704060 | AX56: 4075 | AY56: 351317 | AZ56: 17176 | BA56: 549309 | BB56: 0 | BC56: 444809 | BD56: 568026 | BE56: 15200 | BF56: 516625 | BG56: 353842 | BH56: 877400 | BI56: 8676
A57: MQGA | B57: 14642 | C57: 291875 | D57: 0 | E57: 0 | F57: 0 | G57: 0 | H57: 4525 | I57: 0 | J57: 425309 | K57: 0 | L57: 4384 | M57: 4459 | N57: 14975 | O57: 437043 | P57: 514800 | Q57: 0 | R57: 0 | S57: 4109 | T57: 0 | U57: 0 | V57: 417992 | W57: 33634 | X57: 907292 | Y57: 420925 | Z57: 0 | AA57: 15050 | AB57: 0 | AC57: 0 | AD57: 0 | AE57: 226092 | AF57: 393675 | AG57: 15084 | AH57: 15084 | AI57: 0 | AJ57: 4117 | AK57: 397867 | AL57: 0 | AM57: 0 | AN57: 0 | AO57: 397867 | AP57: 485442 | AQ57: 327018 | AR57: 3925 | AS57: 0 | AT57: 50317 | AU57: 489467 | AV57: 396934 | AW57: 0 | AX57: 22776 | AY57: 808351 | AZ57: 4375 | BA57: 251493 | BB57: 1028276 | BC57: 727035 | BD57: 810517 | BE57: 373501 | BF57: 0 | BG57: 18675 | BH57: 662025 | BI57: 397292
A58: Greedy | B58: 567093 | C58: 14642 | D58: 562284 | E58: 227984 | F58: 0 | G58: 0 | H58: 0 | I58: 0 | J58: 0 | K58: 0 | L58: 291875 | M58: 0 | N58: 0 | O58: 213009 | P58: 0 | Q58: 0 | R58: 14642 | S58: 286759 | T58: 14684 | U58: 0 | V58: 226092 | W58: 4075 | X58: 237525 | Y58: 317675 | Z58: 0 | AA58: 0 | AB58: 0 | AC58: 4434 | AD58: 19359 | AE58: 4450 | AF58: 0 | AG58: 908009 | AH58: 0 | AI58: 15225 | AJ58: 814042 | AK58: 273735 | AL58: 4434 | AM58: 412575 | AN58: 0 | AO58: 0 | AP58: 474576 | AQ58: 0 | AR58: 0 | AS58: 656859 | AT58: 15342 | AU58: 994160 | AV58: 655109 | AW58: 222402 | AX58: 443692 | AY58: 356026 | AZ58: 42084 | BA58: 1311410 | BB58: 30492 | BC58: 1051076 | BD58: 18976 | BE58: 20134 | BF58: 229309 | BG58: 780317 | BH58: 0 | BI58: 4284
A59: MOPSO | B59: 0 | C59: 0 | D59: 0 | E59: 19068 | F59: 0 | G59: 0 | H59: 284409 | I59: 0 | J59: 0 | K59: 0 | L59: 4042 | M59: 0 | N59: 4525 | O59: 254750 | P59: 254750 | Q59: 4809 | R59: 15192 | S59: 0 | T59: 432659 | U59: 0 | V59: 4075 | W59: 15334 | X59: 0 | Y59: 0 | Z59: 0 | AA59: 1439401 | AB59: 0 | AC59: 14550 | AD59: 15242 | AE59: 250159 | AF59: 573134 | AG59: 406334 | AH59: 0 | AI59: 0 | AJ59: 4125 | AK59: 456759 | AL59: 15050 | AM59: 412575 | AN59: 20017 | AO59: 571885 | AP59: 0 | AQ59: 480734 | AR59: 562251 | AS59: 401301 | AT59: 218476 | AU59: 746050 | AV59: 527550 | AW59: 33501 | AX59: 1338660 | AY59: 3842 | AZ59: 489467 | BA59: 15300 | BB59: 694351 | BC59: 1248651 | BD59: 435059 | BE59: 7867 | BF59: 367800 | BG59: 650101 | BH59: 284909 | BI59: 589642
A60: RL | B60: 4525 | C60: 446009 | D60: 0 | E60: 8493 | F60: 0 | G60: 0 | H60: 521984 | I60: 323543 | J60: 9334 | K60: 0 | L60: 0 | M60: 432659 | N60: 562284 | O60: 445093 | P60: 0 | Q60: 0 | R60: 0 | S60: 4809 | T60: 0 | U60: 0 | V60: 0 | W60: 530675 | X60: 0 | Y60: 0 | Z60: 4275 | AA60: 15159 | AB60: 0 | AC60: 4450 | AD60: 0 | AE60: 396250 | AF60: 317675 | AG60: 411725 | AH60: 15159 | AI60: 337609 | AJ60: 30243 | AK60: 466859 | AL60: 4125 | AM60: 0 | AN60: 411725 | AO60: 391784 | AP60: 0 | AQ60: 493351 | AR60: 1178077 | AS60: 460275 | AT60: 432426 | AU60: 972268 | AV60: 19701 | AW60: 244418 | AX60: 489617 | AY60: 15000 | AZ60: 14925 | BA60: 786893 | BB60: 1283418 | BC60: 455534 | BD60: 301901 | BE60: 4567 | BF60: 247609 | BG60: 0 | BH60: 420109 | BI60: 1056060

Sheet Loads
A1: Average data for chart
B2: Edge | C2: Edge | D2: Edge | E2: Edge | F2: Edge | G2: Edge | H2: Edge | I2: Edge | J2: Edge | K2: Edge | L2: Edge | M2: Edge | N2: Edge | O2: Edge | P2: Edge | Q2: Edge | R2: Edge | S2: Edge | T2: Edge | U2: Edge | V2: Edge | W2: Edge | X2: Edge | Y2: Edge | Z2: Edge | AA2: Edge | AB2: Edge | AC2: Edge | AD2: Edge | AE2: Edge | AF2: Edge | AG2: Edge | AH2: Edge | AI2: Edge | AJ2: Edge | AK2: Edge | AL2: Edge | AM2: Edge | AN2: Edge | AO2: Edge | AP2: Edge | AQ2: Edge | AR2: Edge | AS2: Edge | AT2: Edge | AU2: Edge | AV2: Edge | AW2: Edge | AX2: Edge | AY2: Edge | AZ2: Cloud | BA2: Edge | BB2: Edge | BC2: Edge | BD2: Edge | BE2: Edge | BF2: Edge | BG2: Edge | BH2: Edge | BI2: Edge | BJ2: Edge | BK2: Edge | BL2: Edge | BM2: Edge | BN2: Edge | BO2: Edge | BP2: Edge | BQ2: Edge | BR2: Edge | BS2: Edge | BT2: Edge | BU2: Edge | BV2: Edge | BW2: Edge | BX2: Edge | BY2: Edge | BZ2: Edge | CA2: Edge | CB2: Edge | CC2: Edge | CD2: Edge | CE2: Edge | CF2: Edge | CG2: Edge | CH2: Edge | CI2: Edge | CJ2: Edge | CK2: Edge | CL2: Edge | CM2: Edge | CN2: Edge | CO2: Edge | CP2: Edge | CQ2: Edge | CR2: Edge | CS2: Edge | CT2: Edge | CU2: Edge | CV2: Edge | CW2: Edge | CX2: Edge | CY2: Cloud | CZ2: Edge | DA2: Edge | DB2: Edge | DC2: Edge | DD2: Edge | DE2: Edge | DF2: Edge | DG2: Edge | DH2: Edge | DI2: Edge | DJ2: Edge | DK2: Edge | DL2: Edge | DM2: Edge | DN2: Edge | DO2: Edge | DP2: Edge | DQ2: Edge | DR2: Edge | DS2: Edge | DT2: Edge | DU2: Edge | DV2: Edge | DW2: Edge | DX2: Edge | DY2: Edge | DZ2: Edge | EA2: Edge | EB2: Edge | EC2: Edge | ED2: Edge | EE2: Edge | EF2: Edge | EG2: Edge | EH2: Edge | EI2: Edge | EJ2: Edge | EK2: Edge | EL2: Edge | EM2: Edge | EN2: Edge | EO2: Edge | EP2: Edge | EQ2: Edge | ER2: Edge | ES2: Edge | ET2: Edge | EU2: Edge | EV2: Edge | EW2: Edge | EX2: Cloud
B3: 1 | C3: 1 | D3: 1 | E3: 1 | F3: 1 | G3: 1 | H3: 1 | I3: 1 | J3: 1 | K3: 1 | L3: 1 | M3: 1 | N3: 1 | O3: 1 | P3: 1 | Q3: 1 | R3: 1 | S3: 1 | T3: 1 | U3: 1 | V3: 1 | W3: 1 | X3: 1 | Y3: 1 | Z3: 1 | AA3: 1 | AB3: 1 | AC3: 1 | AD3: 1 | AE3: 1 | AF3: 1 | AG3: 1 | AH3: 1 | AI3: 1 | AJ3: 1 | AK3: 1 | AL3: 1 | AM3: 1 | AN3: 1 | AO3: 1 | AP3: 1 | AQ3: 1 | AR3: 1 | AS3: 1 | AT3: 1 | AU3: 1 | AV3: 1 | AW3: 1 | AX3: 1 | AY3: 1 | AZ3: 1 | BA3: 2 | BB3: 2 | BC3: 2 | BD3: 2 | BE3: 2 | BF3: 2 | BG3: 2 | BH3: 2 | BI3: 2 | BJ3: 2 | BK3: 2 | BL3: 2 | BM3: 2 | BN3: 2 | BO3: 2 | BP3: 2 | BQ3: 2 | BR3: 2 | BS3: 2 | BT3: 2 | BU3: 2 | BV3: 2 | BW3: 2 | BX3: 2 | BY3: 2 | BZ3: 2 | CA3: 2 | CB3: 2 | CC3: 2 | CD3: 2 | CE3: 2 | CF3: 2 | CG3: 2 | CH3: 2 | CI3: 2 | CJ3: 2 | CK3: 2 | CL3: 2 | CM3: 2 | CN3: 2 | CO3: 2 | CP3: 2 | CQ3: 2 | CR3: 2 | CS3: 2 | CT3: 2 | CU3: 2 | CV3: 2 | CW3: 2 | CX3: 2 | CY3: 2 | CZ3: 3 | DA3: 3 | DB3: 3 | DC3: 3 | DD3: 3 | DE3: 3 | DF3: 3 | DG3: 3 | DH3: 3 | DI3: 3 | DJ3: 3 | DK3: 3 | DL3: 3 | DM3: 3 | DN3: 3 | DO3: 3 | DP3: 3 | DQ3: 3 | DR3: 3 | DS3: 3 | DT3: 3 | DU3: 3 | DV3: 3 | DW3: 3 | DX3: 3 | DY3: 3 | DZ3: 3 | EA3: 3 | EB3: 3 | EC3: 3 | ED3: 3 | EE3: 3 | EF3: 3 | EG3: 3 | EH3: 3 | EI3: 3 | EJ3: 3 | EK3: 3 | EL3: 3 | EM3: 3 | EN3: 3 | EO3: 3 | EP3: 3 | EQ3: 3 | ER3: 3 | ES3: 3 | ET3: 3 | EU3: 3 | EV3: 3 | EW3: 3 | EX3: 3
A4: Algorithms | B4: 1 | C4: 2 | D4: 3 | E4: 4 | F4: 5 | G4: 6 | H4: 7 | I4: 8 | J4: 9 | K4: 10 | L4: 11 | M4: 12 | N4: 13 | O4: 14 | P4: 15 | Q4: 16 | R4: 17 | S4: 18 | T4: 19 | U4: 20 | V4: 21 | W4: 22 | X4: 23 | Y4: 24 | Z4: 25 | AA4: 26 | AB4: 27 | AC4: 28 | AD4: 29 | AE4: 30 | AF4: 31 | AG4: 32 | AH4: 33 | AI4: 34 | AJ4: 35 | AK4: 36 | AL4: 37 | AM4: 38 | AN4: 39 | AO4: 40 | AP4: 41 | AQ4: 42 | AR4: 43 | AS4: 44 | AT4: 45 | AU4: 46 | AV4: 47 | AW4: 48 | AX4: 49 | AY4: 50 | AZ4: 51 | BA4: 1 | BB4: 2 | BC4: 3 | BD4: 4 | BE4: 5 | BF4: 6 | BG4: 7 | BH4: 8 | BI4: 9 | BJ4: 10 | BK4: 11 | BL4: 12 | BM4: 13 | BN4: 14 | BO4: 15 | BP4: 16 | BQ4: 17 | BR4: 18 | BS4: 19 | BT4: 20 | BU4: 21 | BV4: 22 | BW4: 23 | BX4: 24 | BY4: 25 | BZ4: 26 | CA4: 27 | CB4: 28 | CC4: 29 | CD4: 30 | CE4: 31 | CF4: 32 | CG4: 33 | CH4: 34 | CI4: 35 | CJ4: 36 | CK4: 37 | CL4: 38 | CM4: 39 | CN4: 40 | CO4: 41 | CP4: 42 | CQ4: 43 | CR4: 44 | CS4: 45 | CT4: 46 | CU4: 47 | CV4: 48 | CW4: 49 | CX4: 50 | CY4: 51 | CZ4: 1 | DA4: 2 | DB4: 3 | DC4: 4 | DD4: 5 | DE4: 6 | DF4: 7 | DG4: 8 | DH4: 9 | DI4: 10 | DJ4: 11 | DK4: 12 | DL4: 13 | DM4: 14 | DN4: 15 | DO4: 16 | DP4: 17 | DQ4: 18 | DR4: 19 | DS4: 20 | DT4: 21 | DU4: 22 | DV4: 23 | DW4: 24 | DX4: 25 | DY4: 26 | DZ4: 27 | EA4: 28 | EB4: 29 | EC4: 30 | ED4: 31 | EE4: 32 | EF4: 33 | EG4: 34 | EH4: 35 | EI4: 36 | EJ4: 37 | EK4: 38 | EL4: 39 | EM4: 40 | EN4: 41 | EO4: 42 | EP4: 43 | EQ4: 44 | ER4: 45 | ES4: 46 | ET4: 47 | EU4: 48 | EV4: 49 | EW4: 50 | EX4: 51
A5: QUEST | B5: 73326.373 | C5: 29562.804 | D5: 127836.86 | E5: 78524.843 | F5: 79502.039 | G5: 90840.843 | H5: 126293.29 | I5: 73314.529 | J5: 114830 | K5: 122161.2 | L5: 65488.824 | M5: 69465.667 | N5: 65285.451 | O5: 95995.667 | P5: 95149.059 | Q5: 158536.08 | R5: 100927.61 | S5: 78137.353 | T5: 128321.9 | U5: 56230.255 | V5: 48793.255 | W5: 71737.824 | X5: 93930.98 | Y5: 61583.118 | Z5: 123488.65 | AA5: 23313.824 | AB5: 12769.667 | AC5: 24696.49 | AD5: 31167.235 | AE5: 12916.255 | AF5: 1005.5882 | AG5: 20530.863 | AH5: 10344.412 | AI5: 32996.745 | AJ5: 26333.608 | AK5: 2554.6275 | AL5: 11596.176 | AM5: 12025.314 | AN5: 22081.02 | AO5: 24466.549 | AP5: 3134.7255 | AQ5: 58787.843 | AR5: 1253.6471 | AS5: 19545.078 | AT5: 21483.843 | AU5: 2006.1765 | AV5: 20157.569 | AW5: 29748.098 | AX5: 12088.176 | AY5: 12688.922 | AZ5: 75826.451 | BA5: 153883.59 | BB5: 113433.57 | BC5: 162641.08 | BD5: 163463.43 | BE5: 130374.69 | BF5: 121594.33 | BG5: 91842.588 | BH5: 122097.71 | BI5: 165614.29 | BJ5: 147454.88 | BK5: 177013.35 | BL5: 159736.06 | BM5: 111852.92 | BN5: 130204.8 | BO5: 168771.1 | BP5: 84470.529 | BQ5: 124214.24 | BR5: 124678.88 | BS5: 105634.12 | BT5: 123311.12 | BU5: 165699 | BV5: 161069.71 | BW5: 149959.45 | BX5: 105870.78 | BY5: 135935.69 | BZ5: 34571.137 | CA5: 49729.039 | CB5: 53426.98 | CC5: 33472.745 | CD5: 38384.059 | CE5: 55440.078 | CF5: 36874.608 | CG5: 105440.49 | CH5: 39674 | CI5: 29235.157 | CJ5: 78274.647 | CK5: 74765.294 | CL5: 42057.588 | CM5: 121793.9 | CN5: 85897.784 | CO5: 66351.667 | CP5: 68551.667 | CQ5: 35489.216 | CR5: 51349.569 | CS5: 67887.431 | CT5: 72799.961 | CU5: 63687.804 | CV5: 60757.549 | CW5: 84158.667 | CX5: 83516.471 | CY5: 183930.86 | CZ5: 175220.27 | DA5: 197953.84 | DB5: 207679.49 | DC5: 145836.78 | DD5: 179502.55 | DE5: 164081.82 | DF5: 199647.75 | DG5: 200326.04 | DH5: 215026.9 | DI5: 196137.82 | DJ5: 143801.37 | DK5: 200060.43 | DL5: 214692.51 | DM5: 147005.61 | DN5: 173310.67 | DO5: 169436.71 | DP5: 135492.04 | DQ5: 176507.2 | DR5: 198358.76 | DS5: 178477.24 | DT5: 210603.2 | DU5: 173089.37 | DV5: 217762.8 | DW5: 132995.37 | DX5: 229000.53 | DY5: 205043.49 | DZ5: 151846.45 | EA5: 200168.31 | EB5: 208969.59 | EC5: 193000.49 | ED5: 215114.84 | EE5: 133366.51 | EF5: 158387.18 | EG5: 210303.73 | EH5: 264517.65 | EI5: 228759.33 | EJ5: 95584.294 | EK5: 168990.18 | EL5: 169655.78 | EM5: 202905.76 | EN5: 219623.39 | EO5: 342824.86 | EP5: 213252.76 | EQ5: 161062.51 | ER5: 168110.51 | ES5: 166732.59 | ET5: 352458.33 | EU5: 183096.71 | EV5: 156809.2 | EW5: 243406.12 | EX5: 305695.27
A6: QUEST_NDVFS | B6: 62883.333 | C6: 38059.137 | D6: 52535.373 | E6: 41527.667 | F6: 83447.353 | G6: 77926.706 | H6: 62200.745 | I6: 111160.45 | J6: 50441.275 | K6: 97712.882 | L6: 65230.157 | M6: 72290 | N6: 92592.137 | O6: 60703.02 | P6: 44518.216 | Q6: 103187.08 | R6: 61949.333 | S6: 124022.43 | T6: 47902.902 | U6: 84009.824 | V6: 72849.588 | W6: 41797.804 | X6: 71000.804 | Y6: 57881.314 | Z6: 125849.55 | AA6: 21740.588 | AB6: 25316.078 | AC6: 7411.3725 | AD6: 1103.3333 | AE6: 5559.0196 | AF6: 25719.608 | AG6: 8509.8039 | AH6: 449.01961 | AI6: 1329.0196 | AJ6: 22884.902 | AK6: 22337.647 | AL6: 29142.157 | AM6: 7397.2549 | AN6: 1567.8431 | AO6: 9315.2941 | AP6: 15259.02 | AQ6: 8698.6275 | AR6: 17314.314 | AS6: 13985.49 | AT6: 8730.1961 | AU6: 34812.353 | AV6: 23993.922 | AW6: 18186.667 | AX6: 11522.353 | AY6: 9220.7843 | AZ6: 65843.078 | BA6: 119090.35 | BB6: 94090.471 | BC6: 106651.45 | BD6: 114236.08 | BE6: 131313.98 | BF6: 126003.76 | BG6: 108012.04 | BH6: 103496.67 | BI6: 126060.67 | BJ6: 80727.549 | BK6: 154189.2 | BL6: 79770.333 | BM6: 136721.22 | BN6: 69120.529 | BO6: 106125.02 | BP6: 91697.549 | BQ6: 115883.37 | BR6: 126131.94 | BS6: 68996.529 | BT6: 118676.45 | BU6: 97562.196 | BV6: 126792.31 | BW6: 125094.14 | BX6: 93912.255 | BY6: 88842.294 | BZ6: 26542.549 | CA6: 22477.255 | CB6: 103829.02 | CC6: 48061.569 | CD6: 84186.667 | CE6: 14754.902 | CF6: 30375.882 | CG6: 66007.647 | CH6: 42077.059 | CI6: 48941.176 | CJ6: 73761.961 | CK6: 42254.118 | CL6: 36750.392 | CM6: 58170.588 | CN6: 11820 | CO6: 40067.843 | CP6: 25127.451 | CQ6: 31409.412 | CR6: 71575.49 | CS6: 23266.275 | CT6: 48803.922 | CU6: 65754.902 | CV6: 52943.333 | CW6: 44289.216 | CX6: 18620.392 | CY6: 191355.57 | CZ6: 121465.25 | DA6: 140516.45 | DB6: 90175.588 | DC6: 124190.24 | DD6: 146133.61 | DE6: 173766.73 | DF6: 134422.39 | DG6: 124604.41 | DH6: 94815.039 | DI6: 149220.71 | DJ6: 156360.39 | DK6: 110707.88 | DL6: 169090.31 | DM6: 184427.88 | DN6: 126278.18 | DO6: 109988.75 | DP6: 173624.29 | DQ6: 120632.47 | DR6: 97751.314 | DS6: 154719.8 | DT6: 146879.41 | DU6: 133135.22 | DV6: 140837.98 | DW6: 143901.75 | DX6: 185146.96 | DY6: 101608.63 | DZ6: 168103.53 | EA6: 152444.51 | EB6: 92287.059 | EC6: 168729.61 | ED6: 173161.37 | EE6: 149198.24 | EF6: 118248.04 | EG6: 155113.53 | EH6: 150950 | EI6: 79352.353 | EJ6: 161169.22 | EK6: 234004.9 | EL6: 163197.45 | EM6: 219569.22 | EN6: 160582.94 | EO6: 151825.69 | EP6: 184743.14 | EQ6: 169774.51 | ER6: 141654.9 | ES6: 151325.29 | ET6: 123012.94 | EU6: 103342.94 | EV6: 189330.78 | EW6: 161481.76 | EX6: 230944.31
A7: Fuzzy | B7: 220503.53 | C7: 204699.61 | D7: 200254.9 | E7: 194323.53 | F7: 174905.49 | G7: 169670.2 | H7: 166787.84 | I7: 136729.02 | J7: 119333.33 | K7: 114460.78 | L7: 112454.51 | M7: 108526.27 | N7: 99901.961 | O7: 83532.941 | P7: 5957.6471 | Q7: 5898.8235 | R7: 5872.549 | S7: 5827.0588 | T7: 5800.7843 | U7: 5758.4314 | V7: 5741.9608 | W7: 1885.8824 | X7: 1833.3333 | Y7: 1774.5098 | Z7: 1748.6275 | AA7: 2062.7451 | AB7: 2062.7451 | AC7: 1952.9412 | AD7: 1933.3333 | AE7: 1901.9608 | AF7: 0 | AG7: 0 | AH7: 0 | AI7: 0 | AJ7: 0 | AK7: 0 | AL7: 0 | AM7: 0 | AN7: 0 | AO7: 0 | AP7: 0 | AQ7: 0 | AR7: 0 | AS7: 0 | AT7: 0 | AU7: 0 | AV7: 0 | AW7: 0 | AX7: 0 | AY7: 0 | AZ7: 0 | BA7: 225258.43 | BB7: 224758.43 | BC7: 216552.55 | BD7: 209778.04 | BE7: 208107.84 | BF7: 201418.43 | BG7: 183114.51 | BH7: 177376.08 | BI7: 161794.12 | BJ7: 161460.78 | BK7: 157947.84 | BL7: 156026.27 | BM7: 155392.16 | BN7: 154382.35 | BO7: 153640.78 | BP7: 140598.04 | BQ7: 128578.43 | BR7: 124722.35 | BS7: 124578.43 | BT7: 123529.41 | BU7: 98101.569 | BV7: 93147.059 | BW7: 88663.529 | BX7: 79892.157 | BY7: 6147.0588 | BZ7: 7305.8824 | CA7: 7215.6863 | CB7: 7172.549 | CC7: 7164.7059 | CD7: 7133.3333 | CE7: 7125.4902 | CF7: 7098.0392 | CG7: 7082.3529 | CH7: 7078.4314 | CI7: 7039.2157 | CJ7: 6847.0588 | CK7: 2227.451 | CL7: 2094.1176 | CM7: 2086.2745 | CN7: 2074.5098 | CO7: 2070.5882 | CP7: 2062.7451 | CQ7: 2043.1373 | CR7: 2011.7647 | CS7: 1984.3137 | CT7: 1941.1765 | CU7: 1941.1765 | CV7: 1937.2549 | CW7: 1917.6471 | CX7: 1917.6471 | CY7: 0 | CZ7: 225222.75 | DA7: 211405.49 | DB7: 207670.2 | DC7: 206846.67 | DD7: 197964.31 | DE7: 190369.41 | DF7: 186496.86 | DG7: 184637.65 | DH7: 184216.08 | DI7: 179768.24 | DJ7: 177817.25 | DK7: 174827.06 | DL7: 172392.16 | DM7: 169967.45 | DN7: 169640.78 | DO7: 169431.37 | DP7: 168882.35 | DQ7: 163552.55 | DR7: 161467.45 | DS7: 156173.33 | DT7: 149392.55 | DU7: 149258.43 | DV7: 148918.43 | DW7: 146866.27 | DX7: 146019.61 | DY7: 173254.9 | DZ7: 168780.39 | EA7: 168607.84 | EB7: 167411.76 | EC7: 166031.37 | ED7: 146933.33 | EE7: 141898.04 | EF7: 137031.37 | EG7: 136772.55 | EH7: 136211.76 | EI7: 136090.2 | EJ7: 134572.55 | EK7: 129572.55 | EL7: 128400 | EM7: 122427.45 | EN7: 118529.41 | EO7: 118368.63 | EP7: 111803.92 | EQ7: 102411.76 | ER7: 98647.059 | ES7: 94976.471 | ET7: 93749.02 | EU7: 9192.1569 | EV7: 9152.9412 | EW7: 7435.2941 | EX7: 6156.8627
A8: NSGA3 | B8: 47272.157 | C8: 61491.471 | D8: 21765.569 | E8: 35811.49 | F8: 36914.176 | G8: 28833.745 | H8: 36488.627 | I8: 56920.824 | J8: 58380.843 | K8: 31531.627 | L8: 71453.706 | M8: 56982.98 | N8: 53733.275 | O8: 42990.941 | P8: 63330.176 | Q8: 27852.549 | R8: 87758.961 | S8: 25988.176 | T8: 19467.216 | U8: 29812.02 | V8: 21402.51 | W8: 43369.882 | X8: 39268.529 | Y8: 24899.118 | Z8: 16612.686 | AA8: 29571.961 | AB8: 82750.784 | AC8: 31379.216 | AD8: 29432.745 | AE8: 53268.627 | AF8: 36627.843 | AG8: 68064.51 | AH8: 59011.961 | AI8: 85089.02 | AJ8: 52325.882 | AK8: 36639.216 | AL8: 25690.784 | AM8: 52278.039 | AN8: 34240.392 | AO8: 36913.725 | AP8: 43611.373 | AQ8: 78457.451 | AR8: 37691.569 | AS8: 46006.667 | AT8: 96703.529 | AU8: 19291.176 | AV8: 37620.196 | AW8: 74194.902 | AX8: 64235.882 | AY8: 58050.588 | AZ8: 64487.098 | BA8: 49993.569 | BB8: 56722.275 | BC8: 111002.61 | BD8: 84007.569 | BE8: 62740.02 | BF8: 87954.039 | BG8: 75048.471 | BH8: 107896.98 | BI8: 85165.961 | BJ8: 38191.098 | BK8: 35254.333 | BL8: 58745.49 | BM8: 101469.43 | BN8: 61066.294 | BO8: 66431.275 | BP8: 73603.549 | BQ8: 58020.059 | BR8: 34164.843 | BS8: 59751.706 | BT8: 121572.35 | BU8: 68894.667 | BV8: 44599.961 | BW8: 86086.51 | BX8: 56551.745 | BY8: 91135.882 | BZ8: 65306.863 | CA8: 86251.961 | CB8: 144080.39 | CC8: 140770.98 | CD8: 83830.98 | CE8: 62145.098 | CF8: 83838.627 | CG8: 113937.45 | CH8: 123907.25 | CI8: 89815.49 | CJ8: 114138.43 | CK8: 70234.902 | CL8: 113916.08 | CM8: 72907.843 | CN8: 109038.04 | CO8: 128880.78 | CP8: 58610.196 | CQ8: 110164.31 | CR8: 92098.824 | CS8: 142103.33 | CT8: 85185.882 | CU8: 64874.314 | CV8: 110883.33 | CW8: 58008.824 | CX8: 61008.824 | CY8: 79424.02 | CZ8: 163042.96 | DA8: 147279.65 | DB8: 165765.45 | DC8: 145623.14 | DD8: 175206.76 | DE8: 66298.314 | DF8: 127569.16 | DG8: 167710.04 | DH8: 200992.92 | DI8: 107451.02 | DJ8: 90685.451 | DK8: 129031.96 | DL8: 138782.61 | DM8: 124708.24 | DN8: 147663.57 | DO8: 143031.73 | DP8: 96868.51 | DQ8: 208898.02 | DR8: 121189.76 | DS8: 145134.67 | DT8: 143360.47 | DU8: 98248.431 | DV8: 148471.24 | DW8: 63994.824 | DX8: 123919.96 | DY8: 117087.25 | DZ8: 172266.27 | EA8: 192017.45 | EB8: 195808.82 | EC8: 115231.18 | ED8: 141709.02 | EE8: 154431.18 | EF8: 119975.88 | EG8: 183309.61 | EH8: 138449.41 | EI8: 156949.02 | EJ8: 174043.33 | EK8: 156363.53 | EL8: 193636.67 | EM8: 228722.55 | EN8: 168824.71 | EO8: 172251.96 | EP8: 142850 | EQ8: 210907.25 | ER8: 114918.04 | ES8: 151801.96 | ET8: 185360.98 | EU8: 133695.88 | EV8: 184049.8 | EW8: 145095.88 | EX8: 104854.45
A9: MQGA | B9: 97330.882 | C9: 74984.157 | D9: 32304 | E9: 107833 | F9: 51852.686 | G9: 36096.647 | H9: 65907.039 | I9: 51010.039 | J9: 51368.137 | K9: 94134.627 | L9: 84225.412 | M9: 57744.51 | N9: 61303.549 | O9: 81206.588 | P9: 33336.863 | Q9: 35619.686 | R9: 46959.941 | S9: 67733.431 | T9: 64608 | U9: 48644.039 | V9: 84022.294 | W9: 59557.804 | X9: 25439.784 | Y9: 33888.804 | Z9: 39356.118 | AA9: 50975.098 | AB9: 1153.9216 | AC9: 1335.8824 | AD9: 18777.255 | AE9: 7426.2745 | AF9: 66064.902 | AG9: 23790.98 | AH9: 27664.118 | AI9: 13690.588 | AJ9: 12626.471 | AK9: 46457.647 | AL9: 38297.843 | AM9: 22008.627 | AN9: 21465.882 | AO9: 20252.745 | AP9: 45000.98 | AQ9: 63242.549 | AR9: 30229.412 | AS9: 43186.863 | AT9: 28319.608 | AU9: 57318.824 | AV9: 13572.745 | AW9: 72518.235 | AX9: 21400 | AY9: 24014.314 | AZ9: 33649.431 | BA9: 46562.804 | BB9: 59952.549 | BC9: 128500.29 | BD9: 75138.706 | BE9: 105917.59 | BF9: 68835.745 | BG9: 111150.65 | BH9: 68235.549 | BI9: 98164.49 | BJ9: 95152.392 | BK9: 111508.31 | BL9: 79352.706 | BM9: 91871.333 | BN9: 108112.06 | BO9: 97701.784 | BP9: 84206.804 | BQ9: 43843.059 | BR9: 112264.57 | BS9: 71306.627 | BT9: 57885.569 | BU9: 104606.67 | BV9: 152509 | BW9: 72966.608 | BX9: 92796.51 | BY9: 48964.294 | BZ9: 89755.686 | CA9: 117299.02 | CB9: 101709.41 | CC9: 76123.529 | CD9: 54251.373 | CE9: 85226.275 | CF9: 33330.98 | CG9: 81430.196 | CH9: 37167.647 | CI9: 72227.059 | CJ9: 62616.667 | CK9: 52053.529 | CL9: 107846.86 | CM9: 95951.961 | CN9: 66976.078 | CO9: 63113.333 | CP9: 42669.608 | CQ9: 52087.647 | CR9: 68980 | CS9: 57051.765 | CT9: 88594.118 | CU9: 89056.667 | CV9: 82579.412 | CW9: 118597.84 | CX9: 114482.94 | CY9: 63621.157 | CZ9: 134435.59 | DA9: 90680.255 | DB9: 146165.75 | DC9: 133820.35 | DD9: 191537.88 | DE9: 101156.98 | DF9: 145342.08 | DG9: 111063.14 | DH9: 146926.31 | DI9: 112018.71 | DJ9: 135429.8 | DK9: 133733.55 | DL9: 131061.02 | DM9: 78124.843 | DN9: 142064.92 | DO9: 171992.06 | DP9: 157655.53 | DQ9: 151445.98 | DR9: 108505.92 | DS9: 139363.76 | DT9: 214615.88 | DU9: 179128.24 | DV9: 166716.59 | DW9: 188825.88 | DX9: 136434.18 | DY9: 199041.76 | DZ9: 185835.69 | EA9: 171719.41 | EB9: 174458.63 | EC9: 135124.12 | ED9: 116672.35 | EE9: 206755.29 | EF9: 156389.41 | EG9: 122811.18 | EH9: 157870 | EI9: 128953.53 | EJ9: 108050.78 | EK9: 128942.94 | EL9: 178592.35 | EM9: 180962.16 | EN9: 115977.06 | EO9: 131922.94 | EP9: 154718.04 | EQ9: 161091.37 | ER9: 153231.76 | ES9: 144919.41 | ET9: 153990.59 | EU9: 194398.43 | EV9: 122059.22 | EW9: 140963.92 | EX9: 134459.2
A10: Greedy | B10: 32914.941 | C10: 26994.373 | D10: 27631.745 | E10: 42629.667 | F10: 60358.471 | G10: 50866.451 | H10: 97668.431 | I10: 35957.784 | J10: 100991.78 | K10: 44790.294 | L10: 61967.314 | M10: 26938.275 | N10: 62078.196 | O10: 31952.549 | P10: 61504.176 | Q10: 7269.8235 | R10: 56471.235 | S10: 79139.667 | T10: 52844.412 | U10: 26874.412 | V10: 62988.647 | W10: 32760.863 | X10: 21735.039 | Y10: 26211.333 | Z10: 24895.529 | AA10: 25444.706 | AB10: 31397.059 | AC10: 45655.294 | AD10: 59576.078 | AE10: 50644.314 | AF10: 30421.765 | AG10: 34578.824 | AH10: 75719.804 | AI10: 40100.98 | AJ10: 99821.373 | AK10: 9456.8627 | AL10: 45920.588 | AM10: 51442.549 | AN10: 45260.784 | AO10: 53913.137 | AP10: 49861.373 | AQ10: 63991.569 | AR10: 36157.059 | AS10: 22686.863 | AT10: 55299.412 | AU10: 32454.118 | AV10: 45259.216 | AW10: 45493.529 | AX10: 44831.176 | AY10: 60222.157 | AZ10: 42999.451 | BA10: 71402.412 | BB10: 55109.569 | BC10: 71630 | BD10: 27866.765 | BE10: 79483.941 | BF10: 88031.824 | BG10: 7564.3922 | BH10: 78377.098 | BI10: 91745.824 | BJ10: 76584.392 | BK10: 52534.706 | BL10: 124725.29 | BM10: 90415.157 | BN10: 97436.196 | BO10: 53442.392 | BP10: 74238.373 | BQ10: 85196.608 | BR10: 69418.922 | BS10: 91653.941 | BT10: 64641.922 | BU10: 79080.275 | BV10: 92107.471 | BW10: 84681.843 | BX10: 92504.549 | BY10: 111010.59 | BZ10: 43004.118 | CA10: 70537.843 | CB10: 95380 | CC10: 82813.137 | CD10: 71616.667 | CE10: 59523.725 | CF10: 104640.59 | CG10: 55559.216 | CH10: 116406.86 | CI10: 152328.04 | CJ10: 55030.196 | CK10: 104763.14 | CL10: 66672.549 | CM10: 148741.96 | CN10: 76132.353 | CO10: 68270 | CP10: 99744.314 | CQ10: 130340 | CR10: 108713.53 | CS10: 126234.71 | CT10: 46329.216 | CU10: 77653.922 | CV10: 87409.608 | CW10: 80702.549 | CX10: 114649.61 | CY10: 63561.373 | CZ10: 83837.412 | DA10: 152263.33 | DB10: 138274.18 | DC10: 124173.08 | DD10: 87938.137 | DE10: 183177.94 | DF10: 171493.86 | DG10: 98526.98 | DH10: 138017.57 | DI10: 161474.1 | DJ10: 115185.71 | DK10: 64565.922 | DL10: 161395.47 | DM10: 172758.47 | DN10: 107461.76 | DO10: 119145.67 | DP10: 89381.608 | DQ10: 139220.55 | DR10: 188504.59 | DS10: 126655.25 | DT10: 159759.08 | DU10: 146191.84 | DV10: 124287.18 | DW10: 119481.75 | DX10: 168303.24 | DY10: 132786.86 | DZ10: 150255.1 | EA10: 161167.65 | EB10: 188696.27 | EC10: 144051.76 | ED10: 148012.55 | EE10: 131187.25 | EF10: 134803.92 | EG10: 195820.78 | EH10: 152203.53 | EI10: 127886.47 | EJ10: 144438.43 | EK10: 150033.53 | EL10: 137281.96 | EM10: 168292.55 | EN10: 147641.76 | EO10: 121747.25 | EP10: 205084.31 | EQ10: 207574.9 | ER10: 174290.39 | ES10: 172234.51 | ET10: 234556.27 | EU10: 192406.86 | EV10: 199011.57 | EW10: 141550 | EX10: 143259.76
A11: MOPSO | B11: 53525.745 | C11: 47221.647 | D11: 32444.333 | E11: 54214.647 | F11: 67737.51 | G11: 15675.882 | H11: 59954.412 | I11: 75587.941 | J11: 26614.294 | K11: 40713.98 | L11: 37871.412 | M11: 45803.569 | N11: 42768.51 | O11: 36216.922 | P11: 22415.922 | Q11: 39214.922 | R11: 28367.098 | S11: 48586.373 | T11: 40634.608 | U11: 19671.98 | V11: 52525.922 | W11: 52276.549 | X11: 56112.373 | Y11: 57080.98 | Z11: 21199.431 | AA11: 91621.176 | AB11: 63159.02 | AC11: 41303.725 | AD11: 28378.039 | AE11: 32543.333 | AF11: 42777.255 | AG11: 64867.843 | AH11: 9103.9216 | AI11: 70009.608 | AJ11: 106242.16 | AK11: 90143.725 | AL11: 25313.333 | AM11: 34652.157 | AN11: 54440.784 | AO11: 81903.725 | AP11: 26743.529 | AQ11: 60967.843 | AR11: 77248.431 | AS11: 548.82353 | AT11: 26585.882 | AU11: 26033.725 | AV11: 66990.98 | AW11: 84815.686 | AX11: 28160.392 | AY11: 41071.765 | AZ11: 24984.392 | BA11: 66909.137 | BB11: 72692.392 | BC11: 86856.627 | BD11: 68436.098 | BE11: 61342.078 | BF11: 46740.745 | BG11: 101113.82 | BH11: 105310.57 | BI11: 58396.294 | BJ11: 74018.235 | BK11: 72029.196 | BL11: 72783.098 | BM11: 73850.098 | BN11: 62729 | BO11: 42625.451 | BP11: 46124.765 | BQ11: 81719.569 | BR11: 118935.9 | BS11: 105590 | BT11: 68990.471 | BU11: 53460.882 | BV11: 32022.961 | BW11: 44159.941 | BX11: 57191.569 | BY11: 64259.863 | BZ11: 66631.373 | CA11: 90771.176 | CB11: 138893.73 | CC11: 132416.67 | CD11: 99985.49 | CE11: 81833.333 | CF11: 91853.529 | CG11: 78961.176 | CH11: 118393.73 | CI11: 129508.63 | CJ11: 55239.804 | CK11: 77162.745 | CL11: 109058.04 | CM11: 69743.137 | CN11: 83875.686 | CO11: 96735.098 | CP11: 93979.216 | CQ11: 113746.27 | CR11: 71117.843 | CS11: 68365.686 | CT11: 104226.67 | CU11: 135811.96 | CV11: 108680.2 | CW11: 114987.45 | CX11: 95815.882 | CY11: 82326.275 | CZ11: 137016.78 | DA11: 183556 | DB11: 134068.27 | DC11: 149575.75 | DD11: 98748.627 | DE11: 119777.35 | DF11: 153590.08 | DG11: 118824.75 | DH11: 121258.24 | DI11: 110563.55 | DJ11: 173881.47 | DK11: 180787.14 | DL11: 158915.45 | DM11: 153232.76 | DN11: 116454.02 | DO11: 134240.8 | DP11: 155943.29 | DQ11: 141125.2 | DR11: 101693.98 | DS11: 129795.63 | DT11: 158027.55 | DU11: 103397.08 | DV11: 188626.86 | DW11: 121362.69 | DX11: 198008.86 | DY11: 142915.29 | DZ11: 60331.176 | EA11: 183680.98 | EB11: 134677.65 | EC11: 187974.71 | ED11: 73059.02 | EE11: 174961.18 | EF11: 151153.53 | EG11: 129178.24 | EH11: 153982.55 | EI11: 163347.65 | EJ11: 137379.22 | EK11: 194619.8 | EL11: 145532.16 | EM11: 175744.71 | EN11: 192443.53 | EO11: 145257.06 | EP11: 129213.73 | EQ11: 140118.04 | ER11: 191235.29 | ES11: 141278.63 | ET11: 185690.59 | EU11: 113513.73 | EV11: 138881.18 | EW11: 193549.41 | EX11: 178343.37
A12: RL | B12: 29266.118 | C12: 35168.412 | D12: 42819.059 | E12: 38875.882 | F12: 33667.412 | G12: 54737.255 | H12: 49083.765 | I12: 53221.686 | J12: 26061.529 | K12: 74626.784 | L12: 38852.686 | M12: 10469.471 | N12: 12568.039 | O12: 1512.3333 | P12: 51486.196 | Q12: 15194.686 | R12: 62791.255 | S12: 22893.373 | T12: 31352.902 | U12: 48556.137 | V12: 34351.216 | W12: 47595.686 | X12: 40909.098 | Y12: 64648.667 | Z12: 34893.706 | AA12: 68273.725 | AB12: 43340.784 | AC12: 85356.471 | AD12: 38320.588 | AE12: 58019.608 | AF12: 67367.451 | AG12: 67618.039 | AH12: 39143.137 | AI12: 54816.471 | AJ12: 39383.137 | AK12: 57937.647 | AL12: 26563.137 | AM12: 84229.804 | AN12: 57156.078 | AO12: 66204.706 | AP12: 66442.549 | AQ12: 60472.353 | AR12: 51732.745 | AS12: 46236.667 | AT12: 46625.098 | AU12: 54118.824 | AV12: 52518.431 | AW12: 43842.549 | AX12: 54438.627 | AY12: 53138.431 | AZ12: 54092.804 | BA12: 64766.431 | BB12: 82080.176 | BC12: 133190.2 | BD12: 75592.941 | BE12: 142368.92 | BF12: 99856.353 | BG12: 97545.216 | BH12: 29763.647 | BI12: 61325.431 | BJ12: 96647.137 | BK12: 50905.686 | BL12: 70820.51 | BM12: 107204.75 | BN12: 60063.686 | BO12: 69698.608 | BP12: 101301.92 | BQ12: 51330.882 | BR12: 72229.137 | BS12: 79307.294 | BT12: 98270.902 | BU12: 36336.314 | BV12: 70483.725 | BW12: 61674.922 | BX12: 76292.922 | BY12: 97284.431 | BZ12: 102973.53 | CA12: 78721.373 | CB12: 69412.745 | CC12: 107926.47 | CD12: 72045.686 | CE12: 55517.647 | CF12: 59667.647 | CG12: 95023.529 | CH12: 46827.843 | CI12: 105083.73 | CJ12: 107659.8 | CK12: 120230.39 | CL12: 119365.29 | CM12: 85809.608 | CN12: 81972.157 | CO12: 117117.45 | CP12: 96800 | CQ12: 60846.078 | CR12: 54711.176 | CS12: 133693.73 | CT12: 67554.118 | CU12: 87965.098 | CV12: 75820.588 | CW12: 53571.373 | CX12: 94070.784 | CY12: 65445.353 | CZ12: 156156.63 | DA12: 93724.196 | DB12: 138367.88 | DC12: 147599.73 | DD12: 151088.43 | DE12: 78719.922 | DF12: 176276.55 | DG12: 104578.57 | DH12: 159717.43 | DI12: 129176.88 | DJ12: 75309.824 | DK12: 152876.06 | DL12: 194370.53 | DM12: 139613.16 | DN12: 126066.96 | DO12: 160774.92 | DP12: 139382.45 | DQ12: 187084.25 | DR12: 141848.31 | DS12: 55095.431 | DT12: 72604.373 | DU12: 167088.22 | DV12: 180286.86 | DW12: 118935.53 | DX12: 135167.92 | DY12: 117980.78 | DZ12: 169348.63 | EA12: 219005.29 | EB12: 120140 | EC12: 132458.82 | ED12: 177034.12 | EE12: 179357.25 | EF12: 137921.76 | EG12: 155444.51 | EH12: 156011.57 | EI12: 137932.55 | EJ12: 158791.18 | EK12: 161685.29 | EL12: 129534.51 | EM12: 201016.86 | EN12: 201533.73 | EO12: 87227.647 | EP12: 104030.39 | EQ12: 159912.75 | ER12: 208433.73 | ES12: 176337.84 | ET12: 140154.12 | EU12: 149966.67 | EV12: 195457.84 | EW12: 200835.88 | EX12: 174042.14
