Workbook

Sheet Charts
R2: AoI | S2: 24 | T2: 46 | U2: 100
R3: QUEST | S3: ='Data Age'!B41 -> 639543.17 | T3: ='Data Age'!C41 -> 756496.63 | U3: ='Data Age'!D41 -> 3724298.1
R4: QUEST_NDVFS | S4: ='Data Age'!B42 -> 615599.3 | T4: ='Data Age'!C42 -> 736665.31 | U4: ='Data Age'!D42 -> 3680223.6
R5: Fuzzy | S5: ='Data Age'!B43 -> 645495.67 | T5: ='Data Age'!C43 -> 769467.57 | U5: ='Data Age'!D43 -> 3967037.5
R6: NSGA3 | S6: ='Data Age'!B44 -> 705348.74 | T6: ='Data Age'!C44 -> 834198.14 | U6: ='Data Age'!D44 -> 4184215.7
R7: MQGA | S7: ='Data Age'!B45 -> 656462.89 | T7: ='Data Age'!C45 -> 776951.01 | U7: ='Data Age'!D45 -> 4150785.3
R8: Greedy | S8: ='Data Age'!B46 -> 694590.73 | T8: ='Data Age'!C46 -> 846832.2 | U8: ='Data Age'!D46 -> 4336366.8
R9: MOPSO | S9: ='Data Age'!B47 -> 670193.24 | T9: ='Data Age'!C47 -> 813201.44 | U9: ='Data Age'!D47 -> 4273009.1
R10: RL | S10: ='Data Age'!B48 -> 682618.35 | T10: ='Data Age'!C48 -> 829104.11 | U10: ='Data Age'!D48 -> 4222229.4
R17: AoI | S17: 24 | T17: 46 | U17: 100
R18: QUEST | S18: =S3/S3 -> 1 | T18: =T3/T3 -> 1 | U18: =U3/U3 -> 1
R19: QUEST_NDVFS | S19: =S4/S3 -> 0.96256098 | T19: =T4/T3 -> 0.97378531 | U19: =U4/U3 -> 0.98816571
R20: Fuzzy | S20: =S5/S3 -> 1.0093074 | T20: =T5/T3 -> 1.0171461 | U20: =U5/U3 -> 1.0651772
R21: NSGA3 | S21: =S6/S3 -> 1.1028947 | T21: =T6/T3 -> 1.1027123 | U21: =U6/U3 -> 1.1234911
R22: MQGA | S22: =S7/S3 -> 1.0264559 | T22: =T7/T3 -> 1.0270383 | U22: =U7/U3 -> 1.1145148
R23: Greedy | S23: =S8/S3 -> 1.0860732 | T23: =T8/T3 -> 1.119413 | U23: =U8/U3 -> 1.1643447
R24: MOPSO | S24: =S9/S3 -> 1.0479249 | T24: =T9/T3 -> 1.0749571 | U24: =U9/U3 -> 1.1473327
R25: RL | S25: =S10/S3 -> 1.067353 | T25: =T10/T3 -> 1.0959786 | U25: =U10/U3 -> 1.133698
R36: Energy | S36: 24 | T36: 46 | U36: 100
R37: QUEST | S37: =Energy!B41 -> 3.5993326e+09 | T37: =Energy!C41 -> 5.2522481e+09 | U37: =Energy!D41 -> 23727784862
R38: QUEST_NDVFS | S38: =Energy!B42 -> 3.2491868e+09 | T38: =Energy!C42 -> 4.7857253e+09 | U38: =Energy!D42 -> 2.1470355e+10
R39: Fuzzy | S39: =Energy!B43 -> 3.672274e+09 | T39: =Energy!C43 -> 5.3158162e+09 | U39: =Energy!D43 -> 2.4688133e+10
R40: NSGA3 | S40: =Energy!B44 -> 3.8002602e+09 | T40: =Energy!C44 -> 5.5920446e+09 | U40: =Energy!D44 -> 2.9752374e+10
R41: MQGA | S41: =Energy!B45 -> 3.990736e+09 | T41: =Energy!C45 -> 5.4560437e+09 | U41: =Energy!D45 -> 2.6690191e+10
R42: Greedy | S42: =Energy!B46 -> 3.7644858e+09 | T42: =Energy!C46 -> 5.5302667e+09 | U42: =Energy!D46 -> 3.1585253e+10
R43: MOPSO | S43: =Energy!B47 -> 3.6371668e+09 | T43: =Energy!C47 -> 5.2067453e+09 | U43: =Energy!D47 -> 3.0258767e+10
R44: RL | S44: =Energy!B48 -> 3.8658905e+09 | T44: =Energy!C48 -> 5.5954418e+09 | U44: =Energy!D48 -> 2.991427e+10
R51: Energy | S51: 24 | T51: 46 | U51: 100
R52: QUEST | S52: =S37/S37 -> 1 | T52: =T37/T37 -> 1 | U52: =U37/U37 -> 1
R53: QUEST_NDVFS | S53: =S38/S37 -> 0.90271924 | T53: =T38/T37 -> 0.91117655 | U53: =U38/U37 -> 0.90486135
R54: Fuzzy | S54: =S39/S37 -> 1.0202653 | T54: =T39/T37 -> 1.012103 | U54: =U39/U37 -> 1.0404736
R55: NSGA3 | S55: =S40/S37 -> 1.0558236 | T55: =T40/T37 -> 1.0646954 | U55: =U40/U37 -> 1.2539044
R56: MQGA | S56: =S41/S37 -> 1.1087433 | T56: =T41/T37 -> 1.0388016 | U56: =U41/U37 -> 1.1248497
R57: Greedy | S57: =S42/S37 -> 1.0458844 | T57: =T42/T37 -> 1.0529333 | U57: =U42/U37 -> 1.3311505
R58: MOPSO | S58: =S43/S37 -> 1.0105115 | T58: =T43/T37 -> 0.99133651 | U58: =U43/U37 -> 1.2752462
R59: RL | S59: =S44/S37 -> 1.0740576 | T59: =T44/T37 -> 1.0653422 | U59: =U44/U37 -> 1.2607275
R67: Makespan | S67: 24 | T67: 46 | U67: 100
R68: QUEST | S68: =Makespan!B41 -> 5227377.5 | T68: =Makespan!C41 -> 7339177.4 | U68: =Makespan!D41 -> 31537079
R69: QUEST_NDVFS | S69: =Makespan!B42 -> 4653333 | T69: =Makespan!C42 -> 6571627 | U69: =Makespan!D42 -> 27874131
R70: Fuzzy | S70: =Makespan!B43 -> 5352096.5 | T70: =Makespan!C43 -> 7448946.8 | U70: =Makespan!D43 -> 33947861
R71: NSGA3 | S71: =Makespan!B44 -> 5654229.2 | T71: =Makespan!C44 -> 7777861.9 | U71: =Makespan!D44 -> 40448134
R72: MQGA | S72: =Makespan!B45 -> 5400000.5 | T72: =Makespan!C45 -> 7765231.8 | U72: =Makespan!D45 -> 35279286
R73: Greedy | S73: =Makespan!B46 -> 5598206.5 | T73: =Makespan!C46 -> 7949818.8 | U73: =Makespan!D46 -> 43084232
R74: MOPSO | S74: =Makespan!B47 -> 5239288.5 | T74: =Makespan!C47 -> 7523493.2 | U74: =Makespan!D47 -> 40700678
R75: RL | S75: =Makespan!B48 -> 5309396 | T75: =Makespan!C48 -> 8086983.4 | U75: =Makespan!D48 -> 40908631
R82: Makespan | S82: 24 | T82: 46 | U82: 100
R83: QUEST | S83: =S68/S68 -> 1 | T83: =T68/T68 -> 1 | U83: =U68/U68 -> 1
R84: QUEST_NDVFS | S84: =S69/S68 -> 0.890185 | T84: =T69/T68 -> 0.89541739 | U84: =U69/U68 -> 0.88385265
R85: Fuzzy | S85: =S70/S68 -> 1.0238588 | T85: =T70/T68 -> 1.0149566 | U85: =U70/U68 -> 1.0764428
R86: NSGA3 | S86: =S71/S68 -> 1.0816569 | T86: =T71/T68 -> 1.059773 | U86: =U71/U68 -> 1.282558
R87: MQGA | S87: =S72/S68 -> 1.0330229 | T87: =T72/T68 -> 1.0580521 | U87: =U72/U68 -> 1.1186605
R88: Greedy | S88: =S73/S68 -> 1.0709398 | T88: =T73/T68 -> 1.083203 | U88: =U73/U68 -> 1.3661453
R89: MOPSO | S89: =S74/S68 -> 1.0022786 | T89: =T74/T68 -> 1.025114 | U89: =U74/U68 -> 1.2905659
R90: RL | S90: =S75/S68 -> 1.0156902 | T90: =T75/T68 -> 1.1018923 | U90: =U75/U68 -> 1.2971598

Sheet Data Age
A1: Algorithm | B1: Load | C1: Average | D1: Min | E1: Max | F1: Std Dev
A2: QUEST | B2: 1 | C2: 639543.17 | D2: 639288.29 | E2: 640389.88 | F2: 235.47167
A3: QUEST | B3: 2 | C3: 756496.63 | D3: 744279.71 | E3: 767970.1 | F3: 6186.953
A4: QUEST | B4: 3 | C4: 3724298.1 | D4: 3673329.2 | E4: 3769581.6 | F4: 25876.699
A5: QUEST_NDVFS | B5: 1 | C5: 615599.3 | D5: 615460.83 | E5: 615724.75 | F5: 77.601373
A6: QUEST_NDVFS | B6: 2 | C6: 736665.31 | D6: 727889.62 | E6: 748614.06 | F6: 4991.2874
A7: QUEST_NDVFS | B7: 3 | C7: 3680223.6 | D7: 3610587.6 | E7: 3745693.6 | F7: 31013.461
A8: Fuzzy | B8: 1 | C8: 615495.67 | D8: 615495.67 | E8: 615495.67 | F8: 0
A9: Fuzzy | B9: 2 | C9: 719467.57 | D9: 719465.58 | E9: 719469.75 | F9: 0.99030182
A10: Fuzzy | B10: 3 | C10: 3567037.5 | D10: 3567035.8 | E10: 3567038.5 | F10: 0.65146201
A11: NSGA3 | B11: 1 | C11: 705348.74 | D11: 642129.46 | E11: 774584.12 | F11: 41746.705
A12: NSGA3 | B12: 2 | C12: 834198.14 | D12: 778316.5 | E12: 924972.4 | F12: 39876.703
A13: NSGA3 | B13: 3 | C13: 4184215.7 | D13: 3742574.7 | E13: 4598828.1 | F13: 196409.11
... A25: RL | B25: 3 | C25: 4222229.4 | D25: 3783624.1 | E25: 5010560.1 | F25: 298796.7
A28: Summary by Algorithm
A29: QUEST | C29: 1706779.3 | D29: 639288.29 | E29: 3769581.6 | F29: 1427482.6
A30: QUEST_NDVFS | C30: 1677496.1 | D30: 615460.83 | E30: 3745693.6 | F30: 1417120.5
A31: Fuzzy | C31: 1634000.2 | D31: 615495.67 | E31: 3567038.5 | F31: 1367522.6
A32: NSGA3 | C32: 1907920.8 | D32: 642129.46 | E32: 4598828.1 | F32: 1614774.3
A33: MQGA | C33: 1854733.1 | D33: 624925.12 | E33: 4410358.9 | F33: 1626345.7
A34: Greedy | C34: 1959263.3 | D34: 632414.71 | E34: 4946655.5 | F34: 1692975.4
A35: MOPSO | C35: 1918801.2 | D35: 642024.42 | E35: 4774469 | F35: 1670601.1
A36: RL | C36: 1911317.3 | D36: 615785.54 | E36: 5010560.1 | F36: 1644579.9
A39: Average data for chart
A40: Algorithms | B40: 1 | C40: 2 | D40: 3
A41: QUEST | B41: 639543.17 | C41: 756496.63 | D41: 3724298.1
A42: QUEST_NDVFS | B42: 615599.3 | C42: 736665.31 | D42: 3680223.6
A43: Fuzzy | B43: 645495.67 | C43: 769467.57 | D43: 3967037.5
A44: NSGA3 | B44: 705348.74 | C44: 834198.14 | D44: 4184215.7
A45: MQGA | B45: 656462.89 | C45: 776951.01 | D45: 4150785.3
A46: Greedy | B46: 694590.73 | C46: 846832.2 | D46: 4336366.8
A47: MOPSO | B47: 670193.24 | C47: 813201.44 | D47: 4273009.1
A48: RL | B48: 682618.35 | C48: 829104.11 | D48: 4222229.4
A51: All data for chart
A52: Algorithms | B52: 1 | C52: 1 | D52: 1 | E52: 1 | F52: 1 | G52: 1 | H52: 1 | I52: 1 | J52: 1 | K52: 1 | L52: 1 | M52: 1 | N52: 1 | O52: 1 | P52: 1 | Q52: 1 | R52: 1 | S52: 1 | T52: 1 | U52: 1 | V52: 2 | W52: 2 | X52: 2 | Y52: 2 | Z52: 2 | AA52: 2 | AB52: 2 | AC52: 2 | AD52: 2 | AE52: 2 | AF52: 2 | AG52: 2 | AH52: 2 | AI52: 2 | AJ52: 2 | AK52: 2 | AL52: 2 | AM52: 2 | AN52: 2 | AO52: 2 | AP52: 3 | AQ52: 3 | AR52: 3 | AS52: 3 | AT52: 3 | AU52: 3 | AV52: 3 | AW52: 3 | AX52: 3 | AY52: 3 | AZ52: 3 | BA52: 3 | BB52: 3 | BC52: 3 | BD52: 3 | BE52: 3 | BF52: 3 | BG52: 3 | BH52: 3 | BI52: 3
A53: QUEST | B53: 639502.54 | C53: 639584.17 | D53: 639516.29 | E53: 639441.92 | F53: 639527.04 | G53: 639429.5 | H53: 639432.88 | I53: 639904.54 | J53: 640389.88 | K53: 639383.54 | L53: 639335.62 | M53: 639628.33 | N53: 639288.29 | O53: 639342.58 | P53: 639438.42 | Q53: 639420.46 | R53: 639560.71 | S53: 639656.83 | T53: 639512.54 | U53: 639567.33 | V53: 767970.1 | W53: 754910.62 | X53: 757775.92 | Y53: 755434.12 | Z53: 765194.88 | AA53: 758723 | AB53: 751309.79 | AC53: 748597.69 | AD53: 758872.29 | AE53: 751763.73 | AF53: 759685.5 | AG53: 747177.69 | AH53: 744279.71 | AI53: 761471.25 | AJ53: 756778.96 | AK53: 756930.15 | AL53: 762467.04 | AM53: 757787.62 | AN53: 764214.08 | AO53: 748588.5 | AP53: 3712602.1 | AQ53: 3673329.2 | AR53: 3738515.4 | AS53: 3759486.6 | AT53: 3759721.8 | AU53: 3703306 | AV53: 3706999.2 | AW53: 3762091.1 | AX53: 3736134.5 | AY53: 3769581.6 | AZ53: 3722942.4 | BA53: 3736460.8 | BB53: 3701052.2 | BC53: 3724326.3 | BD53: 3709751.3 | BE53: 3706408.8 | BF53: 3689828.1 | BG53: 3704290.7 | BH53: 3751628 | BI53: 3717505.2
A54: QUEST_NDVFS | B54: 615637.29 | C54: 615587.38 | D54: 615473.83 | E54: 615684.58 | F54: 615633.62 | G54: 615653.17 | H54: 615659.67 | I54: 615477.25 | J54: 615674.88 | K54: 615571.96 | L54: 615488.46 | M54: 615616.88 | N54: 615607.75 | O54: 615587.58 | P54: 615460.83 | Q54: 615505.62 | R54: 615624.17 | S54: 615621.33 | T54: 615695.04 | U54: 615724.75 | V54: 741167.98 | W54: 734120.5 | X54: 738010.92 | Y54: 748614.06 | Z54: 741864.98 | AA54: 733106.92 | AB54: 738888.46 | AC54: 742554.79 | AD54: 735074.96 | AE54: 735087.12 | AF54: 738976.46 | AG54: 738355.04 | AH54: 740169.62 | AI54: 728543.15 | AJ54: 730488.79 | AK54: 730584.5 | AL54: 737779.98 | AM54: 736989.67 | AN54: 727889.62 | AO54: 735038.58 | AP54: 3666684.2 | AQ54: 3696111.7 | AR54: 3701565.6 | AS54: 3689818.5 | AT54: 3664208.2 | AU54: 3703522.2 | AV54: 3664008.6 | AW54: 3745693.6 | AX54: 3727120 | AY54: 3686656.3 | AZ54: 3622224.8 | BA54: 3676519.8 | BB54: 3648967.4 | BC54: 3700684.5 | BD54: 3673666.2 | BE54: 3610587.6 | BF54: 3686284.4 | BG54: 3656637 | BH54: 3683395.5 | BI54: 3700116.5
A55: Fuzzy | B55: 615495.67 | C55: 615495.67 | D55: 615495.67 | E55: 615495.67 | F55: 615495.67 | G55: 615495.67 | H55: 615495.67 | I55: 615495.67 | J55: 615495.67 | K55: 615495.67 | L55: 615495.67 | M55: 615495.67 | N55: 615495.67 | O55: 615495.67 | P55: 615495.67 | Q55: 615495.67 | R55: 615495.67 | S55: 615495.67 | T55: 615495.67 | U55: 615495.67 | V55: 719469.35 | W55: 719466.6 | X55: 719467.06 | Y55: 719469.75 | Z55: 719467.75 | AA55: 719468.23 | AB55: 719467.08 | AC55: 719468.75 | AD55: 719468.15 | AE55: 719467.67 | AF55: 719465.58 | AG55: 719467.04 | AH55: 719468.06 | AI55: 719467.25 | AJ55: 719467.33 | AK55: 719467.85 | AL55: 719466.69 | AM55: 719467.48 | AN55: 719465.98 | AO55: 719467.73 | AP55: 3567038.1 | AQ55: 3567037.8 | AR55: 3567038.5 | AS55: 3567036.9 | AT55: 3567036.7 | AU55: 3567036.8 | AV55: 3567038.4 | AW55: 3567037.7 | AX55: 3567037.6 | AY55: 3567038 | AZ55: 3567037.2 | BA55: 3567036.8 | BB55: 3567037.5 | BC55: 3567037.7 | BD55: 3567037.6 | BE55: 3567038.3 | BF55: 3567037.5 | BG55: 3567037.2 | BH55: 3567037.7 | BI55: 3567035.8
A56: NSGA3 | B56: 684633.38 | C56: 670300.12 | D56: 759929.96 | E56: 767152.29 | F56: 737590.79 | G56: 680782.75 | H56: 720429.38 | I56: 642129.46 | J56: 651150.92 | K56: 690538.96 | L56: 761163.62 | M56: 710979.25 | N56: 678806.17 | O56: 774584.12 | P56: 677963.04 | Q56: 655359.54 | R56: 739812.38 | S56: 752873.33 | T56: 664417.12 | U56: 686378.25 | V56: 857945.52 | W56: 833240.21 | X56: 924972.4 | Y56: 877518.77 | Z56: 831406.85 | AA56: 854306.27 | AB56: 846474.71 | AC56: 786993.15 | AD56: 809410.35 | AE56: 912693.77 | AF56: 805188.29 | AG56: 800282.19 | AH56: 847681.96 | AI56: 786989.58 | AJ56: 860815.65 | AK56: 790541.17 | AL56: 798172.6 | AM56: 778316.5 | AN56: 844833.4 | AO56: 836179.5 | AP56: 3742574.7 | AQ56: 4397629.1 | AR56: 4133197.2 | AS56: 4023334.9 | AT56: 4191608.6 | AU56: 3944722.1 | AV56: 4414356.3 | AW56: 4048983.4 | AX56: 4094188.2 | AY56: 4253303.6 | AZ56: 4297435.2 | BA56: 4210825.5 | BB56: 4007412.1 | BC56: 4333031.4 | BD56: 4200165.6 | BE56: 3994741.7 | BF56: 4396209.2 | BG56: 4598828.1 | BH56: 4343051 | BI56: 4058715.4
A57: MQGA | B57: 624925.12 | C57: 645622.42 | D57: 625276.42 | E57: 625213.67 | F57: 641970.33 | G57: 625057.58 | H57: 625172.29 | I57: 625175.46 | J57: 625262.67 | K57: 645707.29 | L57: 645888.83 | M57: 641955.92 | N57: 642012.83 | O57: 687555.17 | P57: 642103.67 | Q57: 625431.38 | R57: 625328.79 | S57: 640714.46 | T57: 626224.58 | U57: 642658.83 | V57: 826571.25 | W57: 776836.65 | X57: 728560.31 | Y57: 815764.94 | Z57: 780165.96 | AA57: 771793.44 | AB57: 729044.29 | AC57: 742880.35 | AD57: 854967.96 | AE57: 737604.27 | AF57: 822115.81 | AG57: 767338.4 | AH57: 864509.52 | AI57: 719559.69 | AJ57: 770735.48 | AK57: 776469.38 | AL57: 757822.69 | AM57: 767139 | AN57: 777285.21 | AO57: 751855.62 | AP57: 4195785.7 | AQ57: 4120280.7 | AR57: 4216797.5 | AS57: 4082143.4 | AT57: 4127808.9 | AU57: 4181451.9 | AV57: 4283230.3 | AW57: 3940208.9 | AX57: 4301155.7 | AY57: 4061060.5 | AZ57: 3929380.9 | BA57: 4030274.5 | BB57: 4198124.7 | BC57: 4358910.9 | BD57: 4167457.7 | BE57: 4172147.4 | BF57: 4123174.8 | BG57: 3988029.3 | BH57: 4127923 | BI57: 4410358.9
A58: Greedy | B58: 667928.21 | C58: 654206.25 | D58: 741107.38 | E58: 632414.71 | F58: 715941.29 | G58: 687813 | H58: 762332.75 | I58: 648140.62 | J58: 632516.21 | K58: 645729.67 | L58: 712958.92 | M58: 735855.08 | N58: 752395.17 | O58: 712136.83 | P58: 666768.67 | Q58: 668995.42 | R58: 752210.79 | S58: 702637.12 | T58: 711985.38 | U58: 687741.08 | V58: 869227.4 | W58: 793476.75 | X58: 821404.23 | Y58: 919719.77 | Z58: 953799.62 | AA58: 952497.54 | AB58: 791553.77 | AC58: 838876.48 | AD58: 876876.31 | AE58: 783928.54 | AF58: 768431.46 | AG58: 924687.65 | AH58: 838750.58 | AI58: 905050.83 | AJ58: 826864.38 | AK58: 771002.31 | AL58: 849476.69 | AM58: 827392.4 | AN58: 846048.48 | AO58: 777578.83 | AP58: 4483721.9 | AQ58: 3880448 | AR58: 4676657 | AS58: 4164581.3 | AT58: 4538200.2 | AU58: 4614360.7 | AV58: 4127846.5 | AW58: 3890131.3 | AX58: 4162224.4 | AY58: 4799142.7 | AZ58: 3892815.7 | BA58: 3937839.8 | BB58: 4069270.4 | BC58: 4431618.9 | BD58: 4213431.7 | BE58: 4349364.1 | BF58: 4706086.7 | BG58: 4134211.8 | BH58: 4946655.5 | BI58: 4708728.2
A59: MOPSO | B59: 648133.25 | C59: 683181.46 | D59: 642024.42 | E59: 710466.92 | F59: 687228.17 | G59: 668093.79 | H59: 647292.42 | I59: 653730.75 | J59: 642751.54 | K59: 663356.29 | L59: 688731.46 | M59: 692891.04 | N59: 670568.25 | O59: 685922.46 | P59: 660706.33 | Q59: 669230.83 | R59: 643874.04 | S59: 682924.04 | T59: 692337.38 | U59: 670420 | V59: 787343.71 | W59: 881698.75 | X59: 769058.23 | Y59: 829158.35 | Z59: 789634.02 | AA59: 795382.54 | AB59: 832197.67 | AC59: 779951.35 | AD59: 776578.44 | AE59: 867308.15 | AF59: 820206.38 | AG59: 777384.17 | AH59: 800029.08 | AI59: 762897.88 | AJ59: 844828.31 | AK59: 817654.17 | AL59: 828603.23 | AM59: 876464.19 | AN59: 816157.25 | AO59: 811492.92 | AP59: 4270568.5 | AQ59: 4165100.4 | AR59: 4622809.8 | AS59: 4314467.1 | AT59: 4670611.3 | AU59: 4224910.1 | AV59: 4306987 | AW59: 4042542.5 | AX59: 4387930.7 | AY59: 4042897.9 | AZ59: 4220506.2 | BA59: 4028708.1 | BB59: 4059301.6 | BC59: 4303886.5 | BD59: 4145868.6 | BE59: 3900414.1 | BF59: 4275693.1 | BG59: 4297293.3 | BH59: 4405215.7 | BI59: 4774469
A60: RL | B60: 709325 | C60: 752450.88 | D60: 664687.67 | E60: 686020.12 | F60: 683292.67 | G60: 673033.12 | H60: 643722.5 | I60: 721179.33 | J60: 670921.38 | K60: 670276.92 | L60: 700777.75 | M60: 648272.38 | N60: 615785.54 | O60: 763173.17 | P60: 662534.54 | Q60: 668935.12 | R60: 709552.17 | S60: 668068.38 | T60: 692966.83 | U60: 647391.54 | V60: 755358.77 | W60: 826802.67 | X60: 733328.79 | Y60: 775566.83 | Z60: 800731.81 | AA60: 788383.88 | AB60: 858627.33 | AC60: 793665.69 | AD60: 827956.02 | AE60: 870257.69 | AF60: 863080.5 | AG60: 872448.44 | AH60: 883205.56 | AI60: 902023.08 | AJ60: 847623.46 | AK60: 849185.96 | AL60: 818715.88 | AM60: 896610.46 | AN60: 769966.75 | AO60: 848542.71 | AP60: 3900844.8 | AQ60: 4385292.4 | AR60: 4148994.1 | AS60: 4067509.9 | AT60: 3954047.9 | AU60: 4295965.2 | AV60: 4341621.5 | AW60: 4708880.5 | AX60: 4352946.7 | AY60: 4613469.4 | AZ60: 4014854.2 | BA60: 4444562.2 | BB60: 3904257.6 | BC60: 4279201.6 | BD60: 4016911.4 | BE60: 4147873.7 | BF60: 4053506.3 | BG60: 5010560.1 | BH60: 4019664.4 | BI60: 3783624.1
A65: All data for chart
A66: Algorithms | B66: Load 1 | C66: Load 2 | D66: Load 3
A67: QUEST | B67: 639502.54 | C67: 767970.1 | D67: 3712602.1
A68: QUEST | B68: 639584.17 | C68: 754910.62 | D68: 3673329.2
A69: QUEST | B69: 639516.29 | C69: 757775.92 | D69: 3738515.4
A70: QUEST | B70: 639441.92 | C70: 755434.12 | D70: 3759486.6
A71: QUEST | B71: 639527.04 | C71: 765194.88 | D71: 3759721.8
A72: QUEST | B72: 639429.5 | C72: 758723 | D72: 3703306
A73: QUEST | B73: 639432.88 | C73: 751309.79 | D73: 3706999.2
A74: QUEST | B74: 639904.54 | C74: 748597.69 | D74: 3762091.1
A75: QUEST | B75: 640389.88 | C75: 758872.29 | D75: 3736134.5
A76: QUEST | B76: 639383.54 | C76: 751763.73 | D76: 3769581.6
A77: QUEST | B77: 639335.62 | C77: 759685.5 | D77: 3722942.4
A78: QUEST | B78: 639628.33 | C78: 747177.69 | D78: 3736460.8
... A226: RL | B226: 647391.54 | C226: 848542.71 | D226: 3783624.1

Sheet Energy
A1: Algorithm | B1: Load | C1: Average | D1: Min | E1: Max | F1: Std Dev
A2: QUEST | B2: 1 | C2: 3.5993326e+09 | D2: 3.5095713e+09 | E2: 3.6537545e+09 | F2: 41559082
A3: QUEST | B3: 2 | C3: 5.2522481e+09 | D3: 4.9861015e+09 | E3: 5.6072022e+09 | F3: 1.9056748e+08
A4: QUEST | B4: 3 | C4: 23727784862 | D4: 2.1497787e+10 | E4: 2.5152917e+10 | F4: 9.5765992e+08
A5: QUEST_NDVFS | B5: 1 | C5: 3.2491868e+09 | D5: 3.1845632e+09 | E5: 3.273938e+09 | F5: 29929127
A6: QUEST_NDVFS | B6: 2 | C6: 4.7857253e+09 | D6: 4.5990492e+09 | E6: 5.3065901e+09 | F6: 1.5335991e+08
A7: QUEST_NDVFS | B7: 3 | C7: 2.1470355e+10 | D7: 1.9777715e+10 | E7: 22916706485 | F7: 9.6265616e+08
A8: Fuzzy | B8: 1 | C8: 3.272274e+09 | D8: 3.272243e+09 | E8: 3.2723115e+09 | F8: 16194.024
A9: Fuzzy | B9: 2 | C9: 4.8158162e+09 | D9: 4.8157774e+09 | E9: 4.8158382e+09 | F9: 14836.237
A10: Fuzzy | B10: 3 | C10: 2.1688133e+10 | D10: 2.168811e+10 | E10: 2.1688171e+10 | F10: 12825.375
A11: NSGA3 | B11: 1 | C11: 3.8002602e+09 | D11: 3.2084839e+09 | E11: 4.8735008e+09 | F11: 5.105444e+08
A12: NSGA3 | B12: 2 | C12: 5.3920446e+09 | D12: 4.5788763e+09 | E12: 6862697855 | F12: 5.7456874e+08
A13: NSGA3 | B13: 3 | C13: 2.9752374e+10 | D13: 2.2271421e+10 | E13: 3.7936635e+10 | F13: 4.1937657e+09
... A25: RL | B25: 3 | C25: 2.991427e+10 | D25: 22135062785 | E25: 4.175994e+10 | F25: 6.2017302e+09
A28: Summary by Algorithm
A29: QUEST | C29: 1.0859789e+10 | D29: 3.5095713e+09 | E29: 2.5152917e+10 | F29: 9.1414662e+09
A30: QUEST_NDVFS | C30: 9.8350892e+09 | D30: 3.1845632e+09 | E30: 22916706485 | F30: 8.2704439e+09
A31: Fuzzy | C31: 9.9254079e+09 | D31: 3.272243e+09 | E31: 2.1688171e+10 | F31: 8.3413394e+09
A32: NSGA3 | C32: 1.298156e+10 | D32: 3.2084839e+09 | E32: 3.7936635e+10 | F32: 1.2128969e+10
A33: MQGA | C33: 1.1645657e+10 | D33: 3.3678093e+09 | E33: 2.8542308e+10 | F33: 1.0663031e+10
A34: Greedy | C34: 1.3626668e+10 | D34: 3.2415129e+09 | E34: 4.6422473e+10 | F34: 1.3252757e+10
A35: MOPSO | C35: 1.3000893e+10 | D35: 3.3592378e+09 | E35: 3.5196324e+10 | F35: 1.2304919e+10
A36: RL | C36: 1.3025201e+10 | D36: 3.2307584e+09 | E36: 4.175994e+10 | F36: 1.250555e+10
A39: Average data for chart
A40: Algorithms | B40: 1 | C40: 2 | D40: 3
A41: QUEST | B41: 3.5993326e+09 | C41: 5.2522481e+09 | D41: 23727784862
A42: QUEST_NDVFS | B42: 3.2491868e+09 | C42: 4.7857253e+09 | D42: 2.1470355e+10
A43: Fuzzy | B43: 3.672274e+09 | C43: 5.3158162e+09 | D43: 2.4688133e+10
A44: NSGA3 | B44: 3.8002602e+09 | C44: 5.5920446e+09 | D44: 2.9752374e+10
A45: MQGA | B45: 3.990736e+09 | C45: 5.4560437e+09 | D45: 2.6690191e+10
A46: Greedy | B46: 3.7644858e+09 | C46: 5.5302667e+09 | D46: 3.1585253e+10
A47: MOPSO | B47: 3.6371668e+09 | C47: 5.2067453e+09 | D47: 3.0258767e+10
A48: RL | B48: 3.8658905e+09 | C48: 5.5954418e+09 | D48: 2.991427e+10
A51: All data for chart
A52: Algorithms | B52: 1 | C52: 1 | D52: 1 | E52: 1 | F52: 1 | G52: 1 | H52: 1 | I52: 1 | J52: 1 | K52: 1 | L52: 1 | M52: 1 | N52: 1 | O52: 1 | P52: 1 | Q52: 1 | R52: 1 | S52: 1 | T52: 1 | U52: 1 | V52: 2 | W52: 2 | X52: 2 | Y52: 2 | Z52: 2 | AA52: 2 | AB52: 2 | AC52: 2 | AD52: 2 | AE52: 2 | AF52: 2 | AG52: 2 | AH52: 2 | AI52: 2 | AJ52: 2 | AK52: 2 | AL52: 2 | AM52: 2 | AN52: 2 | AO52: 2 | AP52: 3 | AQ52: 3 | AR52: 3 | AS52: 3 | AT52: 3 | AU52: 3 | AV52: 3 | AW52: 3 | AX52: 3 | AY52: 3 | AZ52: 3 | BA52: 3 | BB52: 3 | BC52: 3 | BD52: 3 | BE52: 3 | BF52: 3 | BG52: 3 | BH52: 3 | BI52: 3
A53: QUEST | B53: 3.5095713e+09 | C53: 3649966020 | D53: 3.610056e+09 | E53: 3.5788004e+09 | F53: 3.605949e+09 | G53: 3649686335 | H53: 3544299440 | I53: 3.6537545e+09 | J53: 3.5601829e+09 | K53: 3650334500 | L53: 3.5953736e+09 | M53: 3.5925815e+09 | N53: 3.6090873e+09 | O53: 3.6505143e+09 | P53: 3.568086e+09 | Q53: 3.6522124e+09 | R53: 3.5926581e+09 | S53: 3.5403412e+09 | T53: 3.5985315e+09 | U53: 3574666320 | V53: 5.5982572e+09 | W53: 5.1428948e+09 | X53: 5.0867916e+09 | Y53: 4.9861015e+09 | Z53: 5.6072022e+09 | AA53: 5.5172659e+09 | AB53: 5.0737084e+09 | AC53: 5.211305e+09 | AD53: 5190279020 | AE53: 5.111918e+09 | AF53: 5.140886e+09 | AG53: 5.2139404e+09 | AH53: 5.2271677e+09 | AI53: 5.4687334e+09 | AJ53: 5.1774933e+09 | AK53: 5.0968563e+09 | AL53: 5.1630383e+09 | AM53: 5.4912549e+09 | AN53: 5.4776712e+09 | AO53: 5.0621965e+09 | AP53: 2.3225313e+10 | AQ53: 2.1497787e+10 | AR53: 23919790585 | AS53: 2.5026044e+10 | AT53: 2.5152917e+10 | AU53: 2.2450334e+10 | AV53: 25028338705 | AW53: 2.3306577e+10 | AX53: 2.3842497e+10 | AY53: 2.3868281e+10 | AZ53: 2.4303756e+10 | BA53: 2.3312293e+10 | BB53: 2.5134012e+10 | BC53: 2.1978962e+10 | BD53: 2.4005642e+10 | BE53: 2.3471083e+10 | BF53: 23503893370 | BG53: 2.3654932e+10 | BH53: 2.3980801e+10 | BI53: 2.3892443e+10
A54: QUEST_NDVFS | B54: 3.2723494e+09 | C54: 3.21935e+09 | D54: 3.2717167e+09 | E54: 3.2021671e+09 | F54: 3.273938e+09 | G54: 3.2209889e+09 | H54: 3.220957e+09 | I54: 3.2301672e+09 | J54: 3273890330 | K54: 3.2721164e+09 | L54: 3.2723862e+09 | M54: 3.273431e+09 | N54: 3.1845632e+09 | O54: 3.2733581e+09 | P54: 3.2708374e+09 | Q54: 3.2721384e+09 | R54: 3219660205 | S54: 3271868580 | T54: 3273453980 | U54: 3214397860 | V54: 4.9159299e+09 | W54: 4.7636798e+09 | X54: 4.6169093e+09 | Y54: 4.7072048e+09 | Z54: 4.9092915e+09 | AA54: 4673846205 | AB54: 4.7532463e+09 | AC54: 4.5990492e+09 | AD54: 4.8732319e+09 | AE54: 4.6429887e+09 | AF54: 4.863642e+09 | AG54: 4.6797501e+09 | AH54: 5.3065901e+09 | AI54: 4.6950514e+09 | AJ54: 4.7817679e+09 | AK54: 4.7905258e+09 | AL54: 4.7540328e+09 | AM54: 4.7077217e+09 | AN54: 4.7486056e+09 | AO54: 4.9314408e+09 | AP54: 22101240015 | AQ54: 2.1923101e+10 | AR54: 2.2431242e+10 | AS54: 20252977035 | AT54: 2.2278509e+10 | AU54: 2.1217299e+10 | AV54: 2.0305886e+10 | AW54: 2.2100018e+10 | AX54: 2.2543938e+10 | AY54: 2.0294396e+10 | AZ54: 2.1015567e+10 | BA54: 1.9777715e+10 | BB54: 22916706485 | BC54: 2.1322292e+10 | BD54: 2.1884953e+10 | BE54: 2.0725575e+10 | BF54: 2.0887854e+10 | BG54: 2.2291945e+10 | BH54: 20230956310 | BI54: 2.2904937e+10
A55: Fuzzy | B55: 3.2722775e+09 | C55: 3.2722564e+09 | D55: 3.2722852e+09 | E55: 3.272243e+09 | F55: 3.2722788e+09 | G55: 3.2722775e+09 | H55: 3.2722884e+09 | I55: 3.2722647e+09 | J55: 3.2722679e+09 | K55: 3.2723108e+09 | L55: 3.2722622e+09 | M55: 3.272259e+09 | N55: 3.2722737e+09 | O55: 3.2722622e+09 | P55: 3.2722635e+09 | Q55: 3.2722763e+09 | R55: 3.2722686e+09 | S55: 3.2723115e+09 | T55: 3.2722814e+09 | U55: 3.2722718e+09 | V55: 4.8158356e+09 | W55: 4.8158074e+09 | X55: 4.8158196e+09 | Y55: 4.8158215e+09 | Z55: 4.8158222e+09 | AA55: 4.8158151e+09 | AB55: 4.8158382e+09 | AC55: 4.8158337e+09 | AD55: 4.815801e+09 | AE55: 4.8158247e+09 | AF55: 4.8157774e+09 | AG55: 4.8158049e+09 | AH55: 4.815826e+09 | AI55: 4.8157946e+09 | AJ55: 4.815817e+09 | AK55: 4.8158324e+09 | AL55: 4.815803e+09 | AM55: 4.8158241e+09 | AN55: 4.8158074e+09 | AO55: 4.815819e+09 | AP55: 2.1688119e+10 | AQ55: 2.1688171e+10 | AR55: 2.1688145e+10 | AS55: 2.168811e+10 | AT55: 2.1688134e+10 | AU55: 2.1688116e+10 | AV55: 2.1688124e+10 | AW55: 2.1688141e+10 | AX55: 2.1688129e+10 | AY55: 2.1688131e+10 | AZ55: 2.1688138e+10 | BA55: 2.1688122e+10 | BB55: 2.1688124e+10 | BC55: 2.1688137e+10 | BD55: 2.1688141e+10 | BE55: 2.1688142e+10 | BF55: 2.1688141e+10 | BG55: 2.1688127e+10 | BH55: 2.168814e+10 | BI55: 2.1688136e+10
A56: NSGA3 | B56: 3298481920 | C56: 3748582140 | D56: 4.3608802e+09 | E56: 3.803575e+09 | F56: 4.4034346e+09 | G56: 3.3131174e+09 | H56: 3.6526543e+09 | I56: 3.3710183e+09 | J56: 3.4659135e+09 | K56: 3.7197054e+09 | L56: 4686766820 | M56: 3522747480 | N56: 3.7341405e+09 | O56: 4649380500 | P56: 3307929215 | Q56: 3.2084839e+09 | R56: 4.8735008e+09 | S56: 4.0632964e+09 | T56: 3.328199e+09 | U56: 3.4933974e+09 | V56: 6862697855 | W56: 5228834985 | X56: 5.2721382e+09 | Y56: 5.8501793e+09 | Z56: 5.2064882e+09 | AA56: 6268734900 | AB56: 5.824786e+09 | AC56: 4733449105 | AD56: 4.5788763e+09 | AE56: 5.9598801e+09 | AF56: 5308210245 | AG56: 5.144132e+09 | AH56: 5.5645798e+09 | AI56: 5.3288529e+09 | AJ56: 5.9033546e+09 | AK56: 4.7177465e+09 | AL56: 4.6978871e+09 | AM56: 4702157905 | AN56: 5330514850 | AO56: 5357391540 | AP56: 2.2271421e+10 | AQ56: 3.1328669e+10 | AR56: 2.7750486e+10 | AS56: 2.4538596e+10 | AT56: 3.1502493e+10 | AU56: 28382910170 | AV56: 2.8315049e+10 | AW56: 2.4982692e+10 | AX56: 2.971721e+10 | AY56: 3.5963792e+10 | AZ56: 3.1084717e+10 | BA56: 2.9462092e+10 | BB56: 26865324115 | BC56: 3.1189052e+10 | BD56: 3.3432934e+10 | BE56: 2.4683146e+10 | BF56: 3.4342896e+10 | BG56: 3.7936635e+10 | BH56: 3.5777627e+10 | BI56: 2.5519743e+10
A57: MQGA | B57: 3.4002536e+09 | C57: 3.3739732e+09 | D57: 3.4007107e+09 | E57: 3.4015576e+09 | F57: 3.3699224e+09 | G57: 3.4005192e+09 | H57: 3.4002316e+09 | I57: 3.4016251e+09 | J57: 3.4008206e+09 | K57: 3.3737719e+09 | L57: 3.3752756e+09 | M57: 3.3681453e+09 | N57: 3.3693621e+09 | O57: 3.4426041e+09 | P57: 3.3678093e+09 | Q57: 3.4022173e+09 | R57: 3.4018421e+09 | S57: 3.3728339e+09 | T57: 3.4123909e+09 | U57: 3.378854e+09 | V57: 5066146610 | W57: 4.7775915e+09 | X57: 4754498275 | Y57: 4.8079544e+09 | Z57: 4.8093893e+09 | AA57: 4.7945463e+09 | AB57: 4.73005e+09 | AC57: 4.9082287e+09 | AD57: 5.1409493e+09 | AE57: 4.7478318e+09 | AF57: 5.0622984e+09 | AG57: 4.8068867e+09 | AH57: 5.0346981e+09 | AI57: 4.818222e+09 | AJ57: 4808100920 | AK57: 4.7687061e+09 | AL57: 4.8442712e+09 | AM57: 4.8053895e+09 | AN57: 4.7684216e+09 | AO57: 4.8666928e+09 | AP57: 26170354680 | AQ57: 2.8542308e+10 | AR57: 2.7573794e+10 | AS57: 2.6488849e+10 | AT57: 2.6265946e+10 | AU57: 25770289345 | AV57: 2.6886315e+10 | AW57: 2.5430989e+10 | AX57: 2.6837945e+10 | AY57: 2.5589971e+10 | AZ57: 26966505295 | BA57: 2.6632927e+10 | BB57: 2.6825821e+10 | BC57: 2.6997238e+10 | BD57: 2.7539183e+10 | BE57: 2.6733086e+10 | BF57: 2.6176788e+10 | BG57: 2.6218338e+10 | BH57: 2.7012691e+10 | BI57: 2.7144476e+10
A58: Greedy | B58: 3478186860 | C58: 3.7382178e+09 | D58: 5.1822049e+09 | E58: 3.2415129e+09 | F58: 3.6718047e+09 | G58: 3.4398663e+09 | H58: 4596608740 | I58: 3.3340916e+09 | J58: 3.2425803e+09 | K58: 3328390190 | L58: 3.679334e+09 | M58: 3.8611401e+09 | N58: 4.4015029e+09 | O58: 3.6675641e+09 | P58: 3.5842331e+09 | Q58: 3.6043795e+09 | R58: 4.5907519e+09 | S58: 3.5391956e+09 | T58: 3.6662013e+09 | U58: 3.4419496e+09 | V58: 5.0639467e+09 | W58: 5.1880278e+09 | X58: 5.8139855e+09 | Y58: 6.3145828e+09 | Z58: 6113353150 | AA58: 7.3141793e+09 | AB58: 4974723900 | AC58: 6433873500 | AD58: 6.9589012e+09 | AE58: 4.5660247e+09 | AF58: 5.2006476e+09 | AG58: 6.3202996e+09 | AH58: 5166605760 | AI58: 5162863060 | AJ58: 5.1848911e+09 | AK58: 4.7457417e+09 | AL58: 5.1292176e+09 | AM58: 4.9655439e+09 | AN58: 5.2081013e+09 | AO58: 4.779823e+09 | AP58: 3.8508716e+10 | AQ58: 2.630224e+10 | AR58: 3.6399136e+10 | AS58: 2.4387997e+10 | AT58: 3.0105002e+10 | AU58: 2.9506064e+10 | AV58: 2.9552581e+10 | AW58: 2.2480433e+10 | AX58: 2.8222897e+10 | AY58: 4.6422473e+10 | AZ58: 2.0849493e+10 | BA58: 2.4272756e+10 | BB58: 2.9328246e+10 | BC58: 39095622010 | BD58: 2.8084863e+10 | BE58: 3.8088397e+10 | BF58: 3.6842622e+10 | BG58: 3.3361055e+10 | BH58: 3.5640585e+10 | BI58: 3.4253874e+10
A59: MOPSO | B59: 3.3702547e+09 | C59: 3.5793157e+09 | D59: 3.3692692e+09 | E59: 3.4035662e+09 | F59: 3.4339837e+09 | G59: 3481261975 | H59: 3.3592378e+09 | I59: 3.7796972e+09 | J59: 3.377334e+09 | K59: 3.567163e+09 | L59: 3.5662802e+09 | M59: 3432360015 | N59: 3.7121562e+09 | O59: 3.5733479e+09 | P59: 3620297970 | Q59: 3.5672955e+09 | R59: 3.6511996e+09 | S59: 3.5774486e+09 | T59: 3.573567e+09 | U59: 3.7483003e+09 | V59: 5380195140 | W59: 5.1369986e+09 | X59: 4.819547e+09 | Y59: 5.2056431e+09 | Z59: 5.3605096e+09 | AA59: 5.1631294e+09 | AB59: 5.4032461e+09 | AC59: 5.2252708e+09 | AD59: 5175950940 | AE59: 5.1600922e+09 | AF59: 5.2501269e+09 | AG59: 5.1799782e+09 | AH59: 5321342720 | AI59: 5.2357562e+09 | AJ59: 5308966480 | AK59: 5.0819351e+09 | AL59: 5.0428667e+09 | AM59: 5.1392152e+09 | AN59: 5.2616531e+09 | AO59: 5.2824819e+09 | AP59: 29475942030 | AQ59: 3.1631554e+10 | AR59: 3.2554871e+10 | AS59: 32132271050 | AT59: 3.3046356e+10 | AU59: 2.5909595e+10 | AV59: 2.9326105e+10 | AW59: 3.441772e+10 | AX59: 3.0929358e+10 | AY59: 2.9721559e+10 | AZ59: 2.8786057e+10 | BA59: 2.7594998e+10 | BB59: 2.6349462e+10 | BC59: 2.8542139e+10 | BD59: 3.2010169e+10 | BE59: 27475965700 | BF59: 3.0299688e+10 | BG59: 3.0686025e+10 | BH59: 2.9089173e+10 | BI59: 3.5196324e+10
A60: RL | B60: 3389686360 | C60: 3.989218e+09 | D60: 3.3275958e+09 | E60: 3.573796e+09 | F60: 3.3017784e+09 | G60: 3.7070504e+09 | H60: 3.6509159e+09 | I60: 3.6281206e+09 | J60: 3393394075 | K60: 3.7484221e+09 | L60: 3.6893582e+09 | M60: 3370712420 | N60: 3.2386801e+09 | O60: 4.8423788e+09 | P60: 3.2307584e+09 | Q60: 3.5630338e+09 | R60: 3.3990522e+09 | S60: 3.4808533e+09 | T60: 3.4335097e+09 | U60: 3.359495e+09 | V60: 4.6958659e+09 | W60: 5.050552e+09 | X60: 4.7760065e+09 | Y60: 4.5138215e+09 | Z60: 5.1460735e+09 | AA60: 4.7192141e+09 | AB60: 5.8034002e+09 | AC60: 5.1136067e+09 | AD60: 5.2093331e+09 | AE60: 5.8835755e+09 | AF60: 7.2646484e+09 | AG60: 5.7190288e+09 | AH60: 5.1184007e+09 | AI60: 5603608525 | AJ60: 7073152610 | AK60: 6.041349e+09 | AL60: 5.2496651e+09 | AM60: 7.1339927e+09 | AN60: 5282588095 | AO60: 6.5109526e+09 | AP60: 2.2728852e+10 | AQ60: 4.175994e+10 | AR60: 2.3988242e+10 | AS60: 2.3375217e+10 | AT60: 2.2598622e+10 | AU60: 40031143790 | AV60: 2.7495385e+10 | AW60: 3.3634381e+10 | AX60: 3.0943482e+10 | AY60: 3.5422828e+10 | AZ60: 2.2280137e+10 | BA60: 3.3421393e+10 | BB60: 2.7413648e+10 | BC60: 33379535380 | BD60: 25131816420 | BE60: 31319572920 | BF60: 3.1741556e+10 | BG60: 4.0585067e+10 | BH60: 2.8899528e+10 | BI60: 22135062785
A65: All data for chart
A66: Algorithms | B66: Load 1 | C66: Load 2 | D66: Load 3
A67: QUEST | B67: 3.5095713e+09 | C67: 5.5982572e+09 | D67: 2.3225313e+10
A68: QUEST | B68: 3649966020 | C68: 5.1428948e+09 | D68: 2.1497787e+10
A69: QUEST | B69: 3.610056e+09 | C69: 5.0867916e+09 | D69: 23919790585
A70: QUEST | B70: 3.5788004e+09 | C70: 4.9861015e+09 | D70: 2.5026044e+10
A71: QUEST | B71: 3.605949e+09 | C71: 5.6072022e+09 | D71: 2.5152917e+10
A72: QUEST | B72: 3649686335 | C72: 5.5172659e+09 | D72: 2.2450334e+10
A73: QUEST | B73: 3544299440 | C73: 5.0737084e+09 | D73: 25028338705
A74: QUEST | B74: 3.6537545e+09 | C74: 5.211305e+09 | D74: 2.3306577e+10
A75: QUEST | B75: 3.5601829e+09 | C75: 5190279020 | D75: 2.3842497e+10
A76: QUEST | B76: 3650334500 | C76: 5.111918e+09 | D76: 2.3868281e+10
A77: QUEST | B77: 3.5953736e+09 | C77: 5.140886e+09 | D77: 2.4303756e+10
A78: QUEST | B78: 3.5925815e+09 | C78: 5.2139404e+09 | D78: 2.3312293e+10
... A226: RL | B226: 3.359495e+09 | C226: 6.5109526e+09 | D226: 22135062785

Sheet Makespan
A1: Algorithm | B1: Load | C1: Average | D1: Min | E1: Max | F1: Std Dev
A2: QUEST | B2: 1 | C2: 5227377.5 | D2: 5224084 | E2: 5243411 | F2: 4124.9669
A3: QUEST | B3: 2 | C3: 7339177.4 | D3: 7124957 | E3: 7823117 | F3: 312422.48
A4: QUEST | B4: 3 | C4: 31537079 | D4: 27809290 | E4: 34043534 | F4: 1577926.9
A5: QUEST_NDVFS | B5: 1 | C5: 4653333 | D5: 4651042 | E5: 4657015 | F5: 1609.9026
A6: QUEST_NDVFS | B6: 2 | C6: 6571627 | D6: 6441592 | E6: 7448124 | F6: 233663.61
A7: QUEST_NDVFS | B7: 3 | C7: 27874131 | D7: 25599452 | E7: 29873565 | F7: 1522810
A8: Fuzzy | B8: 1 | C8: 4652096.5 | D8: 4652048 | E8: 4652155 | F8: 25.303162
A9: Fuzzy | B9: 2 | C9: 6448946.8 | D9: 6448886 | E9: 6448981 | F9: 23.18162
A10: Fuzzy | B10: 3 | C10: 25947861 | D10: 25947824 | E10: 25947919 | F10: 20.039648
A11: NSGA3 | B11: 1 | C11: 5654229.2 | D11: 4672293 | E11: 7232909 | F11: 773864.82
A12: NSGA3 | B12: 2 | C12: 7777861.9 | D12: 6717680 | E12: 10024604 | F12: 847346.63
A13: NSGA3 | B13: 3 | C13: 40448134 | D13: 29752247 | E13: 52120072 | F13: 6234605.6
... A25: RL | B25: 3 | C25: 40908631 | D25: 29663623 | E25: 58680654 | F25: 9175337.1
A28: Summary by Algorithm
A29: QUEST | C29: 14701211 | D29: 5224084 | E29: 34043534 | F29: 11972009
A30: QUEST_NDVFS | C30: 13033030 | D30: 4651042 | E30: 29873565 | F30: 10560948
A31: Fuzzy | C31: 12349635 | D31: 4652048 | E31: 25947919 | F31: 9643339.1
A32: NSGA3 | C32: 17960075 | D32: 4672293 | E32: 52120072 | F32: 16340250
A33: MQGA | C33: 15648173 | D33: 4880299 | E33: 37945103 | F33: 13916764
A34: Greedy | C34: 18877419 | D34: 4654859 | E34: 66446854 | F34: 18015535
A35: MOPSO | C35: 17821153 | D35: 4883237 | E35: 48691931 | F35: 16349445
A36: RL | C36: 18101670 | D36: 4655832 | E36: 58680654 | F36: 17031405
A39: Average data for chart
A40: Algorithms | B40: 1 | C40: 2 | D40: 3
A41: QUEST | B41: 5227377.5 | C41: 7339177.4 | D41: 31537079
A42: QUEST_NDVFS | B42: 4653333 | C42: 6571627 | D42: 27874131
A43: Fuzzy | B43: 5352096.5 | C43: 7448946.8 | D43: 33947861
A44: NSGA3 | B44: 5654229.2 | C44: 7777861.9 | D44: 40448134
A45: MQGA | B45: 5400000.5 | C45: 7765231.8 | D45: 35279286
A46: Greedy | B46: 5598206.5 | C46: 7949818.8 | D46: 43084232
A47: MOPSO | B47: 5239288.5 | C47: 7523493.2 | D47: 40700678
A48: RL | B48: 5309396 | C48: 8086983.4 | D48: 40908631
A51: All data for chart
A52: Algorithms | B52: 1 | C52: 1 | D52: 1 | E52: 1 | F52: 1 | G52: 1 | H52: 1 | I52: 1 | J52: 1 | K52: 1 | L52: 1 | M52: 1 | N52: 1 | O52: 1 | P52: 1 | Q52: 1 | R52: 1 | S52: 1 | T52: 1 | U52: 1 | V52: 2 | W52: 2 | X52: 2 | Y52: 2 | Z52: 2 | AA52: 2 | AB52: 2 | AC52: 2 | AD52: 2 | AE52: 2 | AF52: 2 | AG52: 2 | AH52: 2 | AI52: 2 | AJ52: 2 | AK52: 2 | AL52: 2 | AM52: 2 | AN52: 2 | AO52: 2 | AP52: 3 | AQ52: 3 | AR52: 3 | AS52: 3 | AT52: 3 | AU52: 3 | AV52: 3 | AW52: 3 | AX52: 3 | AY52: 3 | AZ52: 3 | BA52: 3 | BB52: 3 | BC52: 3 | BD52: 3 | BE52: 3 | BF52: 3 | BG52: 3 | BH52: 3 | BI52: 3
A53: QUEST | B53: 5226041 | C53: 5224191 | D53: 5227005 | E53: 5225064 | F53: 5228860 | G53: 5224169 | H53: 5225041 | I53: 5231128 | J53: 5243411 | K53: 5224848 | L53: 5224084 | M53: 5228023 | N53: 5225103 | O53: 5225105 | P53: 5226160 | Q53: 5227992 | R53: 5228054 | S53: 5229175 | T53: 5226949 | U53: 5227147 | V53: 7816857 | W53: 7131683 | X53: 7129030 | Y53: 7128837 | Z53: 7809582 | AA53: 7817377 | AB53: 7140340 | AC53: 7135739 | AD53: 7154965 | AE53: 7133320 | AF53: 7146294 | AG53: 7128765 | AH53: 7126856 | AI53: 7815694 | AJ53: 7128990 | AK53: 7138695 | AL53: 7137345 | AM53: 7823117 | AN53: 7815105 | AO53: 7124957 | AP53: 31435827 | AQ53: 27809290 | AR53: 31810233 | AS53: 33928125 | AT53: 34036034 | AU53: 29197438 | AV53: 34043534 | AW53: 31810929 | AX53: 31316254 | AY53: 31805423 | AZ53: 31236666 | BA53: 31436356 | BB53: 33923259 | BC53: 29199343 | BD53: 31431159 | BE53: 30820356 | BF53: 31435438 | BG53: 31316301 | BH53: 31429607 | BI53: 31320009
A54: QUEST_NDVFS | B54: 4652910 | C54: 4652119 | D54: 4651160 | E54: 4657015 | F54: 4655043 | G54: 4654976 | H54: 4654963 | I54: 4651042 | J54: 4655019 | K54: 4652079 | L54: 4652139 | M54: 4654093 | N54: 4652877 | O54: 4654066 | P54: 4652106 | Q54: 4652011 | R54: 4652830 | S54: 4651169 | T54: 4654210 | U54: 4654834 | V54: 6728153 | W54: 6446499 | X54: 6449272 | Y54: 6446268 | Z54: 6721636 | AA54: 6443342 | AB54: 6461069 | AC54: 6467473 | AD54: 6737453 | AE54: 6441592 | AF54: 6739046 | AG54: 6448099 | AH54: 7448124 | AI54: 6444956 | AJ54: 6456509 | AK54: 6467056 | AL54: 6457506 | AM54: 6452649 | AN54: 6455228 | AO54: 6720611 | AP54: 28825195 | AQ54: 28831388 | AR54: 28715595 | AS54: 25607066 | AT54: 28824460 | AU54: 27633846 | AV54: 26647576 | AW54: 28824236 | AX54: 29871702 | AY54: 25599452 | AZ54: 26593084 | BA54: 25605810 | BB54: 29756588 | BC54: 28710715 | BD54: 28708756 | BE54: 26245281 | BF54: 26600197 | BG54: 29756766 | BH54: 26251339 | BI54: 29873565
A55: Fuzzy | B55: 4652102 | C55: 4652069 | D55: 4652114 | E55: 4652048 | F55: 4652104 | G55: 4652102 | H55: 4652119 | I55: 4652082 | J55: 4652087 | K55: 4652154 | L55: 4652078 | M55: 4652073 | N55: 4652096 | O55: 4652078 | P55: 4652080 | Q55: 4652100 | R55: 4652088 | S55: 4652155 | T55: 4652108 | U55: 4652093 | V55: 6448977 | W55: 6448933 | X55: 6448952 | Y55: 6448955 | Z55: 6448956 | AA55: 6448945 | AB55: 6448981 | AC55: 6448974 | AD55: 6448923 | AE55: 6448960 | AF55: 6448886 | AG55: 6448929 | AH55: 6448962 | AI55: 6448913 | AJ55: 6448948 | AK55: 6448972 | AL55: 6448926 | AM55: 6448959 | AN55: 6448933 | AO55: 6448951 | AP55: 25947838 | AQ55: 25947919 | AR55: 25947879 | AS55: 25947824 | AT55: 25947861 | AU55: 25947834 | AV55: 25947846 | AW55: 25947873 | AX55: 25947854 | AY55: 25947857 | AZ55: 25947868 | BA55: 25947843 | BB55: 25947846 | BC55: 25947867 | BD55: 25947873 | BE55: 25947874 | BF55: 25947872 | BG55: 25947851 | BH55: 25947871 | BI55: 25947865
A56: NSGA3 | B56: 4900460 | C56: 5560469 | D56: 6533777 | E56: 5642745 | F56: 6533063 | G56: 4911047 | H56: 5561242 | I56: 4886286 | J56: 5134459 | K56: 5576609 | L56: 7005157 | M56: 5329288 | N56: 5563347 | O56: 6947412 | P56: 4893132 | Q56: 4672293 | R56: 7232909 | S56: 5966118 | T56: 4886244 | U56: 5348526 | V56: 10024604 | W56: 7470599 | X56: 7470441 | Y56: 8518015 | Z56: 7728154 | AA56: 8901266 | AB56: 8392888 | AC56: 6727312 | AD56: 6724398 | AE56: 8375584 | AF56: 7720805 | AG56: 7442318 | AH56: 7989649 | AI56: 7751200 | AJ56: 8713696 | AK56: 6717680 | AL56: 6731087 | AM56: 6730699 | AN56: 7719734 | AO56: 7707109 | AP56: 29752247 | AQ56: 42861029 | AR56: 37894955 | AS56: 32635861 | AT56: 42393406 | AU56: 39051404 | AV56: 38340424 | AW56: 33682494 | AX56: 39946798 | AY56: 50532716 | AZ56: 42162088 | BA56: 39175754 | BB56: 37082504 | BC56: 42402723 | BD56: 46757639 | BE56: 32241420 | BF56: 47241288 | BG56: 52120072 | BH56: 49118242 | BI56: 33569615
A57: MQGA | B57: 4880355 | C57: 4901593 | D57: 4882181 | E57: 4883256 | F57: 4884096 | G57: 4881219 | H57: 4881220 | I57: 4883247 | J57: 4882091 | K57: 4901508 | L57: 4903507 | M57: 4881276 | N57: 4883351 | O57: 5134416 | P57: 4880299 | Q57: 4884146 | R57: 4884206 | S57: 4885041 | T57: 4902491 | U57: 4900510 | V57: 7079969 | W57: 6450662 | X57: 6462860 | Y57: 6730462 | Z57: 6732591 | AA57: 6728774 | AB57: 6458803 | AC57: 6732733 | AD57: 7318133 | AE57: 6448348 | AF57: 7450207 | AG57: 6718023 | AH57: 7216020 | AI57: 6452406 | AJ57: 6736081 | AK57: 6716146 | AL57: 6720594 | AM57: 6715074 | AN57: 6718179 | AO57: 6718570 | AP57: 35405553 | AQ57: 37945103 | AR57: 35737230 | AS57: 34867332 | AT57: 33583749 | AU57: 34440134 | AV57: 35982945 | AW57: 33014697 | AX57: 34330526 | AY57: 34860206 | AZ57: 34827671 | BA57: 35926961 | BB57: 35661158 | BC57: 34592691 | BD57: 36306825 | BE57: 35138146 | BF57: 36373219 | BG57: 34660545 | BH57: 36205318 | BI57: 35725704
A58: Greedy | B58: 5130772 | C58: 5578718 | D58: 7667822 | E58: 4654859 | F58: 5576839 | G58: 5127761 | H58: 6867596 | I58: 4901525 | J58: 4657014 | K58: 4903452 | L58: 5580518 | M58: 5638558 | N58: 6532511 | O58: 5559661 | P58: 5348506 | Q58: 5331244 | R58: 6883327 | S58: 5330507 | T58: 5559346 | U58: 5133593 | V58: 7447895 | W58: 7471107 | X58: 8378294 | Y58: 9028854 | Z58: 8787047 | AA58: 10652992 | AB58: 6848129 | AC58: 9199622 | AD58: 10262403 | AE58: 6446136 | AF58: 7449921 | AG58: 9113615 | AH58: 7265011 | AI58: 7260495 | AJ58: 7721369 | AK58: 6732081 | AL58: 7717112 | AM58: 7079579 | AN58: 7396438 | AO58: 6738275 | AP58: 53689053 | AQ58: 35005509 | AR58: 49763317 | AS58: 32801070 | AT58: 39294697 | AU58: 40039980 | AV58: 39487164 | AW58: 30279910 | AX58: 38006720 | AY58: 66446854 | AZ58: 28710170 | BA58: 32941703 | BB58: 39473934 | BC58: 54788423 | BD58: 36928104 | BE58: 53293553 | BF58: 50823956 | BG58: 46075468 | BH58: 47224516 | BI58: 46610540
A59: MOPSO | B59: 4903315 | C59: 5334907 | D59: 4883238 | E59: 5140270 | F59: 5119230 | G59: 5136021 | H59: 4883237 | I59: 5558447 | J59: 4897579 | K59: 5329277 | L59: 5331189 | M59: 5134469 | N59: 5568166 | O59: 5333306 | P59: 5331246 | Q59: 5329219 | R59: 5329303 | S59: 5331217 | T59: 5351572 | U59: 5560561 | V59: 7735172 | W59: 7448967 | X59: 6744079 | Y59: 7715379 | Z59: 7721629 | AA59: 7442242 | AB59: 7657665 | AC59: 7448813 | AD59: 7454448 | AE59: 7405818 | AF59: 7724855 | AG59: 7450971 | AH59: 7721652 | AI59: 7462929 | AJ59: 7523616 | AK59: 7448994 | AL59: 7456288 | AM59: 7451245 | AN59: 7726538 | AO59: 7728563 | AP59: 39480361 | AQ59: 41969434 | AR59: 42585284 | AS59: 44516815 | AT59: 43977862 | AU59: 34095068 | AV59: 39127514 | AW59: 48428631 | AX59: 41351601 | AY59: 39848983 | AZ59: 39482147 | BA59: 36628401 | BB59: 35143188 | BC59: 38255218 | BD59: 42799891 | BE59: 38306897 | BF59: 41040951 | BG59: 41035561 | BH59: 37247813 | BI59: 48691931
A60: RL | B60: 5115925 | C60: 5888720 | D60: 4885276 | E60: 5334890 | F60: 4901696 | G60: 5559704 | H60: 5328410 | I60: 5580557 | J60: 5135277 | K60: 5560536 | L60: 5559637 | M60: 4904237 | N60: 4655832 | O60: 7253929 | P60: 4903483 | Q60: 5331225 | R60: 5132357 | S60: 5135720 | T60: 5136441 | U60: 4884067 | V60: 6466489 | W60: 7451762 | X60: 6718576 | Y60: 6464817 | Z60: 7449228 | AA60: 6713930 | AB60: 8426112 | AC60: 7446694 | AD60: 7321864 | AE60: 8627484 | AF60: 10642406 | AG60: 8309288 | AH60: 7456105 | AI60: 7831433 | AJ60: 10262770 | AK60: 8746912 | AL60: 7717923 | AM60: 10644640 | AN60: 7471933 | AO60: 9569302 | AP60: 30685585 | AQ60: 58680654 | AR60: 32710137 | AS60: 32674355 | AT60: 29663623 | AU60: 57548091 | AV60: 35941787 | AW60: 47576630 | AX60: 42203502 | AY60: 48657437 | AZ60: 29873560 | BA60: 45031004 | BB60: 36205007 | BC60: 45887226 | BD60: 33679834 | BE60: 42684601 | BF60: 43626694 | BG60: 55705735 | BH60: 39383468 | BI60: 29753686
A65: All data for chart
A66: Algorithms | B66: Load 1 | C66: Load 2 | D66: Load 3
A67: QUEST | B67: 5226041 | C67: 7816857 | D67: 31435827
A68: QUEST | B68: 5224191 | C68: 7131683 | D68: 27809290
A69: QUEST | B69: 5227005 | C69: 7129030 | D69: 31810233
A70: QUEST | B70: 5225064 | C70: 7128837 | D70: 33928125
A71: QUEST | B71: 5228860 | C71: 7809582 | D71: 34036034
A72: QUEST | B72: 5224169 | C72: 7817377 | D72: 29197438
A73: QUEST | B73: 5225041 | C73: 7140340 | D73: 34043534
A74: QUEST | B74: 5231128 | C74: 7135739 | D74: 31810929 | E74: Load 5334890 | F74: Load 5888720
A75: QUEST | B75: 5243411 | C75: 7154965 | D75: 31316254
A76: QUEST | B76: 5224848 | C76: 7133320 | D76: 31805423
A77: QUEST | B77: 5224084 | C77: 7146294 | D77: 31236666
A78: QUEST | B78: 5228023 | C78: 7128765 | D78: 31436356
A79: QUEST | B79: 5225103 | C79: 7126856 | D79: 33923259
A80: QUEST | B80: 5225105 | C80: 7815694 | D80: 29199343
A81: QUEST | B81: 5226160 | C81: 7128990 | D81: 31431159
A82: QUEST | B82: 5227992 | C82: 7138695 | D82: 30820356
A83: QUEST | B83: 5228054 | C83: 7137345 | D83: 31435438
A84: QUEST | B84: 5229175 | C84: 7823117 | D84: 31316301
A85: QUEST | B85: 5226949 | C85: 7815105 | D85: 31429607
A86: QUEST | B86: 5227147 | C86: 7124957 | D86: 31320009
... A226: RL | B226: 4884067 | C226: 9569302 | D226: 29753686

Sheet Success Rate
A1: Algorithm | B1: Load | C1: Average | D1: Min | E1: Max | F1: Std Dev
A2: QUEST | B2: 1 | C2: 0 | D2: FALSE | E2: FALSE | F2: 0
A3: QUEST | B3: 2 | C3: 0 | D3: FALSE | E3: FALSE | F3: 0
A4: QUEST | B4: 3 | C4: 0 | D4: FALSE | E4: FALSE | F4: 0
A5: QUEST_NDVFS | B5: 1 | C5: 0 | D5: FALSE | E5: FALSE | F5: 0
A6: QUEST_NDVFS | B6: 2 | C6: 0 | D6: FALSE | E6: FALSE | F6: 0
A7: QUEST_NDVFS | B7: 3 | C7: 0 | D7: FALSE | E7: FALSE | F7: 0
A8: Fuzzy | B8: 1 | C8: 0 | D8: FALSE | E8: FALSE | F8: 0
A9: Fuzzy | B9: 2 | C9: 0 | D9: FALSE | E9: FALSE | F9: 0
A10: Fuzzy | B10: 3 | C10: 0 | D10: FALSE | E10: FALSE | F10: 0
A11: NSGA3 | B11: 1 | C11: 0 | D11: FALSE | E11: FALSE | F11: 0
A12: NSGA3 | B12: 2 | C12: 0 | D12: FALSE | E12: FALSE | F12: 0
A13: NSGA3 | B13: 3 | C13: 0 | D13: FALSE | E13: FALSE | F13: 0
... A25: RL | B25: 3 | C25: 0 | D25: FALSE | E25: FALSE | F25: 0
A28: Summary by Algorithm
A29: QUEST | C29: 0 | D29: FALSE | E29: FALSE | F29: 0
A30: QUEST_NDVFS | C30: 0 | D30: FALSE | E30: FALSE | F30: 0
A31: Fuzzy | C31: 0 | D31: FALSE | E31: FALSE | F31: 0
A32: NSGA3 | C32: 0 | D32: FALSE | E32: FALSE | F32: 0
A33: MQGA | C33: 0 | D33: FALSE | E33: FALSE | F33: 0
A34: Greedy | C34: 0 | D34: FALSE | E34: FALSE | F34: 0
A35: MOPSO | C35: 0 | D35: FALSE | E35: FALSE | F35: 0
A36: RL | C36: 0 | D36: FALSE | E36: FALSE | F36: 0
A39: Average data for chart
A40: Algorithms | B40: 1 | C40: 2 | D40: 3
A41: QUEST | B41: 0 | C41: 0 | D41: 0
A42: QUEST_NDVFS | B42: 0 | C42: 0 | D42: 0
A43: Fuzzy | B43: 0 | C43: 0 | D43: 0
A44: NSGA3 | B44: 0 | C44: 0 | D44: 0
A45: MQGA | B45: 0 | C45: 0 | D45: 0
A46: Greedy | B46: 0 | C46: 0 | D46: 0
A47: MOPSO | B47: 0 | C47: 0 | D47: 0
A48: RL | B48: 0 | C48: 0 | D48: 0
A51: All data for chart
A52: Algorithms | B52: 1 | C52: 1 | D52: 1 | E52: 1 | F52: 1 | G52: 1 | H52: 1 | I52: 1 | J52: 1 | K52: 1 | L52: 1 | M52: 1 | N52: 1 | O52: 1 | P52: 1 | Q52: 1 | R52: 1 | S52: 1 | T52: 1 | U52: 1 | V52: 2 | W52: 2 | X52: 2 | Y52: 2 | Z52: 2 | AA52: 2 | AB52: 2 | AC52: 2 | AD52: 2 | AE52: 2 | AF52: 2 | AG52: 2 | AH52: 2 | AI52: 2 | AJ52: 2 | AK52: 2 | AL52: 2 | AM52: 2 | AN52: 2 | AO52: 2 | AP52: 3 | AQ52: 3 | AR52: 3 | AS52: 3 | AT52: 3 | AU52: 3 | AV52: 3 | AW52: 3 | AX52: 3 | AY52: 3 | AZ52: 3 | BA52: 3 | BB52: 3 | BC52: 3 | BD52: 3 | BE52: 3 | BF52: 3 | BG52: 3 | BH52: 3 | BI52: 3
A53: QUEST | B53: FALSE | C53: FALSE | D53: FALSE | E53: FALSE | F53: FALSE | G53: FALSE | H53: FALSE | I53: FALSE | J53: FALSE | K53: FALSE | L53: FALSE | M53: FALSE | N53: FALSE | O53: FALSE | P53: FALSE | Q53: FALSE | R53: FALSE | S53: FALSE | T53: FALSE | U53: FALSE | V53: FALSE | W53: FALSE | X53: FALSE | Y53: FALSE | Z53: FALSE | AA53: FALSE | AB53: FALSE | AC53: FALSE | AD53: FALSE | AE53: FALSE | AF53: FALSE | AG53: FALSE | AH53: FALSE | AI53: FALSE | AJ53: FALSE | AK53: FALSE | AL53: FALSE | AM53: FALSE | AN53: FALSE | AO53: FALSE | AP53: FALSE | AQ53: FALSE | AR53: FALSE | AS53: FALSE | AT53: FALSE | AU53: FALSE | AV53: FALSE | AW53: FALSE | AX53: FALSE | AY53: FALSE | AZ53: FALSE | BA53: FALSE | BB53: FALSE | BC53: FALSE | BD53: FALSE | BE53: FALSE | BF53: FALSE | BG53: FALSE | BH53: FALSE | BI53: FALSE
A54: QUEST_NDVFS | B54: FALSE | C54: FALSE | D54: FALSE | E54: FALSE | F54: FALSE | G54: FALSE | H54: FALSE | I54: FALSE | J54: FALSE | K54: FALSE | L54: FALSE | M54: FALSE | N54: FALSE | O54: FALSE | P54: FALSE | Q54: FALSE | R54: FALSE | S54: FALSE | T54: FALSE | U54: FALSE | V54: FALSE | W54: FALSE | X54: FALSE | Y54: FALSE | Z54: FALSE | AA54: FALSE | AB54: FALSE | AC54: FALSE | AD54: FALSE | AE54: FALSE | AF54: FALSE | AG54: FALSE | AH54: FALSE | AI54: FALSE | AJ54: FALSE | AK54: FALSE | AL54: FALSE | AM54: FALSE | AN54: FALSE | AO54: FALSE | AP54: FALSE | AQ54: FALSE | AR54: FALSE | AS54: FALSE | AT54: FALSE | AU54: FALSE | AV54: FALSE | AW54: FALSE | AX54: FALSE | AY54: FALSE | AZ54: FALSE | BA54: FALSE | BB54: FALSE | BC54: FALSE | BD54: FALSE | BE54: FALSE | BF54: FALSE | BG54: FALSE | BH54: FALSE | BI54: FALSE
A55: Fuzzy | B55: FALSE | C55: FALSE | D55: FALSE | E55: FALSE | F55: FALSE | G55: FALSE | H55: FALSE | I55: FALSE | J55: FALSE | K55: FALSE | L55: FALSE | M55: FALSE | N55: FALSE | O55: FALSE | P55: FALSE | Q55: FALSE | R55: FALSE | S55: FALSE | T55: FALSE | U55: FALSE | V55: FALSE | W55: FALSE | X55: FALSE | Y55: FALSE | Z55: FALSE | AA55: FALSE | AB55: FALSE | AC55: FALSE | AD55: FALSE | AE55: FALSE | AF55: FALSE | AG55: FALSE | AH55: FALSE | AI55: FALSE | AJ55: FALSE | AK55: FALSE | AL55: FALSE | AM55: FALSE | AN55: FALSE | AO55: FALSE | AP55: FALSE | AQ55: FALSE | AR55: FALSE | AS55: FALSE | AT55: FALSE | AU55: FALSE | AV55: FALSE | AW55: FALSE | AX55: FALSE | AY55: FALSE | AZ55: FALSE | BA55: FALSE | BB55: FALSE | BC55: FALSE | BD55: FALSE | BE55: FALSE | BF55: FALSE | BG55: FALSE | BH55: FALSE | BI55: FALSE
A56: NSGA3 | B56: FALSE | C56: FALSE | D56: FALSE | E56: FALSE | F56: FALSE | G56: FALSE | H56: FALSE | I56: FALSE | J56: FALSE | K56: FALSE | L56: FALSE | M56: FALSE | N56: FALSE | O56: FALSE | P56: FALSE | Q56: FALSE | R56: FALSE | S56: FALSE | T56: FALSE | U56: FALSE | V56: FALSE | W56: FALSE | X56: FALSE | Y56: FALSE | Z56: FALSE | AA56: FALSE | AB56: FALSE | AC56: FALSE | AD56: FALSE | AE56: FALSE | AF56: FALSE | AG56: FALSE | AH56: FALSE | AI56: FALSE | AJ56: FALSE | AK56: FALSE | AL56: FALSE | AM56: FALSE | AN56: FALSE | AO56: FALSE | AP56: FALSE | AQ56: FALSE | AR56: FALSE | AS56: FALSE | AT56: FALSE | AU56: FALSE | AV56: FALSE | AW56: FALSE | AX56: FALSE | AY56: FALSE | AZ56: FALSE | BA56: FALSE | BB56: FALSE | BC56: FALSE | BD56: FALSE | BE56: FALSE | BF56: FALSE | BG56: FALSE | BH56: FALSE | BI56: FALSE
A57: MQGA | B57: FALSE | C57: FALSE | D57: FALSE | E57: FALSE | F57: FALSE | G57: FALSE | H57: FALSE | I57: FALSE | J57: FALSE | K57: FALSE | L57: FALSE | M57: FALSE | N57: FALSE | O57: FALSE | P57: FALSE | Q57: FALSE | R57: FALSE | S57: FALSE | T57: FALSE | U57: FALSE | V57: FALSE | W57: FALSE | X57: FALSE | Y57: FALSE | Z57: FALSE | AA57: FALSE | AB57: FALSE | AC57: FALSE | AD57: FALSE | AE57: FALSE | AF57: FALSE | AG57: FALSE | AH57: FALSE | AI57: FALSE | AJ57: FALSE | AK57: FALSE | AL57: FALSE | AM57: FALSE | AN57: FALSE | AO57: FALSE | AP57: FALSE | AQ57: FALSE | AR57: FALSE | AS57: FALSE | AT57: FALSE | AU57: FALSE | AV57: FALSE | AW57: FALSE | AX57: FALSE | AY57: FALSE | AZ57: FALSE | BA57: FALSE | BB57: FALSE | BC57: FALSE | BD57: FALSE | BE57: FALSE | BF57: FALSE | BG57: FALSE | BH57: FALSE | BI57: FALSE
A58: Greedy | B58: FALSE | C58: FALSE | D58: FALSE | E58: FALSE | F58: FALSE | G58: FALSE | H58: FALSE | I58: FALSE | J58: FALSE | K58: FALSE | L58: FALSE | M58: FALSE | N58: FALSE | O58: FALSE | P58: FALSE | Q58: FALSE | R58: FALSE | S58: FALSE | T58: FALSE | U58: FALSE | V58: FALSE | W58: FALSE | X58: FALSE | Y58: FALSE | Z58: FALSE | AA58: FALSE | AB58: FALSE | AC58: FALSE | AD58: FALSE | AE58: FALSE | AF58: FALSE | AG58: FALSE | AH58: FALSE | AI58: FALSE | AJ58: FALSE | AK58: FALSE | AL58: FALSE | AM58: FALSE | AN58: FALSE | AO58: FALSE | AP58: FALSE | AQ58: FALSE | AR58: FALSE | AS58: FALSE | AT58: FALSE | AU58: FALSE | AV58: FALSE | AW58: FALSE | AX58: FALSE | AY58: FALSE | AZ58: FALSE | BA58: FALSE | BB58: FALSE | BC58: FALSE | BD58: FALSE | BE58: FALSE | BF58: FALSE | BG58: FALSE | BH58: FALSE | BI58: FALSE
A59: MOPSO | B59: FALSE | C59: FALSE | D59: FALSE | E59: FALSE | F59: FALSE | G59: FALSE | H59: FALSE | I59: FALSE | J59: FALSE | K59: FALSE | L59: FALSE | M59: FALSE | N59: FALSE | O59: FALSE | P59: FALSE | Q59: FALSE | R59: FALSE | S59: FALSE | T59: FALSE | U59: FALSE | V59: FALSE | W59: FALSE | X59: FALSE | Y59: FALSE | Z59: FALSE | AA59: FALSE | AB59: FALSE | AC59: FALSE | AD59: FALSE | AE59: FALSE | AF59: FALSE | AG59: FALSE | AH59: FALSE | AI59: FALSE | AJ59: FALSE | AK59: FALSE | AL59: FALSE | AM59: FALSE | AN59: FALSE | AO59: FALSE | AP59: FALSE | AQ59: FALSE | AR59: FALSE | AS59: FALSE | AT59: FALSE | AU59: FALSE | AV59: FALSE | AW59: FALSE | AX59: FALSE | AY59: FALSE | AZ59: FALSE | BA59: FALSE | BB59: FALSE | BC59: FALSE | BD59: FALSE | BE59: FALSE | BF59: FALSE | BG59: FALSE | BH59: FALSE | BI59: FALSE
A60: RL | B60: FALSE | C60: FALSE | D60: FALSE | E60: FALSE | F60: FALSE | G60: FALSE | H60: FALSE | I60: FALSE | J60: FALSE | K60: FALSE | L60: FALSE | M60: FALSE | N60: FALSE | O60: FALSE | P60: FALSE | Q60: FALSE | R60: FALSE | S60: FALSE | T60: FALSE | U60: FALSE | V60: FALSE | W60: FALSE | X60: FALSE | Y60: FALSE | Z60: FALSE | AA60: FALSE | AB60: FALSE | AC60: FALSE | AD60: FALSE | AE60: FALSE | AF60: FALSE | AG60: FALSE | AH60: FALSE | AI60: FALSE | AJ60: FALSE | AK60: FALSE | AL60: FALSE | AM60: FALSE | AN60: FALSE | AO60: FALSE | AP60: FALSE | AQ60: FALSE | AR60: FALSE | AS60: FALSE | AT60: FALSE | AU60: FALSE | AV60: FALSE | AW60: FALSE | AX60: FALSE | AY60: FALSE | AZ60: FALSE | BA60: FALSE | BB60: FALSE | BC60: FALSE | BD60: FALSE | BE60: FALSE | BF60: FALSE | BG60: FALSE | BH60: FALSE | BI60: FALSE

Sheet Load Edge
A1: Algorithm | B1: Load | C1: Average | D1: Min | E1: Max | F1: Std Dev
A2: QUEST | B2: 1 | C2: 411912.72 | D2: 242583.4 | E2: 511536.37 | F2: 80033.019
A3: QUEST | B3: 2 | C3: 1078863.1 | D3: 831445.13 | E3: 1226793.4 | F3: 125356.93
A4: QUEST | B4: 3 | C4: 11206630 | D4: 10319681 | E4: 12504729 | F4: 617336.08
A5: QUEST_NDVFS | B5: 1 | C5: 447181.63 | D5: 324876.43 | E5: 492488.93 | F5: 57384.91
A6: QUEST_NDVFS | B6: 2 | C6: 1090505.8 | D6: 914359.03 | E6: 1195191.8 | F6: 89988.306
A7: QUEST_NDVFS | B7: 3 | C7: 11148341 | D7: 10057105 | E7: 12485077 | F7: 631237.27
A8: Fuzzy | B8: 1 | C8: 492396.53 | D8: 492396.53 | E8: 492396.53 | F8: 0
A9: Fuzzy | B9: 2 | C9: 1150585.6 | D9: 1150585.6 | E9: 1150585.6 | F9: 0
A10: Fuzzy | B10: 3 | C10: 11889572 | D10: 11889572 | E10: 11889572 | F10: 0
A11: NSGA3 | B11: 1 | C11: 523871.85 | D11: 380537.23 | E11: 576343.5 | F11: 43131.091
A12: NSGA3 | B12: 2 | C12: 1217949.9 | D12: 1106496.7 | E12: 1328948.9 | F12: 70183.513
A13: NSGA3 | B13: 3 | C13: 11947888 | D13: 11150398 | E13: 12701716 | F13: 505217.96
... A25: RL | B25: 3 | C25: 12058925 | D25: 10755995 | E25: 12734435 | F25: 426596.86
A28: Summary by Algorithm
A29: QUEST | C29: 4232468.5 | D29: 242583.4 | E29: 12504729 | F29: 4952575.8
A30: QUEST_NDVFS | C30: 4228676.3 | D30: 324876.43 | E30: 12485077 | F30: 4913906.6
A31: Fuzzy | C31: 4510851.5 | D31: 492396.53 | E31: 11889572 | F31: 5224458.1
A32: NSGA3 | C32: 4563236.7 | D32: 380537.23 | E32: 12701716 | F32: 5237764.2
A33: MQGA | C33: 4572277.5 | D33: 499416.47 | E33: 12640504 | F33: 5268792
A34: Greedy | C34: 4612429.8 | D34: 422526 | E34: 12975655 | F34: 5325586.1
A35: MOPSO | C35: 4462528.6 | D35: 441896.13 | E35: 12315710 | F35: 5074628.4
A36: RL | C36: 4591217.3 | D36: 316526.5 | E36: 12734435 | F36: 5294455.8
A39: Average data for chart
A40: Algorithms | B40: 1 | C40: 2 | D40: 3
A41: QUEST | B41: 411912.72 | C41: 1078863.1 | D41: 11206630
A42: QUEST_NDVFS | B42: 447181.63 | C42: 1090505.8 | D42: 11148341
A43: Fuzzy | B43: 492396.53 | C43: 1150585.6 | D43: 11889572
A44: NSGA3 | B44: 523871.85 | C44: 1217949.9 | D44: 11947888
A45: MQGA | B45: 508975.66 | C45: 1206881 | D45: 12000976
A46: Greedy | B46: 513117.35 | C46: 1198493.1 | D46: 12125679
A47: MOPSO | B47: 524190.32 | C47: 1246501.9 | D47: 11616894
A48: RL | B48: 505590.1 | C48: 1209136.7 | D48: 12058925
A51: All data for chart
A52: Algorithms | B52: 1 | C52: 1 | D52: 1 | E52: 1 | F52: 1 | G52: 1 | H52: 1 | I52: 1 | J52: 1 | K52: 1 | L52: 1 | M52: 1 | N52: 1 | O52: 1 | P52: 1 | Q52: 1 | R52: 1 | S52: 1 | T52: 1 | U52: 1 | V52: 2 | W52: 2 | X52: 2 | Y52: 2 | Z52: 2 | AA52: 2 | AB52: 2 | AC52: 2 | AD52: 2 | AE52: 2 | AF52: 2 | AG52: 2 | AH52: 2 | AI52: 2 | AJ52: 2 | AK52: 2 | AL52: 2 | AM52: 2 | AN52: 2 | AO52: 2 | AP52: 3 | AQ52: 3 | AR52: 3 | AS52: 3 | AT52: 3 | AU52: 3 | AV52: 3 | AW52: 3 | AX52: 3 | AY52: 3 | AZ52: 3 | BA52: 3 | BB52: 3 | BC52: 3 | BD52: 3 | BE52: 3 | BF52: 3 | BG52: 3 | BH52: 3 | BI52: 3
A53: QUEST | B53: 242583.4 | C53: 511458.8 | D53: 432868.83 | E53: 375369.03 | F53: 422832.73 | G53: 511425.53 | H53: 309640.43 | I53: 511336.97 | J53: 320620.07 | K53: 511480.47 | L53: 407657.6 | M53: 398842.67 | N53: 432325.87 | O53: 511474.07 | P53: 353608.77 | Q53: 511536.37 | R53: 398649.1 | S53: 298060.17 | T53: 410968.9 | U53: 365514.67 | V53: 1226793.4 | W53: 1124995.9 | X53: 1044134.5 | Y53: 831445.13 | Z53: 1221298.9 | AA53: 988639.93 | AB53: 952241.87 | AC53: 1197308.5 | AD53: 1211305.7 | AE53: 1034234.1 | AF53: 1146599.3 | AG53: 1193193.3 | AH53: 1188332.4 | AI53: 925518.93 | AJ53: 1209706.4 | AK53: 1042518.3 | AL53: 1217915.7 | AM53: 925430.97 | AN53: 970326.2 | AO53: 925321.9 | AP53: 10334290 | AQ53: 10734743 | AR53: 11516221 | AS53: 11427512 | AT53: 11546388 | AU53: 11413803 | AV53: 10319681 | AW53: 10785567 | AX53: 12092052 | AY53: 11999240 | AZ53: 10587621 | BA53: 10942126 | BB53: 10559257 | BC53: 10903331 | BD53: 11772388 | BE53: 11271579 | BF53: 10442205 | BG53: 11142933 | BH53: 12504729 | BI53: 11836925
A54: QUEST_NDVFS | B54: 492179.53 | C54: 391560.53 | D54: 492379.07 | E54: 353705.97 | F54: 492488.93 | G54: 391796.9 | H54: 391886.6 | I54: 413395.9 | J54: 492222.4 | K54: 492457.57 | L54: 492085.23 | M54: 492009.5 | N54: 324876.43 | O54: 492470.07 | P54: 489493.1 | Q54: 492286.43 | R54: 391858.2 | S54: 492318.2 | T54: 492468.47 | U54: 379693.5 | V54: 1182218.9 | W54: 1171682.6 | X54: 934283.1 | Y54: 1195191.8 | Z54: 1183940.1 | AA54: 1001757.1 | AB54: 1179993 | AC54: 914359.03 | AD54: 1044367.4 | AE54: 969370.13 | AF54: 1056064.6 | AG54: 1054914.2 | AH54: 1053189.1 | AI54: 996572.6 | AJ54: 1166808.7 | AK54: 1166059.7 | AL54: 1178718.6 | AM54: 1096825.7 | AN54: 1088888.2 | AO54: 1174910.7 | AP54: 11018556 | AQ54: 11216766 | AR54: 10844410 | AS54: 11850526 | AT54: 11311143 | AU54: 11471754 | AV54: 10203964 | AW54: 12485077 | AX54: 11707530 | AY54: 11880901 | AZ54: 10846782 | BA54: 10700581 | BB54: 11106637 | BC54: 10307108 | BD54: 10877452 | BE54: 10500599 | BF54: 11783705 | BG54: 10057105 | BH54: 10903116 | BI54: 11893117
A55: Fuzzy | B55: 492396.53 | C55: 492396.53 | D55: 492396.53 | E55: 492396.53 | F55: 492396.53 | G55: 492396.53 | H55: 492396.53 | I55: 492396.53 | J55: 492396.53 | K55: 492396.53 | L55: 492396.53 | M55: 492396.53 | N55: 492396.53 | O55: 492396.53 | P55: 492396.53 | Q55: 492396.53 | R55: 492396.53 | S55: 492396.53 | T55: 492396.53 | U55: 492396.53 | V55: 1150585.6 | W55: 1150585.6 | X55: 1150585.6 | Y55: 1150585.6 | Z55: 1150585.6 | AA55: 1150585.6 | AB55: 1150585.6 | AC55: 1150585.6 | AD55: 1150585.6 | AE55: 1150585.6 | AF55: 1150585.6 | AG55: 1150585.6 | AH55: 1150585.6 | AI55: 1150585.6 | AJ55: 1150585.6 | AK55: 1150585.6 | AL55: 1150585.6 | AM55: 1150585.6 | AN55: 1150585.6 | AO55: 1150585.6 | AP55: 11889572 | AQ55: 11889572 | AR55: 11889572 | AS55: 11889572 | AT55: 11889572 | AU55: 11889572 | AV55: 11889572 | AW55: 11889572 | AX55: 11889572 | AY55: 11889572 | AZ55: 11889572 | BA55: 11889572 | BB55: 11889572 | BC55: 11889572 | BD55: 11889572 | BE55: 11889572 | BF55: 11889572 | BG55: 11889572 | BH55: 11889572 | BI55: 11889572
A56: NSGA3 | B56: 547706.7 | C56: 536167.47 | D56: 540481.67 | E56: 534755.67 | F56: 522670.73 | G56: 544431.87 | H56: 576343.5 | I56: 513703.57 | J56: 432131.83 | K56: 552100.87 | L56: 530337.3 | M56: 568616.93 | N56: 542952.17 | O56: 530686.37 | P56: 541696.43 | Q56: 523937.97 | R56: 513435.4 | S56: 513209.57 | T56: 531533.7 | U56: 380537.23 | V56: 1251077.5 | W56: 1106496.7 | X56: 1232039.4 | Y56: 1270935.8 | Z56: 1328948.9 | AA56: 1199261.9 | AB56: 1248375.3 | AC56: 1258803.1 | AD56: 1163669.5 | AE56: 1187766.3 | AF56: 1284014.9 | AG56: 1277243.8 | AH56: 1249266.9 | AI56: 1124759.7 | AJ56: 1300832.6 | AK56: 1263217.5 | AL56: 1274123.3 | AM56: 1113599.9 | AN56: 1115971.4 | AO56: 1108593 | AP56: 11622222 | AQ56: 12382543 | AR56: 11230255 | AS56: 12005034 | AT56: 11394585 | AU56: 12594342 | AV56: 11872962 | AW56: 12579467 | AX56: 12277122 | AY56: 12057231 | AZ56: 12298161 | BA56: 12177909 | BB56: 12701716 | BC56: 11524788 | BD56: 12545075 | BE56: 11179285 | BF56: 11150398 | BG56: 11635399 | BH56: 11403659 | BI56: 12325612
A57: MQGA | B57: 499937.3 | C57: 516240.4 | D57: 499416.47 | E57: 500170.93 | F57: 513576.27 | G57: 499980.5 | H57: 499943.1 | I57: 500140.37 | J57: 499888.7 | K57: 516339.43 | L57: 516411.6 | M57: 513564.73 | N57: 513411 | O57: 550044.13 | P57: 513444.27 | Q57: 500133.37 | R57: 500068.3 | S57: 512367.63 | T57: 500786.33 | U57: 513648.43 | V57: 1214657.9 | W57: 1167023.9 | X57: 1088402.6 | Y57: 1228538.1 | Z57: 1227594.4 | AA57: 1233126.1 | AB57: 1060574.1 | AC57: 1187864 | AD57: 1246696 | AE57: 1178461.6 | AF57: 1314699.6 | AG57: 1225990.1 | AH57: 1262478.5 | AI57: 1150613 | AJ57: 1230476.8 | AK57: 1240070.4 | AL57: 1211214.3 | AM57: 1225951.2 | AN57: 1241936.3 | AO57: 1201250.9 | AP57: 12063764 | AQ57: 12232958 | AR57: 12047723 | AS57: 12267878 | AT57: 12018418 | AU57: 12453327 | AV57: 12399677 | AW57: 12213452 | AX57: 11979164 | AY57: 12640504 | AZ57: 12058236 | BA57: 11877054 | BB57: 12339060 | BC57: 11327744 | BD57: 11717559 | BE57: 10907941 | BF57: 12263088 | BG57: 10582015 | BH57: 12406398 | BI57: 12223554
A58: Greedy | B58: 534246.3 | C58: 422526 | D58: 454228.53 | E58: 505846.77 | F58: 572523.4 | G58: 549134.37 | H58: 530693.17 | I58: 451046.67 | J58: 505705.47 | K58: 427627.87 | L58: 570367.13 | M58: 510092.17 | N58: 523217.97 | O58: 569709.47 | P58: 465936 | Q58: 535125.27 | R58: 455918.7 | S58: 561615.63 | T58: 566688.73 | U58: 550097.33 | V58: 1313633.6 | W58: 1268180.8 | X58: 1249281.7 | Y58: 1214061.3 | Z58: 1029873.1 | AA58: 1052234 | AB58: 1190533.2 | AC58: 1209910.8 | AD58: 1274662.5 | AE58: 1254023.1 | AF58: 1098132.6 | AG58: 1234027.6 | AH58: 1221189.6 | AI58: 1222502.9 | AJ58: 1243762.1 | AK58: 1128914.9 | AL58: 1358222.4 | AM58: 1052058.8 | AN58: 1113181.5 | AO58: 1241475.5 | AP58: 12278677 | AQ58: 12382454 | AR58: 12110790 | AS58: 12592127 | AT58: 11941743 | AU58: 12178331 | AV58: 12011532 | AW58: 11920655 | AX58: 12382498 | AY58: 12383049 | AZ58: 12975655 | BA58: 12676521 | BB58: 12313114 | BC58: 12327330 | BD58: 12152386 | BE58: 11208744 | BF58: 11595528 | BG58: 11779945 | BH58: 11749855 | BI58: 11552645
A59: MOPSO | B59: 518249.63 | C59: 546545.17 | D59: 513619.53 | E59: 567760.53 | F59: 549586.33 | G59: 534261.1 | H59: 517799.07 | I59: 522426.4 | J59: 513963.73 | K59: 441896.13 | L59: 550985.17 | M59: 554085.9 | N59: 457568.47 | O59: 548260.27 | P59: 528489.7 | Q59: 467346.73 | R59: 515099.23 | S59: 546339.23 | T59: 553384.57 | U59: 536139.4 | V59: 1258528.4 | W59: 1281445.4 | X59: 1227783.5 | Y59: 1325980.3 | Z59: 1262741 | AA59: 1270665.6 | AB59: 1101777.6 | AC59: 1246554.6 | AD59: 1116817.1 | AE59: 1261158.9 | AF59: 1309968.9 | AG59: 1137066.4 | AH59: 1279444.9 | AI59: 1101087.7 | AJ59: 1231792.1 | AK59: 1306489.4 | AL59: 1324712.9 | AM59: 1283222.8 | AN59: 1305319.8 | AO59: 1297479.9 | AP59: 11800998 | AQ59: 11346799 | AR59: 11798450 | AS59: 11081181 | AT59: 11965050 | AU59: 12303254 | AV59: 12221669 | AW59: 10366354 | AX59: 11554340 | AY59: 11222756 | AZ59: 11869120 | BA59: 11796255 | BB59: 11287174 | BC59: 12315710 | BD59: 11211093 | BE59: 11244676 | BF59: 11868543 | BG59: 11552403 | BH59: 11819108 | BI59: 11712940
A60: RL | B60: 567162.27 | C60: 523299.63 | D60: 531390.43 | E60: 548704.13 | F60: 546503 | G60: 470578.13 | H60: 514896.13 | I60: 509409.57 | J60: 379950.07 | K60: 536082.07 | L60: 560622.2 | M60: 518617.9 | N60: 425146.73 | O60: 532008.17 | P60: 316526.5 | Q60: 456521.97 | R60: 567641.73 | S60: 534454.7 | T60: 554373.47 | U60: 517913.23 | V60: 1205350.2 | W60: 1319859.5 | X60: 867620.37 | Y60: 1050181.8 | Z60: 1279769.5 | AA60: 1260176.2 | AB60: 1187304.5 | AC60: 1164705.1 | AD60: 1219090.7 | AE60: 1158762 | AF60: 1248602 | AG60: 1270151.8 | AH60: 1293084.3 | AI60: 1191026.3 | AJ60: 1227014.4 | AK60: 1251772.9 | AL60: 1307940.7 | AM60: 1303440.4 | AN60: 1228556.9 | AO60: 1148323.4 | AP60: 12262026 | AQ60: 10755995 | AR60: 12734435 | AS60: 11911740 | AT60: 11889784 | AU60: 12673449 | AV60: 12134868 | AW60: 12004316 | AX60: 11754771 | AY60: 12222729 | AZ60: 11895630 | BA60: 12089597 | BB60: 12239219 | BC60: 12335409 | BD60: 12516445 | BE60: 12339693 | BF60: 11399874 | BG60: 11951339 | BH60: 11942517 | BI60: 12124666

Sheet Load Cloud
A1: Algorithm | B1: Load | C1: Average | D1: Min | E1: Max | F1: Std Dev
A2: QUEST | B2: 1 | C2: 2990597.4 | D2: 0 | E2: 8070559 | F2: 2402908.9
A3: QUEST | B3: 2 | C3: 3903562.8 | D3: 0 | E3: 11273036 | F3: 3756682
A4: QUEST | B4: 3 | C4: 35655850 | D4: 1167 | E4: 61216786 | F4: 16926378
A5: QUEST_NDVFS | B5: 1 | C5: 1357891.8 | D5: 0 | E5: 5028293 | F5: 1722675.7
A6: QUEST_NDVFS | B6: 2 | C6: 2595442.4 | D6: 0 | E6: 8162309 | F6: 2696074.3
A7: QUEST_NDVFS | B7: 3 | C7: 33125749 | D7: 0 | E7: 63918194 | F7: 17070028
A8: Fuzzy | B8: 1 | C8: 0 | D8: 0 | E8: 0 | F8: 0
A9: Fuzzy | B9: 2 | C9: 2642 | D9: 2642 | E9: 2642 | F9: 0
A10: Fuzzy | B10: 3 | C10: 2210 | D10: 2210 | E10: 2210 | F10: 0
A11: NSGA3 | B11: 1 | C11: 388080.25 | D11: 0 | E11: 5056961 | F11: 1217707
A12: NSGA3 | B12: 2 | C12: 1157545.1 | D12: 0 | E12: 3928234 | F12: 1752015
A13: NSGA3 | B13: 3 | C13: 11037860 | D13: 342 | E13: 32475527 | F13: 11347692
... A25: RL | B25: 3 | C25: 9666917.7 | D25: 0 | E25: 36902369 | F25: 11022287
A28: Summary by Algorithm
A29: QUEST | C29: 14183337 | D29: 0 | E29: 61216786 | F29: 18242888
A30: QUEST_NDVFS | C30: 12359695 | D30: 0 | E30: 63918194 | F30: 17787932
A31: Fuzzy | C31: 1617.3333 | D31: 0 | E31: 2642 | F31: 1157.1463
A32: NSGA3 | C32: 4194495 | D32: 0 | E32: 32475527 | F32: 8243502.2
A33: MQGA | C33: 2497956.6 | D33: 0 | E33: 42915543 | F33: 7644627.4
A34: Greedy | C34: 2388629.4 | D34: 0 | E34: 28053160 | F34: 5327635.9
A35: MOPSO | C35: 5563276.2 | D35: 0 | E35: 54503043 | F35: 10992417
A36: RL | C36: 3987582.8 | D36: 0 | E36: 36902369 | F36: 7719254.2
A39: Average data for chart
A40: Algorithms | B40: 1 | C40: 2 | D40: 3
A41: QUEST | B41: 2990597.4 | C41: 3903562.8 | D41: 35655850
A42: QUEST_NDVFS | B42: 1357891.8 | C42: 2595442.4 | D42: 33125749
A43: Fuzzy | B43: 0 | C43: 2642 | D43: 2210
A44: NSGA3 | B44: 388080.25 | C44: 1157545.1 | D44: 11037860
A45: MQGA | B45: 4170.3 | C45: 280447.25 | D45: 7209252.2
A46: Greedy | B46: 651985.4 | C46: 1347561 | D46: 5166341.8
A47: MOPSO | B47: 354921.6 | C47: 685530.1 | D47: 15649377
A48: RL | B48: 978364.25 | C48: 1317466.4 | D48: 9666917.7
A51: All data for chart
A52: Algorithms | B52: 1 | C52: 1 | D52: 1 | E52: 1 | F52: 1 | G52: 1 | H52: 1 | I52: 1 | J52: 1 | K52: 1 | L52: 1 | M52: 1 | N52: 1 | O52: 1 | P52: 1 | Q52: 1 | R52: 1 | S52: 1 | T52: 1 | U52: 1 | V52: 2 | W52: 2 | X52: 2 | Y52: 2 | Z52: 2 | AA52: 2 | AB52: 2 | AC52: 2 | AD52: 2 | AE52: 2 | AF52: 2 | AG52: 2 | AH52: 2 | AI52: 2 | AJ52: 2 | AK52: 2 | AL52: 2 | AM52: 2 | AN52: 2 | AO52: 2 | AP52: 3 | AQ52: 3 | AR52: 3 | AS52: 3 | AT52: 3 | AU52: 3 | AV52: 3 | AW52: 3 | AX52: 3 | AY52: 3 | AZ52: 3 | BA52: 3 | BB52: 3 | BC52: 3 | BD52: 3 | BE52: 3 | BF52: 3 | BG52: 3 | BH52: 3 | BI52: 3
A53: QUEST | B53: 8070559 | C53: 0 | D53: 2362326 | E53: 4085535 | F53: 2663667 | G53: 3542 | H53: 6057176 | I53: 9676 | J53: 5744584 | K53: 0 | L53: 3114327 | M53: 3385800 | N53: 2373143 | O53: 0 | P53: 4738259 | Q53: 0 | R53: 3389984 | S53: 6409959 | T53: 3019234 | U53: 4384176 | V53: 11859 | W53: 2457718 | X53: 5006150 | Y53: 11273036 | Z53: 7609 | AA53: 6708192 | AB53: 7476552 | AC53: 2693 | AD53: 0 | AE53: 5020309 | AF53: 2042450 | AG53: 31185 | AH53: 2642 | AI53: 8748659 | AJ53: 0 | AK53: 5006150 | AL53: 1025 | AM53: 8568559 | AN53: 7550176 | AO53: 8156292 | AP53: 61216786 | AQ53: 45272744 | AR53: 28348926 | AS53: 33088402 | AT53: 29569276 | AU53: 27899643 | AV53: 61092110 | AW53: 52628185 | AX53: 10833817 | AY53: 16955959 | AZ53: 43503718 | BA53: 45366043 | BB53: 53321528 | BC53: 45312211 | BD53: 17783434 | BE53: 32475359 | BF53: 55700636 | BG53: 36120801 | BH53: 1167 | BI53: 16626251
A54: QUEST_NDVFS | B54: 9909 | C54: 3025076 | D54: 0 | E54: 4165251 | F54: 0 | G54: 3021201 | H54: 3019234 | I54: 2369577 | J54: 6892 | K54: 0 | L54: 6792 | M54: 10767 | N54: 5028293 | O54: 0 | P54: 86267 | Q54: 3542 | R54: 3019234 | S54: 0 | T54: 0 | U54: 3385800 | V54: 29909 | W54: 2000 | X54: 7369218 | Y54: 1025 | Z54: 12851 | AA54: 5085426 | AB54: 84 | AC54: 8162309 | AD54: 3922150 | AE54: 6187644 | AF54: 3743034 | AG54: 3747617 | AH54: 3925218 | AI54: 5006150 | AJ54: 2159 | AK54: 0 | AL54: 0 | AM54: 2458927 | AN54: 2251917 | AO54: 1209 | AP54: 36092726 | AQ54: 33081443 | AR54: 36275344 | AS54: 13445894 | AT54: 27067627 | AU54: 26183026 | AV54: 60264011 | AW54: 0 | AX54: 21462277 | AY54: 12223417 | AZ54: 36804327 | BA54: 46618453 | BB54: 31674594 | BC54: 60843071 | BD54: 41020086 | BE54: 46017011 | BF54: 15098177 | BG54: 63918194 | BH54: 41221676 | BI54: 13203635
A55: Fuzzy | B55: 0 | C55: 0 | D55: 0 | E55: 0 | F55: 0 | G55: 0 | H55: 0 | I55: 0 | J55: 0 | K55: 0 | L55: 0 | M55: 0 | N55: 0 | O55: 0 | P55: 0 | Q55: 0 | R55: 0 | S55: 0 | T55: 0 | U55: 0 | V55: 2642 | W55: 2642 | X55: 2642 | Y55: 2642 | Z55: 2642 | AA55: 2642 | AB55: 2642 | AC55: 2642 | AD55: 2642 | AE55: 2642 | AF55: 2642 | AG55: 2642 | AH55: 2642 | AI55: 2642 | AJ55: 2642 | AK55: 2642 | AL55: 2642 | AM55: 2642 | AN55: 2642 | AO55: 2642 | AP55: 2210 | AQ55: 2210 | AR55: 2210 | AS55: 2210 | AT55: 2210 | AU55: 2210 | AV55: 2210 | AW55: 2210 | AX55: 2210 | AY55: 2210 | AZ55: 2210 | BA55: 2210 | BB55: 2210 | BC55: 2210 | BD55: 2210 | BE55: 2210 | BF55: 2210 | BG55: 2210 | BH55: 2210 | BI55: 2210
A56: NSGA3 | B56: 0 | C56: 0 | D56: 2717 | E56: 10792 | F56: 0 | G56: 0 | H56: 0 | I56: 0 | J56: 2663667 | K56: 9909 | L56: 4184 | M56: 0 | N56: 0 | O56: 0 | P56: 2950 | Q56: 10425 | R56: 0 | S56: 0 | T56: 0 | U56: 5056961 | V56: 6318 | W56: 3558050 | X56: 22592 | Y56: 12901 | Z56: 2117 | AA56: 0 | AB56: 7334 | AC56: 10834 | AD56: 3918817 | AE56: 84 | AF56: 16642 | AG56: 38151 | AH56: 7267 | AI56: 3924567 | AJ56: 16059 | AK56: 0 | AL56: 23242 | AM56: 3928234 | AN56: 3917300 | AO56: 3740392 | AP56: 25573084 | AQ56: 10034 | AR56: 32475527 | AS56: 11825284 | AT56: 19476660 | AU56: 2668 | AV56: 13788768 | AW56: 759 | AX56: 3493 | AY56: 10835719 | AZ56: 1268 | BA56: 1034 | BB56: 526 | BC56: 19547601 | BD56: 4786 | BE56: 28079701 | BF56: 28177086 | BG56: 11404568 | BH56: 19548285 | BI56: 342
A57: MQGA | B57: 84 | C57: 7726 | D57: 20201 | E57: 0 | F57: 0 | G57: 1967 | H57: 5842 | I57: 0 | J57: 6859 | K57: 6792 | L57: 2717 | M57: 0 | N57: 4925 | O57: 0 | P57: 0 | Q57: 0 | R57: 5842 | S57: 6092 | T57: 0 | U57: 14359 | V57: 84 | W57: 1317 | X57: 2253534 | Y57: 12343 | Z57: 34827 | AA57: 25842 | AB57: 3162659 | AC57: 0 | AD57: 7576 | AE57: 9809 | AF57: 7267 | AG57: 4359 | AH57: 38559 | AI57: 0 | AJ57: 0 | AK57: 37042 | AL57: 1517 | AM57: 1317 | AN57: 7376 | AO57: 3517 | AP57: 11824184 | AQ57: 1544 | AR57: 1951 | AS57: 275 | AT57: 1467 | AU57: 1050 | AV57: 2435 | AW57: 28959 | AX57: 2959 | AY57: 442 | AZ57: 1334 | BA57: 15098352 | BB57: 2751 | BC57: 16125026 | BD57: 12222917 | BE57: 32748310 | BF57: 13203627 | BG57: 42915543 | BH57: 509 | BI57: 1410
A58: Greedy | B58: 0 | C58: 3023418 | D58: 1146017 | E58: 2550 | F58: 0 | G58: 6792 | H58: 17160 | I58: 2021092 | J58: 9225 | K58: 2668676 | L58: 0 | M58: 0 | N58: 2717 | O58: 0 | P58: 2023059 | Q58: 0 | R58: 2021092 | S58: 11643 | T58: 86267 | U58: 0 | V58: 1425 | W58: 0 | X58: 0 | Y58: 2975 | Z58: 5013484 | AA58: 4395152 | AB58: 9768 | AC58: 2584 | AD58: 0 | AE58: 0 | AF58: 3917300 | AG58: 9242 | AH58: 23584 | AI58: 0 | AJ58: 2275993 | AK58: 3113309 | AL58: 1575 | AM58: 5031784 | AN58: 3119352 | AO58: 33693 | AP58: 1501 | AQ58: 900 | AR58: 1867 | AS58: 2826 | AT58: 1151 | AU58: 5212509 | AV58: 5212509 | AW58: 19546959 | AX58: 1026 | AY58: 9100 | AZ58: 1401 | BA58: 30510 | BB58: 2960 | BC58: 700 | BD58: 918 | BE58: 28053160 | BF58: 15098818 | BG58: 15098153 | BH58: 1492 | BI58: 15048375
A59: MOPSO | B59: 7709 | C59: 0 | D59: 0 | E59: 2717 | F59: 0 | G59: 2550 | H59: 0 | I59: 5842 | J59: 2950 | K59: 2663667 | L59: 0 | M59: 5926 | N59: 2358868 | O59: 8484 | P59: 84 | Q59: 2035451 | R59: 0 | S59: 0 | T59: 0 | U59: 4184 | V59: 0 | W59: 51535 | X59: 1400 | Y59: 0 | Z59: 9309 | AA59: 4734 | AB59: 3113301 | AC59: 4018 | AD59: 3740392 | AE59: 30801 | AF59: 84 | AG59: 3177818 | AH59: 0 | AI59: 3569859 | AJ59: 0 | AK59: 0 | AL59: 0 | AM59: 0 | AN59: 7351 | AO59: 0 | AP59: 11136260 | AQ59: 16546235 | AR59: 1259 | AS59: 34670244 | AT59: 493 | AU59: 1334 | AV59: 1944 | AW59: 54503043 | AX59: 14584035 | AY59: 25270453 | AZ59: 16546885 | BA59: 11824184 | BB59: 27381067 | BC59: 1926 | BD59: 21454661 | BE59: 37640176 | BF59: 11268819 | BG59: 15052909 | BH59: 2677 | BI59: 15098936
A60: RL | B60: 0 | C60: 3359 | D60: 3359 | E60: 3359 | F60: 3934 | G60: 2035451 | H60: 2051 | I60: 2026017 | J60: 4697302 | K60: 4184 | L60: 0 | M60: 0 | N60: 2024451 | O60: 0 | P60: 6405034 | Q60: 2358784 | R60: 0 | S60: 0 | T60: 0 | U60: 0 | V60: 0 | W60: 10934 | X60: 9146119 | Y60: 5675676 | Z60: 1425 | AA60: 35192 | AB60: 1948043 | AC60: 3150142 | AD60: 10209 | AE60: 3150142 | AF60: 0 | AG60: 7225 | AH60: 2642 | AI60: 2042 | AJ60: 3476 | AK60: 26393 | AL60: 9242 | AM60: 4850 | AN60: 10934 | AO60: 3154642 | AP60: 11259001 | AQ60: 36902369 | AR60: 3002 | AS60: 26306517 | AT60: 15049292 | AU60: 500 | AV60: 3759 | AW60: 16625593 | AX60: 15097452 | AY60: 751 | AZ60: 19549943 | BA60: 1117 | BB60: 1259 | BC60: 0 | BD60: 5144 | BE60: 0 | BF60: 24989977 | BG60: 834 | BH60: 12928626 | BI60: 14613218

Sheet Loads
A1: Average data for chart
B2: Edge | C2: Edge | D2: Edge | E2: Edge | F2: Edge | G2: Edge | H2: Edge | I2: Edge | J2: Edge | K2: Edge | L2: Edge | M2: Edge | N2: Edge | O2: Edge | P2: Edge | Q2: Edge | R2: Edge | S2: Edge | T2: Edge | U2: Edge | V2: Edge | W2: Edge | X2: Edge | Y2: Edge | Z2: Edge | AA2: Edge | AB2: Edge | AC2: Edge | AD2: Edge | AE2: Edge | AF2: Cloud | AG2: Edge | AH2: Edge | AI2: Edge | AJ2: Edge | AK2: Edge | AL2: Edge | AM2: Edge | AN2: Edge | AO2: Edge | AP2: Edge | AQ2: Edge | AR2: Edge | AS2: Edge | AT2: Edge | AU2: Edge | AV2: Edge | AW2: Edge | AX2: Edge | AY2: Edge | AZ2: Edge | BA2: Edge | BB2: Edge | BC2: Edge | BD2: Edge | BE2: Edge | BF2: Edge | BG2: Edge | BH2: Edge | BI2: Edge | BJ2: Edge | BK2: Cloud | BL2: Edge | BM2: Edge | BN2: Edge | BO2: Edge | BP2: Edge | BQ2: Edge | BR2: Edge | BS2: Edge | BT2: Edge | BU2: Edge | BV2: Edge | BW2: Edge | BX2: Edge | BY2: Edge | BZ2: Edge | CA2: Edge | CB2: Edge | CC2: Edge | CD2: Edge | CE2: Edge | CF2: Edge | CG2: Edge | CH2: Edge | CI2: Edge | CJ2: Edge | CK2: Edge | CL2: Edge | CM2: Edge | CN2: Edge | CO2: Edge | CP2: Cloud
B3: 1 | C3: 1 | D3: 1 | E3: 1 | F3: 1 | G3: 1 | H3: 1 | I3: 1 | J3: 1 | K3: 1 | L3: 1 | M3: 1 | N3: 1 | O3: 1 | P3: 1 | Q3: 1 | R3: 1 | S3: 1 | T3: 1 | U3: 1 | V3: 1 | W3: 1 | X3: 1 | Y3: 1 | Z3: 1 | AA3: 1 | AB3: 1 | AC3: 1 | AD3: 1 | AE3: 1 | AF3: 1 | AG3: 2 | AH3: 2 | AI3: 2 | AJ3: 2 | AK3: 2 | AL3: 2 | AM3: 2 | AN3: 2 | AO3: 2 | AP3: 2 | AQ3: 2 | AR3: 2 | AS3: 2 | AT3: 2 | AU3: 2 | AV3: 2 | AW3: 2 | AX3: 2 | AY3: 2 | AZ3: 2 | BA3: 2 | BB3: 2 | BC3: 2 | BD3: 2 | BE3: 2 | BF3: 2 | BG3: 2 | BH3: 2 | BI3: 2 | BJ3: 2 | BK3: 2 | BL3: 3 | BM3: 3 | BN3: 3 | BO3: 3 | BP3: 3 | BQ3: 3 | BR3: 3 | BS3: 3 | BT3: 3 | BU3: 3 | BV3: 3 | BW3: 3 | BX3: 3 | BY3: 3 | BZ3: 3 | CA3: 3 | CB3: 3 | CC3: 3 | CD3: 3 | CE3: 3 | CF3: 3 | CG3: 3 | CH3: 3 | CI3: 3 | CJ3: 3 | CK3: 3 | CL3: 3 | CM3: 3 | CN3: 3 | CO3: 3 | CP3: 3
A4: Algorithms | B4: 1 | C4: 2 | D4: 3 | E4: 4 | F4: 5 | G4: 6 | H4: 7 | I4: 8 | J4: 9 | K4: 10 | L4: 11 | M4: 12 | N4: 13 | O4: 14 | P4: 15 | Q4: 16 | R4: 17 | S4: 18 | T4: 19 | U4: 20 | V4: 21 | W4: 22 | X4: 23 | Y4: 24 | Z4: 25 | AA4: 26 | AB4: 27 | AC4: 28 | AD4: 29 | AE4: 30 | AF4: 31 | AG4: 1 | AH4: 2 | AI4: 3 | AJ4: 4 | AK4: 5 | AL4: 6 | AM4: 7 | AN4: 8 | AO4: 9 | AP4: 10 | AQ4: 11 | AR4: 12 | AS4: 13 | AT4: 14 | AU4: 15 | AV4: 16 | AW4: 17 | AX4: 18 | AY4: 19 | AZ4: 20 | BA4: 21 | BB4: 22 | BC4: 23 | BD4: 24 | BE4: 25 | BF4: 26 | BG4: 27 | BH4: 28 | BI4: 29 | BJ4: 30 | BK4: 31 | BL4: 1 | BM4: 2 | BN4: 3 | BO4: 4 | BP4: 5 | BQ4: 6 | BR4: 7 | BS4: 8 | BT4: 9 | BU4: 10 | BV4: 11 | BW4: 12 | BX4: 13 | BY4: 14 | BZ4: 15 | CA4: 16 | CB4: 17 | CC4: 18 | CD4: 19 | CE4: 20 | CF4: 21 | CG4: 22 | CH4: 23 | CI4: 24 | CJ4: 25 | CK4: 26 | CL4: 27 | CM4: 28 | CN4: 29 | CO4: 30 | CP4: 31
A5: QUEST | B5: 524909.29 | C5: 776551.1 | D5: 625312.19 | E5: 733517.19 | F5: 534232.23 | G5: 446490.84 | H5: 87914.452 | I5: 650524.71 | J5: 455242.74 | K5: 457802.84 | L5: 556261.52 | M5: 529955.87 | N5: 533274.42 | O5: 332711.55 | P5: 696328.52 | Q5: 2233.871 | R5: 2142.2581 | S5: 5841.9355 | T5: 2963.2258 | U5: 2436.7742 | V5: 1700.9677 | W5: 2800.9677 | X5: 828.06452 | Y5: 1484.8387 | Z5: 1891.6129 | AA5: 1822.5806 | AB5: 592.58065 | AC5: 1035.8065 | AD5: 2241.6129 | AE5: 1457.7419 | AF5: 1929417.6 | AG5: 1285824.7 | AH5: 1286456.2 | AI5: 1363000.9 | AJ5: 1004341 | AK5: 1192002.7 | AL5: 1103252.5 | AM5: 1220970.5 | AN5: 981578.26 | AO5: 1333973.9 | AP5: 467198.19 | AQ5: 929190.35 | AR5: 1446205 | AS5: 1209830.8 | AT5: 697002.48 | AU5: 1415791.8 | AV5: 97645.806 | AW5: 146974.19 | AX5: 92089.355 | AY5: 352234.1 | AZ5: 182115.39 | BA5: 320422.26 | BB5: 338263.87 | BC5: 182883.03 | BD5: 404168.94 | BE5: 214081.84 | BF5: 559274.19 | BG5: 3613.2258 | BH5: 421002.58 | BI5: 82286.129 | BJ5: 547546.13 | BK5: 2518427.6 | BL5: 4778418.9 | BM5: 5707113.5 | BN5: 4561479.9 | BO5: 6536399.7 | BP5: 5564693.7 | BQ5: 5074163.5 | BR5: 5693612.3 | BS5: 5222802.6 | BT5: 6013993.8 | BU5: 8458467.9 | BV5: 5997824 | BW5: 6408813.1 | BX5: 8495804.3 | BY5: 5871175.5 | BZ5: 5973366.5 | CA5: 6073721.3 | CB5: 7401450.3 | CC5: 11937184 | CD5: 8798533.5 | CE5: 7926051.3 | CF5: 9914187.4 | CG5: 8639044.5 | CH5: 7360302.3 | CI5: 7529843.9 | CJ5: 6906982 | CK5: 8413408.1 | CL5: 10166459 | CM5: 9061564.4 | CN5: 7259018.6 | CO5: 9156630.5 | CP5: 23003774
A6: QUEST_NDVFS | B6: 524695.68 | C6: 703422 | D6: 628147.03 | E6: 579988.16 | F6: 382533.03 | G6: 884590.03 | H6: 467515.58 | I6: 422906.71 | J6: 393607.87 | K6: 705657.94 | L6: 724074.81 | M6: 544985.48 | N6: 467003.97 | O6: 714008.1 | P6: 486828.65 | Q6: 1704.1935 | R6: 1275.8065 | S6: 1600 | T6: 2230 | U6: 1509.3548 | V6: 646.12903 | W6: 1230.6452 | X6: 1427.0968 | Y6: 2672.2581 | Z6: 1594.1935 | AA6: 1386.129 | AB6: 1163.2258 | AC6: 1560.3226 | AD6: 3002.5806 | AE6: 2161.2903 | AF6: 876059.19 | AG6: 888056.81 | AH6: 1002166.7 | AI6: 758424.9 | AJ6: 1084902.9 | AK6: 791716.29 | AL6: 1736084.5 | AM6: 1126888 | AN6: 1915998.2 | AO6: 1547119.1 | AP6: 951811.9 | AQ6: 1279044.8 | AR6: 1076189.5 | AS6: 998350.61 | AT6: 1202034.5 | AU6: 1615848.9 | AV6: 124694.52 | AW6: 272859.03 | AX6: 145929.03 | AY6: 206911.61 | AZ6: 91807.097 | BA6: 97994.839 | BB6: 622044.19 | BC6: 407601.61 | BD6: 79341.613 | BE6: 202490.32 | BF6: 397576.45 | BG6: 147595.16 | BH6: 201456.45 | BI6: 5908.0645 | BJ6: 127715.48 | BK6: 1674478.9 | BL6: 8678361.8 | BM6: 3276075 | BN6: 4969107.7 | BO6: 5514093.3 | BP6: 6534001.7 | BQ6: 6148489.5 | BR6: 7995905.1 | BS6: 6660745.4 | BT6: 7566371.8 | BU6: 5039270.6 | BV6: 8559434.4 | BW6: 4952338.1 | BX6: 5900534.3 | BY6: 6573608 | BZ6: 5822492.7 | CA6: 8762474.8 | CB6: 8764346.8 | CC6: 7202557.1 | CD6: 6532944.2 | CE6: 7955699.4 | CF6: 7474771 | CG6: 8665083.2 | CH6: 7478875.8 | CI6: 8456445.5 | CJ6: 10422838 | CK6: 6848441.9 | CL6: 10489014 | CM6: 9143836.5 | CN6: 7427481.3 | CO6: 5958712.3 | CP6: 21371451
A7: Fuzzy | B7: 2184387.1 | C7: 1947892.9 | D7: 1718494.8 | E7: 1521796.1 | F7: 1303930.3 | G7: 739365.81 | H7: 55656.129 | I7: 9263.871 | J7: 6392.9032 | K7: 4973.5484 | L7: 4425.1613 | M7: 4381.9355 | N7: 3769.0323 | O7: 3177.4194 | P7: 2774.1935 | Q7: 3238.7097 | R7: 3045.1613 | S7: 2741.9355 | T7: 2600 | U7: 2283.871 | V7: 2103.2258 | W7: 1974.1935 | X7: 1522.5806 | Y7: 64.516129 | Z7: 0 | AA7: 0 | AB7: 0 | AC7: 0 | AD7: 0 | AE7: 0 | AF7: 0 | AG7: 3231441.3 | AH7: 2528903.2 | AI7: 2453307.1 | AJ7: 2414521.9 | AK7: 2296833.5 | AL7: 2033640 | AM7: 2007038.1 | AN7: 1585161.9 | AO7: 1453204.5 | AP7: 1249549 | AQ7: 879392.9 | AR7: 24801.29 | AS7: 16065.161 | AT7: 14505.806 | AU7: 8736.7742 | AV7: 8529.0323 | AW7: 7212.9032 | AX7: 7206.4516 | AY7: 7154.8387 | AZ7: 5890.3226 | BA7: 5625.8065 | BB7: 5593.5484 | BC7: 3754.8387 | BD7: 3664.5161 | BE7: 3554.8387 | BF7: 3535.4839 | BG7: 3374.1935 | BH7: 2722.5806 | BI7: 2303.2258 | BJ7: 2174.1935 | BK7: 1704.5161 | BL7: 12674023 | BM7: 12611941 | BN7: 11473909 | BO7: 10940404 | BP7: 10726711 | BQ7: 10675210 | BR7: 10403152 | BS7: 9740431 | BT7: 9709425.2 | BU7: 9408973.5 | BV7: 8894935.5 | BW7: 8675065.2 | BX7: 8517200 | BY7: 8341102.6 | BZ7: 7886479.4 | CA7: 9155058.1 | CB7: 9124877.4 | CC7: 8829071 | CD7: 8716083.9 | CE7: 8621445.2 | CF7: 8473258.1 | CG7: 8387948.4 | CH7: 7454780.6 | CI7: 6606148.4 | CJ7: 4036096.8 | CK7: 22974.194 | CL7: 7580.6452 | CM7: 2632.2581 | CN7: 2045.1613 | CO7: 1793.5484 | CP7: 1425.8065
A8: NSGA3 | B8: 544354.35 | C8: 82995.839 | D8: 187375.16 | E8: 428792.61 | F8: 173498.81 | G8: 242547.81 | H8: 526416.16 | I8: 478363.13 | J8: 145937.03 | K8: 433235.16 | L8: 644932.29 | M8: 325512.13 | N8: 201961.74 | O8: 106359.29 | P8: 440152.29 | Q8: 122751.29 | R8: 746104.84 | S8: 292499.68 | T8: 254726.45 | U8: 268368.71 | V8: 626310.32 | W8: 253700 | X8: 144544.84 | Y8: 200157.42 | Z8: 423259.03 | AA8: 5379.3548 | AB8: 368754.52 | AC8: 390579.03 | AD8: 619268.71 | AE8: 460617.1 | AF8: 250374.35 | AG8: 670696.29 | AH8: 646681.39 | AI8: 1008686.9 | AJ8: 373519.97 | AK8: 659777.81 | AL8: 776465.39 | AM8: 509811.06 | AN8: 467565.68 | AO8: 594993.87 | AP8: 878523 | AQ8: 1127488.6 | AR8: 864612.74 | AS8: 1012030.5 | AT8: 536540.39 | AU8: 1079993.1 | AV8: 957625.16 | AW8: 533590.32 | AX8: 771174.84 | AY8: 707372.26 | AZ8: 1198573.5 | BA8: 420295.16 | BB8: 1084637.4 | BC8: 675018.06 | BD8: 57651.935 | BE8: 1046311.6 | BF8: 909029.03 | BG8: 1263701.3 | BH8: 793724.84 | BI8: 923487.42 | BJ8: 1023643.5 | BK8: 746803.26 | BL8: 7378826.1 | BM8: 5522751.5 | BN8: 8103582.6 | BO8: 3941545.9 | BP8: 10712302 | BQ8: 5872372.1 | BR8: 8782835.4 | BS8: 5129338.2 | BT8: 6278122.5 | BU8: 7624357.1 | BV8: 5972050.7 | BW8: 5625534.9 | BX8: 5873945.5 | BY8: 6993761.4 | BZ8: 8505513.3 | CA8: 13751228 | CB8: 3634594.8 | CC8: 8210026.1 | CD8: 13551973 | CE8: 5870158.7 | CF8: 10159056 | CG8: 10197165 | CH8: 8816260.3 | CI8: 8202183.2 | CJ8: 5780152.6 | CK8: 7910765.5 | CL8: 9192667.1 | CM8: 3963071.6 | CN8: 12260998 | CO8: 7432312.3 | CP8: 7121199.8
A9: MQGA | B9: 240336.81 | C9: 677887.9 | D9: 547791.9 | E9: 375789.45 | F9: 416829.68 | G9: 324761.35 | H9: 416142.48 | I9: 718398.39 | J9: 783864.1 | K9: 635635.42 | L9: 643734.13 | M9: 459454.03 | N9: 382692.1 | O9: 286260.1 | P9: 980528.23 | Q9: 197143.23 | R9: 93817.742 | S9: 137457.42 | T9: 206910.32 | U9: 175363.87 | V9: 202769.03 | W9: 136042.58 | X9: 169007.42 | Y9: 1838.3871 | Z9: 7850.3226 | AA9: 90690.323 | AB9: 5633.2258 | AC9: 215211.29 | AD9: 136070 | AE9: 185230.65 | AF9: 2690.5161 | AG9: 727654.29 | AH9: 792002.16 | AI9: 1186898 | AJ9: 1327368.6 | AK9: 741948.19 | AL9: 850235.74 | AM9: 1622848.5 | AN9: 1298399.2 | AO9: 1304931.8 | AP9: 1038276.4 | AQ9: 1177866.7 | AR9: 610853 | AS9: 969317.61 | AT9: 1100400.4 | AU9: 924785.71 | AV9: 293187.74 | AW9: 635246.45 | AX9: 1002706.1 | AY9: 512680.97 | AZ9: 260584.19 | BA9: 630389.68 | BB9: 524986.45 | BC9: 1006689 | BD9: 227829.35 | BE9: 237679.68 | BF9: 512706.45 | BG9: 430287.74 | BH9: 545276.77 | BI9: 497861.94 | BJ9: 367088.06 | BK9: 180933.71 | BL9: 8228598.5 | BM9: 6307754.8 | BN9: 10214055 | BO9: 7096769 | BP9: 6490397.6 | BQ9: 7455353.7 | BR9: 6418599.2 | BS9: 9253907.8 | BT9: 7109927.7 | BU9: 5982378.3 | BV9: 6431602.5 | BW9: 10267919 | BX9: 6567007.3 | BY9: 5587506.8 | BZ9: 8587988.3 | CA9: 9237631.3 | CB9: 10679656 | CC9: 7611170.6 | CD9: 7779789 | CE9: 6790211 | CF9: 10582002 | CG9: 6102450.6 | CH9: 7086804.8 | CI9: 8902956.5 | CJ9: 7601275.8 | CK9: 5045731.3 | CL9: 12060135 | CM9: 6974866.8 | CN9: 6951743.5 | CO9: 6870760.3 | CP9: 4651130.5
A10: Greedy | B10: 185459.65 | C10: 351538.45 | D10: 365413.55 | E10: 177100.97 | F10: 340520.19 | G10: 545220.61 | H10: 416706.9 | I10: 218079.48 | J10: 316804.29 | K10: 514474.42 | L10: 138460.06 | M10: 651399.45 | N10: 273285.13 | O10: 4645.871 | P10: 482516.39 | Q10: 556359.35 | R10: 479230.97 | S10: 140398.39 | T10: 240580.97 | U10: 227605.48 | V10: 374960.97 | W10: 265780.32 | X10: 342237.74 | Y10: 216896.45 | Z10: 213843.55 | AA10: 637956.13 | AB10: 358843.87 | AC10: 297193.23 | AD10: 357710.32 | AE10: 240080.32 | AF10: 420635.74 | AG10: 761646.23 | AH10: 650253.06 | AI10: 649385.35 | AJ10: 995774.77 | AK10: 1485142.8 | AL10: 538147.84 | AM10: 870055.26 | AN10: 915397.9 | AO10: 662210.81 | AP10: 1079005.6 | AQ10: 592416.94 | AR10: 826390.77 | AS10: 794437.26 | AT10: 733973.65 | AU10: 800514.65 | AV10: 1205455.2 | AW10: 544125.16 | AX10: 690911.94 | AY10: 729206.13 | AZ10: 706331.29 | BA10: 602059.68 | BB10: 934984.84 | BC10: 1018218.1 | BD10: 892836.77 | BE10: 404870.32 | BF10: 550682.26 | BG10: 963905.81 | BH10: 896010.32 | BI10: 482979.68 | BJ10: 219310.32 | BK10: 869394.19 | BL10: 6708505.8 | BM10: 5975266.4 | BN10: 7644471 | BO10: 7615570.7 | BP10: 8812299.1 | BQ10: 8429735.9 | BR10: 6352307.6 | BS10: 5358100.9 | BT10: 6263077 | BU10: 6590608.5 | BV10: 10188786 | BW10: 8073382.7 | BX10: 5582231.9 | BY10: 5966529.4 | BZ10: 8278880.7 | CA10: 6385681.9 | CB10: 11270787 | CC10: 6551385.5 | CD10: 7192434.5 | CE10: 12182030 | CF10: 8805422.3 | CG10: 6022805.2 | CH10: 7036225.8 | CI10: 9209991.6 | CJ10: 8426167.1 | CK10: 14696718 | CL10: 8946339.7 | CM10: 6849311.3 | CN10: 9562794.2 | CO10: 3712711.3 | CP10: 3333123.7
A11: MOPSO | B11: 447268.29 | C11: 155625.1 | D11: 212997.52 | E11: 363191.39 | F11: 268013.1 | G11: 364849.97 | H11: 675847.26 | I11: 579275 | J11: 359639.71 | K11: 198264.45 | L11: 317775.42 | M11: 627853.48 | N11: 309066.65 | O11: 93349.581 | P11: 86953.065 | Q11: 183150.65 | R11: 327459.35 | S11: 138832.9 | T11: 197020.65 | U11: 430666.77 | V11: 359607.74 | W11: 464449.03 | X11: 386236.13 | Y11: 158437.74 | Z11: 1090302.3 | AA11: 122438.71 | AB11: 222334.84 | AC11: 521408.71 | AD11: 275959.03 | AE11: 207344.52 | AF11: 228981.68 | AG11: 715064.16 | AH11: 861948.65 | AI11: 805335.48 | AJ11: 588074.48 | AK11: 788943.42 | AL11: 415895.84 | AM11: 763788.29 | AN11: 345078.03 | AO11: 675387.42 | AP11: 800833.16 | AQ11: 881429.81 | AR11: 676922.58 | AS11: 810471.81 | AT11: 497547 | AU11: 644723.9 | AV11: 1306491 | AW11: 581440 | AX11: 705076.13 | AY11: 525137.1 | AZ11: 848203.23 | BA11: 1019866.1 | BB11: 1071574.5 | BC11: 565986.13 | BD11: 1004971.9 | BE11: 1711421.3 | BF11: 884697.42 | BG11: 1176487.1 | BH11: 597175.16 | BI11: 907126.45 | BJ11: 948744.84 | BK11: 442277.48 | BL11: 8537379.2 | BM11: 5732923.6 | BN11: 11005740 | BO11: 7536452.8 | BP11: 10995720 | BQ11: 9029666.3 | BR11: 6448694.6 | BS11: 6241049.5 | BT11: 6342476.9 | BU11: 5503931.4 | BV11: 8513611.9 | BW11: 6125337.2 | BX11: 9871213.3 | BY11: 6881933 | BZ11: 7731426 | CA11: 4241968.1 | CB11: 7151830.6 | CC11: 7440328.1 | CD11: 6834586.5 | CE11: 8073606.5 | CF11: 9486353.5 | CG11: 8939104.8 | CH11: 8991950.6 | CI11: 5587113.9 | CJ11: 2491874.5 | CK11: 7904833.2 | CL11: 8210687.1 | CM11: 11181146 | CN11: 7168951 | CO11: 4641211.3 | CP11: 10096372
A12: RL | B12: 295865.55 | C12: 277702.19 | D12: 543796.48 | E12: 292851.13 | F12: 352490.26 | G12: 330163.03 | H12: 37870.548 | I12: 308342.35 | J12: 184518.35 | K12: 595038.23 | L12: 169536.52 | M12: 219185.16 | N12: 239363.13 | O12: 103409.26 | P12: 496531.39 | Q12: 229416.45 | R12: 625173.55 | S12: 234851.61 | T12: 410600.65 | U12: 238108.06 | V12: 224705.48 | W12: 379058.39 | X12: 226826.45 | Y12: 576983.55 | Z12: 522369.35 | AA12: 355881.61 | AB12: 427992.26 | AC12: 211073.55 | AD12: 322564.52 | AE12: 353345.81 | AF12: 631202.74 | AG12: 1458747.2 | AH12: 465843 | AI12: 588152.23 | AJ12: 45906.129 | AK12: 1075148.3 | AL12: 947717 | AM12: 380769.87 | AN12: 773973.97 | AO12: 1364243.3 | AP12: 268167.52 | AQ12: 343401.87 | AR12: 979468.68 | AS12: 1159227.8 | AT12: 737837.77 | AU12: 852623.87 | AV12: 891468.71 | AW12: 732057.1 | AX12: 1172182.3 | AY12: 512658.71 | AZ12: 813152.26 | BA12: 766382.9 | BB12: 576875.48 | BC12: 913215.48 | BD12: 773459.35 | BE12: 968805.48 | BF12: 1222054.2 | BG12: 337990 | BH12: 1124394.2 | BI12: 445485.16 | BJ12: 711235.16 | BK12: 849978.32 | BL12: 5821443.1 | BM12: 6841740 | BN12: 7613849.2 | BO12: 4236310.6 | BP12: 4160191.9 | BQ12: 7779172.1 | BR12: 7432399.5 | BS12: 4690144.1 | BT12: 6011512.7 | BU12: 7332154 | BV12: 4796778.5 | BW12: 8636845.4 | BX12: 6080051.4 | BY12: 6794162.1 | BZ12: 8651450.9 | CA12: 7060392.6 | CB12: 10079611 | CC12: 7797276.8 | CD12: 7706635.2 | CE12: 11183940 | CF12: 10028628 | CG12: 10079057 | CH12: 10780678 | CI12: 13292733 | CJ12: 8353482.9 | CK12: 4504401 | CL12: 7824465.8 | CM12: 10056419 | CN12: 6995328.7 | CO12: 10777297 | CP12: 6236721.1

Sheet ANOVA - AoI
A1: Anova: Two-Factor With Replication
A3: SUMMARY | B3: Load 1 | C3: Load 2 | D3: Load 3 | E3: Total
A4: QUEST
A5: Count | B5: 20 | C5: 20 | D5: 20 | E5: 60
A6: Sum | B6: 12790863 | C6: 15129933 | D6: 74485961 | E6: 1.0240676e+08
A7: Average | B7: 639543.17 | C7: 756496.63 | D7: 3724298.1 | E7: 1706779.3
A8: Variance | B8: 58365.164 | C8: 40293039 | D8: 7.0484583e+08 | E8: 2.0722441e+12
A10: QUEST_NDVFS
A11: Count | B11: 20 | C11: 20 | D11: 20 | E11: 60
A12: Sum | B12: 12311986 | C12: 14733306 | D12: 73604473 | E12: 1.0064976e+08
A13: Average | B13: 615599.3 | C13: 736665.31 | D13: 3680223.6 | E13: 1677496.1
A14: Variance | B14: 6338.919 | C14: 26224158 | D14: 1.0124576e+09 | E14: 2.0422684e+12
A16: Fuzzy
A17: Count | B17: 20 | C17: 20 | D17: 20 | E17: 60
A18: Sum | B18: 12309913 | C18: 14389351 | D18: 71340750 | E18: 98040015
A19: Average | B19: 615495.67 | C19: 719467.57 | D19: 3567037.5 | E19: 1634000.2
A20: Variance | B20: 1.4265818e-20 | C20: 1.0323134 | D20: 0.44673974 | E20: 1.9018151e+12
A22: NSGA3
A23: Count | B23: 20 | C23: 20 | D23: 20 | E23: 60
A24: Sum | B24: 14106975 | C24: 16683963 | D24: 83684313 | E24: 1.1447525e+08
A25: Average | B25: 705348.74 | C25: 834198.14 | D25: 4184215.7 | E25: 1907920.8
A26: Variance | B26: 1.834513e+09 | C26: 1.6738436e+09 | D26: 4.0606882e+10 | E26: 2.6516907e+12
A28: MQGA
A29: Count | B29: 20 | C29: 20 | D29: 20 | E29: 60
A30: Sum | B30: 12729258 | C30: 15539020 | D30: 83015705 | E30: 1.1128398e+08
A31: Average | B31: 636462.89 | C31: 776951.01 | D31: 4150785.3 | E31: 1854733.1
A32: Variance | B32: 2.2599545e+08 | C32: 1.6663902e+09 | D32: 1.6369814e+10 | E32: 2.6898309e+12
A34: Greedy
A35: Count | B35: 20 | C35: 20 | D35: 20 | E35: 60
A36: Sum | B36: 13891815 | C36: 16936644 | D36: 86727337 | E36: 1.175558e+08
A37: Average | B37: 694590.73 | C37: 846832.2 | D37: 4336366.8 | E37: 1959263.3
A38: Variance | B38: 1.7217542e+09 | C38: 3.520344e+09 | D38: 1.1157453e+11 | E38: 2.9147447e+12
A40: MOPSO
A41: Count | B41: 20 | C41: 20 | D41: 20 | E41: 60
A42: Sum | B42: 13403865 | C42: 16264029 | D42: 85460181 | E42: 1.1512807e+08
A43: Average | B43: 670193.24 | C43: 813201.44 | D43: 4273009.1 | E43: 1918801.2
A44: Variance | B44: 3.94903e+08 | C44: 1.2357331e+09 | D44: 5.0007959e+10 | E44: 2.8382115e+12
A46: RL
A47: Count | B47: 20 | C47: 20 | D47: 20 | E47: 60
A48: Sum | B48: 13652367 | C48: 16582082 | D48: 84444588 | E48: 1.1467904e+08
A49: Average | B49: 682618.35 | C49: 829104.11 | D49: 4222229.4 | E49: 1911317.3
A50: Variance | B50: 1.2971084e+09 | C50: 2.3332637e+09 | D50: 9.3978388e+10 | E50: 2.7504846e+12
A52: Total
A53: Count | B53: 160 | C53: 160 | D53: 160
A54: Sum | B54: 1.0519704e+08 | C54: 1.2625833e+08 | D54: 6.4276331e+08
A55: Average | B55: 657481.51 | C55: 789114.55 | D55: 4017270.7
A56: Variance | B56: 1.7538281e+09 | C56: 3.3116973e+09 | D56: 1.2020315e+11
A59: ANOVA
A60: Source of Variation | B60: SS | C60: df | D60: MS | E60: F | F60: P-value | G60: F crit
A61: Sample | B61: 6848409824063 | C61: 7 | D61: 9.7834426e+11 | E61: 71.103765 | F61: 4.122728e-69 | G61: 2.029657
A62: Columns | B62: 1.1587468e+15 | C62: 2 | D62: 5.793734e+14 | E62: 42107.499 | F62: 0 | G62: 3.0154995
A63: Interaction | B63: 6.7950288e+12 | C63: 14 | D63: 4.853592e+11 | E63: 35.274767 | F63: 9.4428433e-64 | G63: 1.7135059
A64: Within | B64: 6.2742808e+12 | C64: 456 | D64: 1.3759388e+10
A66: Total | B66: 1.1786645e+15 | C66: 479

Sheet ANOVA - Energy
A1: Anova: Two-Factor With Replication
A3: SUMMARY | B3: Load 1 | C3: Load 2 | D3: Load 3 | E3: Total
A4: QUEST
A5: Count | B5: 20 | C5: 20 | D5: 20 | E5: 60
A6: Sum | B6: 7.1986653e+10 | C6: 1.0504496e+11 | D6: 474555697240 | E6: 6.5158731e+11
A7: Average | B7: 3.5993326e+09 | C7: 5.2522481e+09 | D7: 23727784862 | E7: 1.0859789e+10
A8: Variance | B8: 1.8180603e+15 | C8: 3.822733e+16 | D8: 9.653816e+17 | E8: 8.4982785e+19
A10: QUEST_NDVFS
A11: Count | B11: 20 | C11: 20 | D11: 20 | E11: 60
A12: Sum | B12: 6.4983736e+10 | C12: 9.5714506e+10 | D12: 4.2940711e+11 | E12: 5.9010535e+11
A13: Average | B13: 3.2491868e+09 | C13: 4.7857253e+09 | D13: 2.1470355e+10 | E13: 9.8350892e+09
A14: Variance | B14: 9.4289753e+14 | C14: 2.4757116e+16 | D14: 9.7548092e+17 | E14: 6.9559568e+19
A16: Fuzzy
A17: Count | B17: 20 | C17: 20 | D17: 20 | E17: 60
A18: Sum | B18: 6.544548e+10 | C18: 9.6316325e+10 | D18: 4.3376267e+11 | E18: 5.9552447e+11
A19: Average | B19: 3.272274e+09 | C19: 4.8158162e+09 | D19: 2.1688133e+10 | E19: 9.9254079e+09
A20: Variance | B20: 2.7604884e+08 | C20: 2.3169886e+08 | D20: 1.7314762e+08 | E20: 7.0757231e+19
A22: NSGA3
A23: Count | B23: 20 | C23: 20 | D23: 20 | E23: 60
A24: Sum | B24: 7.6005205e+10 | C24: 1.0784089e+11 | D24: 5.9504748e+11 | E24: 7.7889358e+11
A25: Average | B25: 3.8002602e+09 | C25: 5.3920446e+09 | D25: 2.9752374e+10 | E25: 1.298156e+10
A26: Variance | B26: 2.743743e+17 | C26: 3.4750446e+17 | D26: 1.8513338e+19 | E26: 1.4960531e+20
A28: MQGA
A29: Count | B29: 20 | C29: 20 | D29: 20 | E29: 60
A30: Sum | B30: 6.781472e+10 | C30: 9.7120874e+10 | D30: 5.3380382e+11 | E30: 6.9873941e+11
A31: Average | B31: 3.390736e+09 | C31: 4.8560437e+09 | D31: 2.6690191e+10 | E31: 1.1645657e+10
A32: Variance | B32: 3.8543265e+14 | C32: 1.4688759e+16 | D32: 5.3241943e+17 | E32: 1.1562735e+20
A34: Greedy
A35: Count | B35: 20 | C35: 20 | D35: 20 | E35: 60
A36: Sum | B36: 7.5289716e+10 | C36: 1.1060533e+11 | D36: 6.3170505e+11 | E36: 8.176001e+11
A37: Average | B37: 3.7644858e+09 | C37: 5.5302667e+09 | D37: 3.1585253e+10 | E37: 1.3626668e+10
A38: Variance | B38: 2.7143941e+17 | C38: 6.0684021e+17 | D38: 4.2891784e+19 | E38: 1.7861243e+20
A40: MOPSO
A41: Count | B41: 20 | C41: 20 | D41: 20 | E41: 60
A42: Sum | B42: 7.0743337e+10 | C42: 1.0413491e+11 | D42: 6.0517533e+11 | E42: 7.8005357e+11
A43: Average | B43: 3.5371668e+09 | C43: 5.2067453e+09 | D43: 3.0258767e+10 | E43: 1.3000893e+10
A44: Variance | B44: 1.6762232e+16 | C44: 1.7645597e+16 | D44: 6.3740795e+18 | E44: 1.5397733e+20
A46: RL
A47: Count | B47: 20 | C47: 20 | D47: 20 | E47: 60
A48: Sum | B48: 7.1317809e+10 | C48: 1.1190884e+11 | D48: 5.9828541e+11 | E48: 7.8151205e+11
A49: Average | B49: 3.5658905e+09 | C49: 5.5954418e+09 | D49: 2.991427e+10 | E49: 1.3025201e+10
A50: Variance | B50: 1.2780508e+17 | C50: 6.9784723e+17 | D50: 4.0485744e+19 | E50: 1.5903945e+20
A52: Total
A53: Count | B53: 160 | C53: 160 | D53: 160
A54: Sum | B54: 5.6358666e+11 | C54: 8.2868663e+11 | D54: 4.3017426e+12
A55: Average | B55: 3.5224166e+09 | C55: 5.1792915e+09 | D55: 2.6885891e+10
A56: Variance | B56: 1.204069e+17 | C56: 3.018035e+17 | D56: 2.7975605e+19
A59: ANOVA
A60: Source of Variation | B60: SS | C60: df | D60: MS | E60: F | F60: P-value | G60: F crit
A61: Sample | B61: 9.5565409e+20 | C61: 7 | D61: 1.3652201e+20 | E61: 28.949899 | F61: 5.0500802e-33 | G61: 2.029657
A62: Columns | B62: 5.4387927e+22 | C62: 2 | D62: 2.7193964e+22 | E62: 5766.5609 | F62: 0 | G62: 3.0154995
A63: Interaction | B63: 1.4091924e+21 | C63: 14 | D63: 1.006566e+20 | E63: 21.344532 | F63: 1.066963e-41 | G63: 1.7135059
A64: Within | B64: 2.150406e+21 | C64: 456 | D64: 4.7158027e+18
A66: Total | B66: 5.890318e+22 | C66: 479

Sheet ANOVA - Makespan
A1: Anova: Two-Factor With Replication
A3: SUMMARY | B3: Load 1 | C3: Load 2 | D3: Load 3 | E3: Total
A4: QUEST
A5: Count | B5: 20 | C5: 20 | D5: 20 | E5: 60
A6: Sum | B6: 104547550 | C6: 146783548 | D6: 630741581 | E6: 882072679
A7: Average | B7: 5227377.5 | C7: 7339177.4 | D7: 31537079 | E7: 14701211
A8: Variance | B8: 17910897 | C8: 1.0274506e+11 | D8: 2.6208983e+12 | E8: 1.457583e+14
A10: QUEST_NDVFS
A11: Count | B11: 20 | C11: 20 | D11: 20 | E11: 60
A12: Sum | B12: 93066661 | C12: 131432541 | D12: 557482617 | E12: 781981819
A13: Average | B13: 4653333 | C13: 6571627 | D13: 27874131 | E13: 13033030
A14: Variance | B14: 2728196.3 | C14: 5.7472298e+10 | D14: 2.4410003e+12 | E14: 1.1342403e+14
A16: Fuzzy
A17: Count | B17: 20 | C17: 20 | D17: 20 | E17: 60
A18: Sum | B18: 93041930 | C18: 128978935 | D18: 518957215 | E18: 740978080
A19: Average | B19: 4652096.5 | C19: 6448946.8 | D19: 25947861 | E19: 12349635
A20: Variance | B20: 673.94737 | C20: 565.67105 | D20: 422.72368 | E20: 9.4570157e+13
A22: NSGA3
A23: Count | B23: 20 | C23: 20 | D23: 20 | E23: 60
A24: Sum | B24: 113084583 | C24: 155557238 | D24: 808962679 | E24: 1077604500
A25: Average | B25: 5654229.2 | C25: 7777861.9 | D25: 40448134 | E25: 17960075
A26: Variance | B26: 6.3038606e+11 | C26: 7.5578559e+11 | D26: 4.0916113e+13 | E26: 2.7152924e+14
A28: MQGA
A29: Count | B29: 20 | C29: 20 | D29: 20 | E29: 60
A30: Sum | B30: 98000009 | C30: 135304635 | D30: 705585713 | E30: 938890357
A31: Average | B31: 4900000.5 | C31: 6765231.8 | D31: 35279286 | E31: 15648173
A32: Variance | B32: 3.1188667e+09 | C32: 8.3092855e+10 | D32: 1.1964751e+12 | E32: 1.9695898e+14
A34: Greedy
A35: Count | B35: 20 | C35: 20 | D35: 20 | E35: 60
A36: Sum | B36: 111964129 | C36: 158996375 | D36: 861684641 | E36: 1132645145
A37: Average | B37: 5598206.5 | C37: 7949818.8 | D37: 43084232 | E37: 18877419
A38: Variance | B38: 6.3313946e+11 | C38: 1.4153155e+12 | D38: 9.4750268e+13 | E38: 3.3006051e+14
A40: MOPSO
A41: Count | B41: 20 | C41: 20 | D41: 20 | E41: 60
A42: Sum | B42: 104785769 | C42: 150469863 | D42: 814013551 | E42: 1069269183
A43: Average | B43: 5239288.5 | C43: 7523493.2 | D43: 40700678 | E43: 17821153
A44: Variance | B44: 4.855407e+10 | C44: 5.1054234e+10 | D44: 1.473759e+13 | E44: 2.7183495e+14
A46: RL
A47: Count | B47: 20 | C47: 20 | D47: 20 | E47: 60
A48: Sum | B48: 106187919 | C48: 161739668 | D48: 818172616 | E48: 1086100203
A49: Average | B49: 5309396 | C49: 8086983.4 | D49: 40908631 | E49: 18101670
A50: Variance | B50: 3.0644327e+11 | C50: 1.7207287e+12 | D50: 88617696442168 | E50: 2.9498519e+14
A52: Total
A53: Count | B53: 160 | C53: 160 | D53: 160
A54: Sum | B54: 824678550 | C54: 1169262803 | D54: 5715600613
A55: Average | B55: 5154240.9 | C55: 7307892.5 | D55: 35722504
A56: Variance | B56: 3.2604074e+11 | C56: 8.6020445e+11 | D56: 6.7430895e+13
A59: ANOVA
A60: Source of Variation | B60: SS | C60: df | D60: MS | E60: F | F60: P-value | G60: F crit
A61: Sample | B61: 2.6258075e+15 | C61: 7 | D61: 3.7511535e+14 | E61: 35.855047 | F61: 6.985465e-40 | G61: 2.029657
A62: Columns | B62: 9.3143843e+16 | C62: 2 | D62: 4.6571921e+16 | E62: 4451.5332 | F62: 6.352836e-300 | G62: 3.0154995
A63: Interaction | B63: 3.5136478e+15 | C63: 14 | D63: 2.5097484e+14 | E63: 23.989194 | F63: 2.9114031e-46 | G63: 1.7135059
A64: Within | B64: 4.77067e+15 | C64: 456 | D64: 1.0461996e+13
A66: Total | B66: 1.0405397e+17 | C66: 479
