Workbook

Sheet Data Age
A1: Algorithm | B1: Load | C1: Average | D1: Min | E1: Max | F1: Std Dev
A2: QUEST | B2: 20 | C2: 2308.6 | D2: 1603.2857 | E2: 2821.1905 | F2: 258.20339
A3: QUEST | B3: 30 | C3: 2502.8003 | D3: 1935.4 | E3: 3176.1667 | F3: 238.51413
A4: QUEST | B4: 50 | C4: 2964.7332 | D4: 2309.22 | E4: 3817.62 | F4: 297.85892
A5: Fuzzy | B5: 20 | C5: 4098.9976 | D5: 1867.381 | E5: 8500.0952 | F5: 1363.3948
A6: Fuzzy | B6: 30 | C6: 5070.4663 | D6: 2542.7667 | E6: 8603.9333 | F6: 1262.2034
A7: Fuzzy | B7: 50 | C7: 7274.4954 | D7: 4104.2 | E7: 10158.88 | F7: 1429.7532
A8: NSGA3 | B8: 20 | C8: 4123.5895 | D8: 1844.4286 | E8: 8999.8095 | F8: 1468.3337
A9: NSGA3 | B9: 30 | C9: 5251.9203 | D9: 2476.8333 | E9: 9416 | F9: 1535.1581
A10: NSGA3 | B10: 50 | C10: 6919.3606 | D10: 3529.42 | E10: 10697.08 | F10: 1507.0852
A11: MQGA | B11: 20 | C11: 3375.1852 | D11: 2072.9048 | E11: 6166.1429 | F11: 914.63714
A12: MQGA | B12: 30 | C12: 3945.0767 | D12: 2547.8333 | E12: 5464.3 | F12: 653.00284
A13: MQGA | B13: 50 | C13: 5853.9684 | D13: 3988.3 | E13: 7653.42 | F13: 851.54666
... A19: MOPSO | B19: 50 | C19: 6889.6418 | D19: 4899.86 | E19: 9264.38 | F19: 938.65634
A22: Summary by Algorithm
A23: QUEST | C23: 2592.0445 | D23: 1603.2857 | E23: 3817.62 | F23: 382.74451
A24: Fuzzy | C24: 5481.3198 | D24: 1867.381 | E24: 10158.88 | F24: 1896.6014
A25: NSGA3 | C25: 5431.6235 | D25: 1844.4286 | E25: 10697.08 | F25: 1892.1441
A26: MQGA | C26: 4391.4101 | D26: 2072.9048 | E26: 7653.42 | F26: 1336.5514
A27: Greedy | C27: 5401.3508 | D27: 2105.7143 | E27: 12065.16 | F27: 2082.8375
A28: MOPSO | C28: 5205.3794 | D28: 2011.2857 | E28: 9264.38 | F28: 1681.292
A31: Average data for chart
A32: Algorithms | B32: 20 | C32: 30 | D32: 50
A33: QUEST | B33: 2308.6 | C33: 2502.8003 | D33: 2964.7332
A34: Fuzzy | B34: 4098.9976 | C34: 5070.4663 | D34: 7274.4954
A35: NSGA3 | B35: 4123.5895 | C35: 5251.9203 | D35: 6919.3606
A36: MQGA | B36: 3375.1852 | C36: 3945.0767 | D36: 5853.9684
A37: Greedy | B37: 3977.5643 | C37: 5048.0703 | D37: 7178.4178
A38: MOPSO | B38: 3769.5629 | C38: 4956.9337 | D38: 6889.6418
A41: All data for chart
A42: Algorithms | B42: 20 | C42: 20 | D42: 20 | E42: 20 | F42: 20 | G42: 20 | H42: 20 | I42: 20 | J42: 20 | K42: 20 | L42: 20 | M42: 20 | N42: 20 | O42: 20 | P42: 20 | Q42: 20 | R42: 20 | S42: 20 | T42: 20 | U42: 20 | V42: 20 | W42: 20 | X42: 20 | Y42: 20 | Z42: 20 | AA42: 20 | AB42: 20 | AC42: 20 | AD42: 20 | AE42: 20 | AF42: 20 | AG42: 20 | AH42: 20 | AI42: 20 | AJ42: 20 | AK42: 20 | AL42: 20 | AM42: 20 | AN42: 20 | AO42: 20 | AP42: 20 | AQ42: 20 | AR42: 20 | AS42: 20 | AT42: 20 | AU42: 20 | AV42: 20 | AW42: 20 | AX42: 20 | AY42: 20 | AZ42: 20 | BA42: 20 | BB42: 20 | BC42: 20 | BD42: 20 | BE42: 20 | BF42: 20 | BG42: 20 | BH42: 20 | BI42: 20 | BJ42: 20 | BK42: 20 | BL42: 20 | BM42: 20 | BN42: 20 | BO42: 20 | BP42: 20 | BQ42: 20 | BR42: 20 | BS42: 20 | BT42: 20 | BU42: 20 | BV42: 20 | BW42: 20 | BX42: 20 | BY42: 20 | BZ42: 20 | CA42: 20 | CB42: 20 | CC42: 20 | CD42: 20 | CE42: 20 | CF42: 20 | CG42: 20 | CH42: 20 | CI42: 20 | CJ42: 20 | CK42: 20 | CL42: 20 | CM42: 20 | CN42: 20 | CO42: 20 | CP42: 20 | CQ42: 20 | CR42: 20 | CS42: 20 | CT42: 20 | CU42: 20 | CV42: 20 | CW42: 20 | CX42: 30 | CY42: 30 | CZ42: 30 | DA42: 30 | DB42: 30 | DC42: 30 | DD42: 30 | DE42: 30 | DF42: 30 | DG42: 30 | DH42: 30 | DI42: 30 | DJ42: 30 | DK42: 30 | DL42: 30 | DM42: 30 | DN42: 30 | DO42: 30 | DP42: 30 | DQ42: 30 | DR42: 30 | DS42: 30 | DT42: 30 | DU42: 30 | DV42: 30 | DW42: 30 | DX42: 30 | DY42: 30 | DZ42: 30 | EA42: 30 | EB42: 30 | EC42: 30 | ED42: 30 | EE42: 30 | EF42: 30 | EG42: 30 | EH42: 30 | EI42: 30 | EJ42: 30 | EK42: 30 | EL42: 30 | EM42: 30 | EN42: 30 | EO42: 30 | EP42: 30 | EQ42: 30 | ER42: 30 | ES42: 30 | ET42: 30 | EU42: 30 | EV42: 30 | EW42: 30 | EX42: 30 | EY42: 30 | EZ42: 30 | FA42: 30 | FB42: 30 | FC42: 30 | FD42: 30 | FE42: 30 | FF42: 30 | FG42: 30 | FH42: 30 | FI42: 30 | FJ42: 30 | FK42: 30 | FL42: 30 | FM42: 30 | FN42: 30 | FO42: 30 | FP42: 30 | FQ42: 30 | FR42: 30 | FS42: 30 | FT42: 30 | FU42: 30 | FV42: 30 | FW42: 30 | FX42: 30 | FY42: 30 | FZ42: 30 | GA42: 30 | GB42: 30 | GC42: 30 | GD42: 30 | GE42: 30 | GF42: 30 | GG42: 30 | GH42: 30 | GI42: 30 | GJ42: 30 | GK42: 30 | GL42: 30 | GM42: 30 | GN42: 30 | GO42: 30 | GP42: 30 | GQ42: 30 | GR42: 30 | GS42: 30 | GT42: 50 | GU42: 50 | GV42: 50 | GW42: 50 | GX42: 50 | GY42: 50 | GZ42: 50 | HA42: 50 | HB42: 50 | HC42: 50 | HD42: 50 | HE42: 50 | HF42: 50 | HG42: 50 | HH42: 50 | HI42: 50 | HJ42: 50 | HK42: 50 | HL42: 50 | HM42: 50 | HN42: 50 | HO42: 50 | HP42: 50 | HQ42: 50 | HR42: 50 | HS42: 50 | HT42: 50 | HU42: 50 | HV42: 50 | HW42: 50 | HX42: 50 | HY42: 50 | HZ42: 50 | IA42: 50 | IB42: 50 | IC42: 50 | ID42: 50 | IE42: 50 | IF42: 50 | IG42: 50 | IH42: 50 | II42: 50 | IJ42: 50 | IK42: 50 | IL42: 50 | IM42: 50 | IN42: 50 | IO42: 50 | IP42: 50 | IQ42: 50 | IR42: 50 | IS42: 50 | IT42: 50 | IU42: 50 | IV42: 50 | IW42: 50 | IX42: 50 | IY42: 50 | IZ42: 50 | JA42: 50 | JB42: 50 | JC42: 50 | JD42: 50 | JE42: 50 | JF42: 50 | JG42: 50 | JH42: 50 | JI42: 50 | JJ42: 50 | JK42: 50 | JL42: 50 | JM42: 50 | JN42: 50 | JO42: 50 | JP42: 50 | JQ42: 50 | JR42: 50 | JS42: 50 | JT42: 50 | JU42: 50 | JV42: 50 | JW42: 50 | JX42: 50 | JY42: 50 | JZ42: 50 | KA42: 50 | KB42: 50 | KC42: 50 | KD42: 50 | KE42: 50 | KF42: 50 | KG42: 50 | KH42: 50 | KI42: 50 | KJ42: 50 | KK42: 50 | KL42: 50 | KM42: 50 | KN42: 50 | KO42: 50
A43: QUEST | B43: 2186.9048 | C43: 2615.8571 | D43: 2429.1905 | E43: 2439.0476 | F43: 2598.5238 | G43: 2243.7143 | H43: 2140.7619 | I43: 1860.7143 | J43: 2278.9524 | K43: 2231.0952 | L43: 2003.3333 | M43: 2178.5714 | N43: 2562.6667 | O43: 2330.7143 | P43: 2314.0476 | Q43: 2088.4286 | R43: 2397.5238 | S43: 2036.6667 | T43: 2011.7619 | U43: 2291.2381 | V43: 2033.2381 | W43: 1936.3333 | X43: 2737.619 | Y43: 2104.8095 | Z43: 2072.2381 | AA43: 2241.2857 | AB43: 2641.619 | AC43: 2543.6667 | AD43: 2425.8095 | AE43: 1603.2857 | AF43: 2609.7619 | AG43: 2260.5714 | AH43: 2669.2857 | AI43: 2608.1905 | AJ43: 2323.9524 | AK43: 2400.8571 | AL43: 2329 | AM43: 2510.0476 | AN43: 2182.9524 | AO43: 2794.7619 | AP43: 2674.1429 | AQ43: 2303.6667 | AR43: 1981.5238 | AS43: 1964.4286 | AT43: 2347.8095 | AU43: 2069.619 | AV43: 2048.3333 | AW43: 2208.6667 | AX43: 2329.2857 | AY43: 2798.9524 | AZ43: 2056.3333 | BA43: 2417.6667 | BB43: 2439.3333 | BC43: 2478.2381 | BD43: 2663.6667 | BE43: 1951.8571 | BF43: 2238.7143 | BG43: 2390.5238 | BH43: 2164.6667 | BI43: 2116 | BJ43: 2292.619 | BK43: 2337.7143 | BL43: 2189.2857 | BM43: 1696.7619 | BN43: 2544.381 | BO43: 2821.1905 | BP43: 1895 | BQ43: 2514.1905 | BR43: 1751.0952 | BS43: 2378.8095 | BT43: 2732.2857 | BU43: 1836.4286 | BV43: 2203.9524 | BW43: 2318 | BX43: 2669.3333 | BY43: 2433.9524 | BZ43: 2120 | CA43: 2653.4286 | CB43: 2186.7619 | CC43: 2196.8571 | CD43: 2219.3333 | CE43: 1899.1429 | CF43: 2469 | CG43: 2153.8571 | CH43: 2496.1905 | CI43: 2419.6667 | CJ43: 2457.2381 | CK43: 2080.8095 | CL43: 2552.4286 | CM43: 2507.4762 | CN43: 2434.9524 | CO43: 2478.0476 | CP43: 2606.7143 | CQ43: 2534.2381 | CR43: 2357.8571 | CS43: 2631.9048 | CT43: 1965.381 | CU43: 2320.4286 | CV43: 2267.4286 | CW43: 2323.4286 | CX43: 2593.6 | CY43: 2340.8 | CZ43: 2239.6333 | DA43: 2519.8 | DB43: 2404.1667 | DC43: 2055.7333 | DD43: 2438.2333 | DE43: 2635.6667 | DF43: 2656.5 | DG43: 2321.9333 | DH43: 2542.3667 | DI43: 2509 | DJ43: 2484.1667 | DK43: 2790.3667 | DL43: 2509.3 | DM43: 2392.6667 | DN43: 3118.8667 | DO43: 2761.8 | DP43: 1935.4 | DQ43: 2761.9333 | DR43: 2358.9333 | DS43: 2563.7 | DT43: 2565.7667 | DU43: 2746.0333 | DV43: 2712.8 | DW43: 2483.0667 | DX43: 3152.9 | DY43: 2891.4333 | DZ43: 3176.1667 | EA43: 2742.1 | EB43: 2232.7333 | EC43: 2304.4333 | ED43: 2702.9333 | EE43: 2526.9 | EF43: 2602.2 | EG43: 2862.1667 | EH43: 2294.2 | EI43: 2432.9333 | EJ43: 2178.2333 | EK43: 2713.3333 | EL43: 2763.5667 | EM43: 2164.1 | EN43: 2521.2333 | EO43: 2677.7667 | EP43: 2633.0667 | EQ43: 2034.6667 | ER43: 2322.3333 | ES43: 2624.1667 | ET43: 2781.9667 | EU43: 2353.7667 | EV43: 2284.5 | EW43: 2632.5667 | EX43: 2434.4 | EY43: 2724.0333 | EZ43: 2698.2333 | FA43: 2432.7 | FB43: 2662.9 | FC43: 2739.8 | FD43: 2204.3333 | FE43: 2333.0667 | FF43: 2686.0667 | FG43: 2586 | FH43: 2513.1667 | FI43: 2685.8 | FJ43: 2514.4333 | FK43: 2694.8333 | FL43: 2275.5 | FM43: 2607.9667 | FN43: 2766.9333 | FO43: 2426.4667 | FP43: 2340.8333 | FQ43: 2457.4667 | FR43: 2362.6 | FS43: 2165.1333 | FT43: 2649.2333 | FU43: 2689.4 | FV43: 2096.0333 | FW43: 2738.6667 | FX43: 2522.9667 | FY43: 2618.3 | FZ43: 2113 | GA43: 2369.1667 | GB43: 2726.4 | GC43: 2462.3 | GD43: 2390.4667 | GE43: 2355.9 | GF43: 2099.3667 | GG43: 2348.0333 | GH43: 2209.2333 | GI43: 2069.7 | GJ43: 2598.3333 | GK43: 2233.2333 | GL43: 2530.6 | GM43: 2745.6 | GN43: 2456.8 | GO43: 2211.9 | GP43: 2398.3 | GQ43: 2437.1 | GR43: 2537.6 | GS43: 2311.1333 | GT43: 3222.58 | GU43: 3223.32 | GV43: 2984.3 | GW43: 2844.64 | GX43: 3109.38 | GY43: 2931.58 | GZ43: 2700.34 | HA43: 3817.62 | HB43: 2568.98 | HC43: 3567.34 | HD43: 2511.52 | HE43: 3403.34 | HF43: 2549.08 | HG43: 2642.36 | HH43: 2770.02 | HI43: 2890.32 | HJ43: 2818.28 | HK43: 2846.8 | HL43: 2929.22 | HM43: 2825.24 | HN43: 2927.96 | HO43: 3319.96 | HP43: 3599.98 | HQ43: 2924.12 | HR43: 3382.84 | HS43: 3077.8 | HT43: 2955.18 | HU43: 2801.32 | HV43: 3209.92 | HW43: 2974.88 | HX43: 3254.9 | HY43: 2792.72 | HZ43: 3070.8 | IA43: 3113.86 | IB43: 3245.68 | IC43: 2413.2 | ID43: 2787.46 | IE43: 3244.92 | IF43: 2902.18 | IG43: 2474.92 | IH43: 2852.52 | II43: 3364.22 | IJ43: 3264.84 | IK43: 3023.62 | IL43: 2828.66 | IM43: 3161.52 | IN43: 2672.92 | IO43: 3332.08 | IP43: 3096.3 | IQ43: 3169.26 | IR43: 3217.22 | IS43: 2839.62 | IT43: 2928.08 | IU43: 2798.54 | IV43: 2944.02 | IW43: 3374.8 | IX43: 2817.18 | IY43: 2978.14 | IZ43: 3230.8 | JA43: 2999.4 | JB43: 2926.08 | JC43: 2309.22 | JD43: 3017.86 | JE43: 3102.14 | JF43: 3131.98 | JG43: 2558.42 | JH43: 2867.7 | JI43: 2484.2 | JJ43: 3309.36 | JK43: 2755.28 | JL43: 3149.9 | JM43: 2715.1 | JN43: 3069.88 | JO43: 2635.84 | JP43: 3313.68 | JQ43: 3030.54 | JR43: 2548.9 | JS43: 2716.32 | JT43: 2876.2 | JU43: 2614.24 | JV43: 2614.02 | JW43: 3273.52 | JX43: 2663.58 | JY43: 3646.42 | JZ43: 3619.94 | KA43: 2861.96 | KB43: 3130.84 | KC43: 2782.64 | KD43: 2816.92 | KE43: 2943.06 | KF43: 2542.6 | KG43: 2786.62 | KH43: 2465.7 | KI43: 3419.3 | KJ43: 3082.54 | KK43: 3056.56 | KL43: 2617.78 | KM43: 2863.3 | KN43: 2692.82 | KO43: 2935.76
A44: Fuzzy | B44: 4055.381 | C44: 3608.1905 | D44: 3623.7619 | E44: 3387.3333 | F44: 3444.5714 | G44: 5811.9524 | H44: 3500.0476 | I44: 2125.9048 | J44: 6402.9048 | K44: 3219.9048 | L44: 2907.2381 | M44: 3168.3333 | N44: 4433.6667 | O44: 3677.3333 | P44: 2746.2381 | Q44: 3888.381 | R44: 2458.9524 | S44: 4015.8095 | T44: 4565.381 | U44: 3115.0476 | V44: 4229.9048 | W44: 2806.7619 | X44: 5500.0952 | Y44: 3967.1905 | Z44: 2987.3333 | AA44: 4665.7619 | AB44: 5258.8571 | AC44: 3609.8095 | AD44: 3232.0952 | AE44: 1867.381 | AF44: 4802.7619 | AG44: 2308.381 | AH44: 7990.2857 | AI44: 4440.3333 | AJ44: 3067.5714 | AK44: 6230.6667 | AL44: 4748.0476 | AM44: 2934.1429 | AN44: 5990.0476 | AO44: 5270.381 | AP44: 4272.4762 | AQ44: 4416.2381 | AR44: 4578 | AS44: 2308.381 | AT44: 3935.5238 | AU44: 3759.2857 | AV44: 2090.6667 | AW44: 3931.5238 | AX44: 2931.9048 | AY44: 4347.381 | AZ44: 3611 | BA44: 3563.3333 | BB44: 4139.6667 | BC44: 6514.0476 | BD44: 3886.9524 | BE44: 2886.1429 | BF44: 6480.619 | BG44: 7485.5714 | BH44: 2447.0476 | BI44: 6091.1905 | BJ44: 5537.1429 | BK44: 4304.5714 | BL44: 3371.7619 | BM44: 3445.4286 | BN44: 3348.0476 | BO44: 4616.7619 | BP44: 4776.0476 | BQ44: 4490.6667 | BR44: 3563 | BS44: 3129.8095 | BT44: 3009.619 | BU44: 2523.619 | BV44: 3770.9524 | BW44: 2625.8095 | BX44: 5560.7143 | BY44: 5670.7143 | BZ44: 2515.0476 | CA44: 3000.0476 | CB44: 2412.8095 | CC44: 2525.5238 | CD44: 2764.1905 | CE44: 4532.9048 | CF44: 3609.2857 | CG44: 3975.1429 | CH44: 7057.7143 | CI44: 4283.7619 | CJ44: 5000.5714 | CK44: 4027.7143 | CL44: 6525.8095 | CM44: 4305.6667 | CN44: 2749.0476 | CO44: 8500.0952 | CP44: 3406.5238 | CQ44: 6085.7143 | CR44: 6733.3333 | CS44: 4277 | CT44: 3454.619 | CU44: 3200.0476 | CV44: 4432.8095 | CW44: 3038.619 | CX44: 3542 | CY44: 5027.6 | CZ44: 3703.7667 | DA44: 6905.4 | DB44: 4967.9 | DC44: 6256.5 | DD44: 5740.3 | DE44: 5913.4667 | DF44: 4216.3 | DG44: 6111.7 | DH44: 3849.6667 | DI44: 3927.2667 | DJ44: 6067.5333 | DK44: 6563.4 | DL44: 4349.6 | DM44: 3527.1667 | DN44: 4487.5667 | DO44: 5147.2667 | DP44: 4710.0667 | DQ44: 5308.9667 | DR44: 5784.6667 | DS44: 6858.2667 | DT44: 5541.6333 | DU44: 4778.8667 | DV44: 3690.6333 | DW44: 6101.8333 | DX44: 6301.0333 | DY44: 8582.2333 | DZ44: 5703.9 | EA44: 4027.4 | EB44: 3331.6667 | EC44: 4893.4333 | ED44: 5895.1667 | EE44: 5617.5667 | EF44: 4562.1 | EG44: 6868.8333 | EH44: 6043.7 | EI44: 4745.2667 | EJ44: 5157.3 | EK44: 5106.6333 | EL44: 5782.9 | EM44: 4864.2333 | EN44: 6109.8667 | EO44: 6470.8 | EP44: 6382.4 | EQ44: 3027.6333 | ER44: 3599.3667 | ES44: 5647.2333 | ET44: 4988.6333 | EU44: 4024.4667 | EV44: 3809.5333 | EW44: 4702.5667 | EX44: 3493.1333 | EY44: 6122.3 | EZ44: 5914.9333 | FA44: 4912.6333 | FB44: 4836.3333 | FC44: 5134.4 | FD44: 3529.7 | FE44: 5154.1 | FF44: 3215.2667 | FG44: 5110.5 | FH44: 5353.6 | FI44: 3988.9333 | FJ44: 4765.5333 | FK44: 6257.8667 | FL44: 6593.2333 | FM44: 6286.9 | FN44: 5955.5 | FO44: 4412.5667 | FP44: 3587.6333 | FQ44: 5773.3 | FR44: 4177.3667 | FS44: 4312.5333 | FT44: 7520.8667 | FU44: 4190.3333 | FV44: 4799.4 | FW44: 5534.5333 | FX44: 5381.7 | FY44: 4611.6 | FZ44: 5571.0667 | GA44: 4255.8 | GB44: 4215.5667 | GC44: 3368.4333 | GD44: 3954.8 | GE44: 3564.3667 | GF44: 3184.6 | GG44: 2962.5333 | GH44: 3927 | GI44: 5055.5333 | GJ44: 5622.4333 | GK44: 2542.7667 | GL44: 3910.3 | GM44: 4965.6333 | GN44: 3159.3667 | GO44: 4878 | GP44: 7058.5 | GQ44: 7784.2333 | GR44: 8209.8667 | GS44: 8603.9333 | GT44: 6784.56 | GU44: 6158.96 | GV44: 5698.06 | GW44: 9609.28 | GX44: 5462.82 | GY44: 9873.9 | GZ44: 5633.54 | HA44: 8629.84 | HB44: 4646.24 | HC44: 9534.7 | HD44: 6583.08 | HE44: 7569.46 | HF44: 5948.3 | HG44: 7952.14 | HH44: 7902.62 | HI44: 5711.46 | HJ44: 8840.58 | HK44: 5616.22 | HL44: 6763.44 | HM44: 7599.64 | HN44: 8279.58 | HO44: 6186.2 | HP44: 10158.88 | HQ44: 6623.42 | HR44: 9185.48 | HS44: 6674.76 | HT44: 5273 | HU44: 6988.08 | HV44: 9531.66 | HW44: 9304.54 | HX44: 9532.88 | HY44: 7905.82 | HZ44: 9062.62 | IA44: 6041.1 | IB44: 5786.92 | IC44: 4104.2 | ID44: 7938.1 | IE44: 9612.7 | IF44: 5010.84 | IG44: 6771.52 | IH44: 6544.12 | II44: 6480.44 | IJ44: 7485.38 | IK44: 7926.18 | IL44: 8339.38 | IM44: 8226.22 | IN44: 7803.64 | IO44: 7368.18 | IP44: 5140.02 | IQ44: 6994.68 | IR44: 9317.12 | IS44: 7494.02 | IT44: 8592.26 | IU44: 7731.32 | IV44: 6125.36 | IW44: 7962.58 | IX44: 5072.34 | IY44: 6223.62 | IZ44: 8795.24 | JA44: 7298.68 | JB44: 8594.6 | JC44: 5145.68 | JD44: 9473.24 | JE44: 7593.06 | JF44: 7764.86 | JG44: 5304.42 | JH44: 5072.36 | JI44: 5198.1 | JJ44: 8805.36 | JK44: 9237.32 | JL44: 6982.22 | JM44: 7536.06 | JN44: 7962.94 | JO44: 8224.78 | JP44: 8922.14 | JQ44: 8591.82 | JR44: 5824.96 | JS44: 6165.96 | JT44: 8520.14 | JU44: 6004.2 | JV44: 7613.88 | JW44: 6370.2 | JX44: 6966.08 | JY44: 8364.14 | JZ44: 5831.3 | KA44: 5561.64 | KB44: 9047.7 | KC44: 7614.26 | KD44: 7897.54 | KE44: 7761.92 | KF44: 6967.98 | KG44: 8599.68 | KH44: 6706.12 | KI44: 7808.48 | KJ44: 4323.62 | KK44: 7189.22 | KL44: 5575.98 | KM44: 7741.38 | KN44: 5924.84 | KO44: 7247.44
A45: NSGA3 | B45: 2614.3333 | C45: 5223.9524 | D45: 8937.381 | E45: 3335.8095 | F45: 2952.5714 | G45: 5112.9048 | H45: 2290.4762 | I45: 4778.5238 | J45: 5260.381 | K45: 3865.381 | L45: 3780.1905 | M45: 3652.381 | N45: 4661.8571 | O45: 3822.1429 | P45: 2880.9524 | Q45: 6502.2381 | R45: 2549 | S45: 3026.5238 | T45: 6096.9524 | U45: 3958.9048 | V45: 2717.2857 | W45: 2834.4762 | X45: 3753.7143 | Y45: 3624 | Z45: 3790.5238 | AA45: 4695.9524 | AB45: 3466.8571 | AC45: 4562.9048 | AD45: 3119.619 | AE45: 4833.4286 | AF45: 4370.619 | AG45: 2421.5238 | AH45: 3736.9524 | AI45: 4307.619 | AJ45: 3175.1429 | AK45: 5383.9048 | AL45: 3725.7143 | AM45: 5712.619 | AN45: 2244 | AO45: 3347.619 | AP45: 5466.4762 | AQ45: 2535.4762 | AR45: 6180.619 | AS45: 2316.2381 | AT45: 4361.1905 | AU45: 4366.9524 | AV45: 2211.4762 | AW45: 2807.9524 | AX45: 6783.6667 | AY45: 3986.8095 | AZ45: 3677.7619 | BA45: 4736.8095 | BB45: 5738.5714 | BC45: 4950.4762 | BD45: 6459 | BE45: 2751.8095 | BF45: 4386.1905 | BG45: 7178.2857 | BH45: 4075.3333 | BI45: 2331.4762 | BJ45: 3620.0952 | BK45: 4280.9524 | BL45: 2797.9048 | BM45: 1844.4286 | BN45: 3567.2381 | BO45: 3791.8571 | BP45: 2568.9524 | BQ45: 3690.8571 | BR45: 4006.5714 | BS45: 7695.8571 | BT45: 4366.5238 | BU45: 3396.4286 | BV45: 2714.2857 | BW45: 5736.619 | BX45: 5486.1429 | BY45: 3746.381 | BZ45: 5092.7143 | CA45: 2774.2857 | CB45: 6128.1429 | CC45: 4161 | CD45: 2387.8095 | CE45: 3599.9048 | CF45: 3299.9048 | CG45: 4812.0952 | CH45: 8999.8095 | CI45: 8006.619 | CJ45: 3963.9524 | CK45: 3708.2381 | CL45: 5276.5714 | CM45: 5274.1429 | CN45: 3334 | CO45: 2584.3333 | CP45: 2818.1429 | CQ45: 2635.381 | CR45: 2432.1905 | CS45: 4221.2857 | CT45: 3851.7619 | CU45: 5417 | CV45: 3393.2381 | CW45: 2445.4286 | CX45: 3836.2333 | CY45: 5718.1 | CZ45: 4916.3667 | DA45: 4114.0667 | DB45: 3876.5 | DC45: 4740.3 | DD45: 3206.6667 | DE45: 7676.9667 | DF45: 5160.3333 | DG45: 4754.5333 | DH45: 3897.6 | DI45: 5881.1667 | DJ45: 5202 | DK45: 5783.6667 | DL45: 4664.1667 | DM45: 2476.8333 | DN45: 7172.5 | DO45: 6330.7333 | DP45: 2688.2667 | DQ45: 7296.1 | DR45: 3921.9333 | DS45: 6938.9333 | DT45: 7410.9 | DU45: 4291.8333 | DV45: 5141.9 | DW45: 6854.3 | DX45: 4034.9 | DY45: 5095.6667 | DZ45: 5859.3333 | EA45: 5267.8333 | EB45: 3827.8667 | EC45: 4471.7 | ED45: 4203.9 | EE45: 7258.3 | EF45: 8437.4667 | EG45: 7345.9333 | EH45: 6691.5 | EI45: 4329.9667 | EJ45: 2916.1667 | EK45: 4422.6667 | EL45: 5669.8333 | EM45: 3357.3333 | EN45: 7289.2 | EO45: 4378.1333 | EP45: 5884.1667 | EQ45: 4164.3 | ER45: 4475.6 | ES45: 7111.3333 | ET45: 4634.6333 | EU45: 5936.9 | EV45: 3843 | EW45: 5417.2667 | EX45: 6675.4667 | EY45: 4054.8 | EZ45: 7069.9333 | FA45: 3531.9 | FB45: 5476.1333 | FC45: 4201.0667 | FD45: 3569.1667 | FE45: 8718.5333 | FF45: 6896.5333 | FG45: 4305.2333 | FH45: 3432.8 | FI45: 6350.0333 | FJ45: 9416 | FK45: 5025.0667 | FL45: 4054.7333 | FM45: 3573.8 | FN45: 7941.2667 | FO45: 4423.6333 | FP45: 3937.3667 | FQ45: 5894.8 | FR45: 6030.6667 | FS45: 6336.5 | FT45: 4499.8333 | FU45: 6269.4667 | FV45: 2518 | FW45: 6123.3 | FX45: 4036.2 | FY45: 7932.6333 | FZ45: 3280.4667 | GA45: 7511.7333 | GB45: 3223.5 | GC45: 5419.8 | GD45: 7123.6333 | GE45: 3438.3667 | GF45: 5730.1333 | GG45: 3421.8 | GH45: 4431.0333 | GI45: 3736.4333 | GJ45: 3929.2667 | GK45: 6925.3 | GL45: 4768.3667 | GM45: 6868.8333 | GN45: 5465.6667 | GO45: 4613.6 | GP45: 3122.8 | GQ45: 6111.1 | GR45: 6359.1333 | GS45: 7138.4 | GT45: 4590.18 | GU45: 8469.1 | GV45: 5873.88 | GW45: 7767.52 | GX45: 8531.86 | GY45: 3529.42 | GZ45: 4621.1 | HA45: 8029.02 | HB45: 6234.5 | HC45: 6862 | HD45: 6982.08 | HE45: 5936.18 | HF45: 6425.48 | HG45: 7569.88 | HH45: 5017.22 | HI45: 9449.62 | HJ45: 7149.5 | HK45: 9245.32 | HL45: 6156.54 | HM45: 7926.24 | HN45: 9648.96 | HO45: 8709.42 | HP45: 8254.94 | HQ45: 5000.56 | HR45: 7909.78 | HS45: 10697.08 | HT45: 9005.78 | HU45: 7056.9 | HV45: 7104.58 | HW45: 7282.48 | HX45: 7635.64 | HY45: 7258.08 | HZ45: 9768.04 | IA45: 6696.92 | IB45: 6413.84 | IC45: 5741.7 | ID45: 6391.38 | IE45: 9438.02 | IF45: 9375.56 | IG45: 6974.06 | IH45: 5548.26 | II45: 7145.86 | IJ45: 4466.88 | IK45: 6062.2 | IL45: 5711.08 | IM45: 6646.64 | IN45: 5192.52 | IO45: 8291.28 | IP45: 6590.68 | IQ45: 10077.38 | IR45: 5842.12 | IS45: 6058.6 | IT45: 5382.34 | IU45: 6258.3 | IV45: 7982.44 | IW45: 8540 | IX45: 9167.76 | IY45: 6497.48 | IZ45: 6625.36 | JA45: 6072.12 | JB45: 5605.1 | JC45: 6016.58 | JD45: 4172.94 | JE45: 7293.62 | JF45: 6171.24 | JG45: 4888.42 | JH45: 9604.64 | JI45: 4655.04 | JJ45: 6473.88 | JK45: 4117.7 | JL45: 7209.46 | JM45: 5937.18 | JN45: 10273.86 | JO45: 6963.96 | JP45: 6204.32 | JQ45: 6187.94 | JR45: 5608.02 | JS45: 7529.02 | JT45: 4297.18 | JU45: 7808.4 | JV45: 6185.94 | JW45: 8306.8 | JX45: 6800 | JY45: 7700.54 | JZ45: 6802.32 | KA45: 8179.52 | KB45: 6138.94 | KC45: 9341.28 | KD45: 7367.24 | KE45: 7412.38 | KF45: 6034.66 | KG45: 6110.16 | KH45: 5674.92 | KI45: 6400.92 | KJ45: 6634.88 | KK45: 6996.88 | KL45: 7747.96 | KM45: 4700.64 | KN45: 6837.62 | KO45: 6654.3
A46: MQGA | B46: 4912.1429 | C46: 3687.9524 | D46: 6019.619 | E46: 3074.5238 | F46: 2951.381 | G46: 3781.9048 | H46: 2410.2381 | I46: 3274.4762 | J46: 2395.1905 | K46: 2300.4286 | L46: 3069.0476 | M46: 2311.2857 | N46: 4645.6667 | O46: 3843.4286 | P46: 3073.7619 | Q46: 3450.2381 | R46: 2474.7619 | S46: 3448.8095 | T46: 3146.6667 | U46: 2426.8571 | V46: 2195.7143 | W46: 2618.5714 | X46: 2777.3333 | Y46: 2353.4286 | Z46: 3392.0952 | AA46: 2338.4762 | AB46: 3806.3333 | AC46: 4205.3333 | AD46: 5217.1905 | AE46: 2086.8571 | AF46: 3725.0952 | AG46: 3664.8095 | AH46: 4966.3333 | AI46: 4873.6667 | AJ46: 2420.9048 | AK46: 2580.4762 | AL46: 3525.4762 | AM46: 3632.0476 | AN46: 4619.0952 | AO46: 3697.2857 | AP46: 3968.8095 | AQ46: 3389.381 | AR46: 2106.8095 | AS46: 6166.1429 | AT46: 3064.381 | AU46: 4317.0476 | AV46: 3254.0476 | AW46: 3927.2381 | AX46: 4130.7619 | AY46: 3632.4762 | AZ46: 3587.4762 | BA46: 2833.3333 | BB46: 2569.5238 | BC46: 2914.3333 | BD46: 2946.9524 | BE46: 3240.7143 | BF46: 3117.4762 | BG46: 2683.619 | BH46: 2332.8571 | BI46: 2730.619 | BJ46: 3184.4762 | BK46: 2517.2381 | BL46: 4223.6667 | BM46: 2696.6667 | BN46: 3738 | BO46: 5076 | BP46: 2432.381 | BQ46: 3226.8095 | BR46: 2562.0476 | BS46: 2888.0476 | BT46: 3174.7143 | BU46: 3321.6667 | BV46: 4713.9524 | BW46: 3510.9524 | BX46: 2800.2381 | BY46: 2834.5714 | BZ46: 5186.1905 | CA46: 3303.9524 | CB46: 2622.7619 | CC46: 2761.6667 | CD46: 2263.1905 | CE46: 5126 | CF46: 4629.0952 | CG46: 3959.2381 | CH46: 2841.4286 | CI46: 3453.381 | CJ46: 3293.7619 | CK46: 2655.381 | CL46: 2811 | CM46: 5937.6667 | CN46: 3942.2381 | CO46: 2863.2857 | CP46: 3695.8095 | CQ46: 2786.9048 | CR46: 2488.8095 | CS46: 2748.0952 | CT46: 2072.9048 | CU46: 3740.0952 | CV46: 4061.7619 | CW46: 3063.5714 | CX46: 4576.0667 | CY46: 3226.5667 | CZ46: 4152.2333 | DA46: 3669.4 | DB46: 3775 | DC46: 3793.3333 | DD46: 4521.5667 | DE46: 4427.2667 | DF46: 3833.6 | DG46: 3053.3333 | DH46: 4659.2333 | DI46: 4019.1667 | DJ46: 4104.8667 | DK46: 5337.2667 | DL46: 4183.9667 | DM46: 3774.9 | DN46: 4759.0667 | DO46: 3518.7333 | DP46: 3486.8333 | DQ46: 3346.8 | DR46: 3294.5667 | DS46: 3018.4667 | DT46: 4552.7 | DU46: 4352.3333 | DV46: 4624.2333 | DW46: 2991.3 | DX46: 5093.7333 | DY46: 3905.9333 | DZ46: 4542.7333 | EA46: 4040.3333 | EB46: 3343.2333 | EC46: 3648.6 | ED46: 4199.7333 | EE46: 3847.3667 | EF46: 4781.9667 | EG46: 4538.8333 | EH46: 4254.2333 | EI46: 3970.7667 | EJ46: 3083.7333 | EK46: 3636.4667 | EL46: 3906.8667 | EM46: 2547.8333 | EN46: 3382.7333 | EO46: 3625.2333 | EP46: 4675.1 | EQ46: 2997.3667 | ER46: 3375.2667 | ES46: 3308.8667 | ET46: 4143.9667 | EU46: 4286.6333 | EV46: 3678.7667 | EW46: 4101.6333 | EX46: 3865.6 | EY46: 5146.4667 | EZ46: 5464.3 | FA46: 4878.8 | FB46: 4387.5667 | FC46: 4676 | FD46: 2759.5667 | FE46: 4010.2667 | FF46: 3084.4 | FG46: 3055.7 | FH46: 3678.9333 | FI46: 4009.0333 | FJ46: 3390.8333 | FK46: 5147 | FL46: 3136.8 | FM46: 5059.9667 | FN46: 3943.6333 | FO46: 3760.7 | FP46: 3005.7667 | FQ46: 3961.1 | FR46: 3046.8667 | FS46: 3369.2667 | FT46: 4434.4333 | FU46: 4733.3333 | FV46: 3646.7333 | FW46: 4209.9333 | FX46: 4845.0333 | FY46: 4998.9667 | FZ46: 3642.0667 | GA46: 3604.4 | GB46: 3653.7 | GC46: 3843.9667 | GD46: 3228.5 | GE46: 3496.8333 | GF46: 4090.8333 | GG46: 4054.5667 | GH46: 2971.8 | GI46: 2900.0333 | GJ46: 4339.7 | GK46: 4199.9333 | GL46: 3748.2333 | GM46: 4436.4 | GN46: 3315.7333 | GO46: 3403.5 | GP46: 4872.7667 | GQ46: 4682.9 | GR46: 4955.6 | GS46: 3388.4667 | GT46: 5930.92 | GU46: 7016.44 | GV46: 6537.02 | GW46: 7255.56 | GX46: 6856.58 | GY46: 5798.12 | GZ46: 5568.62 | HA46: 5509.62 | HB46: 4871.72 | HC46: 4948.2 | HD46: 5097.86 | HE46: 6414.16 | HF46: 5027.18 | HG46: 7653.42 | HH46: 4856.9 | HI46: 5861.2 | HJ46: 4833.24 | HK46: 5101.22 | HL46: 5547.82 | HM46: 5501.78 | HN46: 6608.58 | HO46: 6815.4 | HP46: 7519.86 | HQ46: 4977.76 | HR46: 4997.8 | HS46: 5802.8 | HT46: 5165.78 | HU46: 5347.36 | HV46: 6664.76 | HW46: 5607.16 | HX46: 7008.6 | HY46: 6397.3 | HZ46: 6266.4 | IA46: 5491.22 | IB46: 6412.48 | IC46: 4709.3 | ID46: 6653.16 | IE46: 6351.56 | IF46: 5234 | IG46: 4554.08 | IH46: 5758.08 | II46: 7643.84 | IJ46: 5724.14 | IK46: 5339.96 | IL46: 5024.16 | IM46: 5487.6 | IN46: 5474.16 | IO46: 5542.28 | IP46: 5449.84 | IQ46: 6479.98 | IR46: 6131.2 | IS46: 6002.02 | IT46: 5185.78 | IU46: 6123.14 | IV46: 6383.48 | IW46: 6789.46 | IX46: 6128.28 | IY46: 5879.22 | IZ46: 5770.88 | JA46: 5663.68 | JB46: 7237.26 | JC46: 4395.36 | JD46: 6072.12 | JE46: 6479.2 | JF46: 4032.08 | JG46: 5450.18 | JH46: 6547.9 | JI46: 4094.28 | JJ46: 5858.86 | JK46: 5710.1 | JL46: 6357.56 | JM46: 7043.54 | JN46: 6042.18 | JO46: 7216.72 | JP46: 6256.66 | JQ46: 6490.92 | JR46: 6776.12 | JS46: 5360.7 | JT46: 7292.64 | JU46: 4414.82 | JV46: 5142.38 | JW46: 5362.12 | JX46: 4912.04 | JY46: 7072.46 | JZ46: 6818.16 | KA46: 6171.5 | KB46: 5456.52 | KC46: 4773.26 | KD46: 4792.12 | KE46: 4845.02 | KF46: 6068.24 | KG46: 6827.16 | KH46: 6923.52 | KI46: 6955.6 | KJ46: 4893.6 | KK46: 6328.28 | KL46: 3988.3 | KM46: 5591.66 | KN46: 5024.02 | KO46: 5567.56
A47: Greedy | B47: 3725.7143 | C47: 4499.2857 | D47: 4546.3333 | E47: 3430.0952 | F47: 3679.5238 | G47: 2342.8571 | H47: 3795.2857 | I47: 2105.7143 | J47: 3196.7143 | K47: 2457.0476 | L47: 4575.0476 | M47: 2418.8095 | N47: 6506.0476 | O47: 2781.9524 | P47: 2318.1905 | Q47: 2703.1905 | R47: 3422.0476 | S47: 2996.7143 | T47: 2424.619 | U47: 2809.7619 | V47: 4198.3333 | W47: 3471.8095 | X47: 3225 | Y47: 4544.9048 | Z47: 2604.9048 | AA47: 6191.9048 | AB47: 6112.7143 | AC47: 2850.8571 | AD47: 3381.7143 | AE47: 4814.0476 | AF47: 3324.3333 | AG47: 4458.7143 | AH47: 4634.381 | AI47: 2947.2857 | AJ47: 4012.8571 | AK47: 2720.5714 | AL47: 4082.1429 | AM47: 5344.0476 | AN47: 2416.3333 | AO47: 4537.8095 | AP47: 4137.1905 | AQ47: 4137.619 | AR47: 2759.0476 | AS47: 3224.4286 | AT47: 2410.8571 | AU47: 4318.9524 | AV47: 2917.1429 | AW47: 3452.619 | AX47: 2910.4286 | AY47: 5256.0952 | AZ47: 4752.0952 | BA47: 2497.4286 | BB47: 4133.1429 | BC47: 4430.0952 | BD47: 4113.381 | BE47: 2235.9524 | BF47: 10827.381 | BG47: 3072.5714 | BH47: 2282.0952 | BI47: 2210.0476 | BJ47: 3745.4762 | BK47: 4249.619 | BL47: 3504.2381 | BM47: 5834.7143 | BN47: 2771.381 | BO47: 5110.7143 | BP47: 3012.0952 | BQ47: 5734.5714 | BR47: 6979.7143 | BS47: 2369.9048 | BT47: 3714 | BU47: 4895.9048 | BV47: 4323.5238 | BW47: 5915.0952 | BX47: 6412.381 | BY47: 2489.7619 | BZ47: 2248.2381 | CA47: 3614.5238 | CB47: 2443.8571 | CC47: 6467 | CD47: 4676.1905 | CE47: 3308 | CF47: 5980.8095 | CG47: 4036.5238 | CH47: 4524.1905 | CI47: 5534.8095 | CJ47: 5995.381 | CK47: 4009.381 | CL47: 10015.619 | CM47: 2732.8095 | CN47: 4604.9524 | CO47: 4741.5714 | CP47: 2733.8095 | CQ47: 6779.0952 | CR47: 2457.619 | CS47: 2705.8571 | CT47: 5416.0952 | CU47: 3731.9048 | CV47: 2817.7143 | CW47: 2429.1905 | CX47: 9034.9333 | CY47: 3165.2667 | CZ47: 4672.3667 | DA47: 2680.2333 | DB47: 4105.6 | DC47: 4888.4 | DD47: 4320.9 | DE47: 6127.8667 | DF47: 7626.5667 | DG47: 4325.9333 | DH47: 2842.9 | DI47: 5615.6333 | DJ47: 5264.1333 | DK47: 4471.8 | DL47: 6395.7333 | DM47: 4905.7333 | DN47: 3308.1 | DO47: 3917 | DP47: 2537.2333 | DQ47: 9470.1667 | DR47: 8492.2 | DS47: 3142.9333 | DT47: 6040.1667 | DU47: 5441.7 | DV47: 6384.6333 | DW47: 3152.8333 | DX47: 5961.2 | DY47: 5341.1333 | DZ47: 4744.0667 | EA47: 4689.2667 | EB47: 5135.5333 | EC47: 4531.4 | ED47: 8201.3667 | EE47: 3344.9 | EF47: 3817.7333 | EG47: 5164.2 | EH47: 7962.7333 | EI47: 3635.6333 | EJ47: 3184.6333 | EK47: 7564 | EL47: 5275.9333 | EM47: 3457.3 | EN47: 6048.0333 | EO47: 5934.8667 | EP47: 4158.8333 | EQ47: 4856.9333 | ER47: 7394.9667 | ES47: 8526.4 | ET47: 6145.6 | EU47: 6292.6 | EV47: 3817.6 | EW47: 8522.6333 | EX47: 3229.1667 | EY47: 4192.9667 | EZ47: 6537.7333 | FA47: 4126.0333 | FB47: 4152.8667 | FC47: 4613.8 | FD47: 3142.1 | FE47: 3985.5667 | FF47: 3415.0667 | FG47: 3239.0667 | FH47: 4649.4333 | FI47: 5661.0667 | FJ47: 6097.0333 | FK47: 3714.4 | FL47: 3246.7667 | FM47: 7124.3 | FN47: 4408.2 | FO47: 3513.4333 | FP47: 4371.7667 | FQ47: 6928.3667 | FR47: 3915.8 | FS47: 5334.0667 | FT47: 6964.7667 | FU47: 6322.5667 | FV47: 3014.5333 | FW47: 6226.1667 | FX47: 7224.1667 | FY47: 3718.2 | FZ47: 5084.7667 | GA47: 4513.9667 | GB47: 5656 | GC47: 5432.4667 | GD47: 3411.5 | GE47: 7987.2333 | GF47: 6672.3333 | GG47: 5398.7667 | GH47: 3058.9 | GI47: 3714.6667 | GJ47: 5400.9333 | GK47: 2937.3667 | GL47: 3512.1667 | GM47: 6148.3333 | GN47: 3612.5667 | GO47: 2655.7333 | GP47: 3004.0667 | GQ47: 6218.7667 | GR47: 6500.4333 | GS47: 4776.2 | GT47: 7256.06 | GU47: 7827.98 | GV47: 6847.72 | GW47: 9165.02 | GX47: 8406.02 | GY47: 6957.42 | GZ47: 6255.66 | HA47: 8455.1 | HB47: 5781.46 | HC47: 6226.1 | HD47: 5902.56 | HE47: 7036.62 | HF47: 7586.82 | HG47: 8805 | HH47: 3915.34 | HI47: 8147.18 | HJ47: 6957 | HK47: 6117.96 | HL47: 9313.6 | HM47: 5499.22 | HN47: 8376.22 | HO47: 6086.38 | HP47: 7819.28 | HQ47: 4436.8 | HR47: 7098.26 | HS47: 6860.04 | HT47: 3562.78 | HU47: 6587.92 | HV47: 11063.5 | HW47: 7864.14 | HX47: 8083.88 | HY47: 8684.8 | HZ47: 7796.98 | IA47: 4969.92 | IB47: 7162.22 | IC47: 6339.1 | ID47: 6614.86 | IE47: 6599.38 | IF47: 6143.98 | IG47: 5125.88 | IH47: 7272.62 | II47: 8540.26 | IJ47: 7828.1 | IK47: 7373.12 | IL47: 6038.52 | IM47: 5514.64 | IN47: 7361.64 | IO47: 5803.12 | IP47: 6876.24 | IQ47: 7963.34 | IR47: 8210.34 | IS47: 2987.4 | IT47: 7296.96 | IU47: 7971.8 | IV47: 8199.12 | IW47: 8385.74 | IX47: 3798.64 | IY47: 9180.58 | IZ47: 8965.9 | JA47: 6262.5 | JB47: 7745.66 | JC47: 6217.86 | JD47: 7433.6 | JE47: 10448.86 | JF47: 5379.48 | JG47: 5392.62 | JH47: 8529.08 | JI47: 6227.96 | JJ47: 5513.12 | JK47: 7519.38 | JL47: 8714.72 | JM47: 7768.48 | JN47: 8206.32 | JO47: 5824.14 | JP47: 9690.38 | JQ47: 9843.7 | JR47: 8775.44 | JS47: 6753.42 | JT47: 2661.64 | JU47: 7227.94 | JV47: 7905.16 | JW47: 8014.02 | JX47: 7709.14 | JY47: 7742.1 | JZ47: 8793.06 | KA47: 3893.04 | KB47: 5804.38 | KC47: 4399.06 | KD47: 8246.8 | KE47: 7642.66 | KF47: 7907.74 | KG47: 6966.74 | KH47: 7941.08 | KI47: 12065.16 | KJ47: 7570.56 | KK47: 8179.66 | KL47: 6980.62 | KM47: 8411.04 | KN47: 6278.64 | KO47: 7950.58
A48: MOPSO | B48: 6856.0476 | C48: 3347.9524 | D48: 3209.0476 | E48: 5677.1905 | F48: 3153.4286 | G48: 2372.8095 | H48: 3910.0952 | I48: 2037.381 | J48: 3048.4762 | K48: 3087.9048 | L48: 3570.619 | M48: 5431.7143 | N48: 4488.2857 | O48: 4587.1429 | P48: 3020.1429 | Q48: 2702.4286 | R48: 3224.3333 | S48: 3134.381 | T48: 3983.1429 | U48: 2721.7143 | V48: 2475.0952 | W48: 2777.7619 | X48: 3860.0952 | Y48: 2356.8571 | Z48: 6305.4762 | AA48: 3879.7619 | AB48: 3662.1429 | AC48: 3262.7143 | AD48: 3859.5238 | AE48: 2011.2857 | AF48: 8160.7143 | AG48: 4307.4286 | AH48: 7154.9524 | AI48: 3442.2381 | AJ48: 3118.3333 | AK48: 2751.2857 | AL48: 3390.4762 | AM48: 3257.381 | AN48: 3529.1905 | AO48: 3597 | AP48: 8995.7619 | AQ48: 2675.381 | AR48: 2378.619 | AS48: 2423.619 | AT48: 2385.8095 | AU48: 3862.2857 | AV48: 2440.381 | AW48: 2292.5714 | AX48: 3570.2381 | AY48: 5384.1429 | AZ48: 2573.4762 | BA48: 2678.5714 | BB48: 3195.2381 | BC48: 2418.2381 | BD48: 3019.3333 | BE48: 3303.7143 | BF48: 3548.7619 | BG48: 2978.7619 | BH48: 3707.5714 | BI48: 4689.5238 | BJ48: 2934.381 | BK48: 3561.5238 | BL48: 4207.7143 | BM48: 3237.9524 | BN48: 4526.5238 | BO48: 5233.7143 | BP48: 2481.0476 | BQ48: 4675.9048 | BR48: 3292.1429 | BS48: 3237.619 | BT48: 3563.619 | BU48: 4790.6667 | BV48: 5213.8095 | BW48: 5301.7143 | BX48: 3464.381 | BY48: 2582.4762 | BZ48: 2760.6667 | CA48: 6951.4286 | CB48: 3019.8095 | CC48: 2839.7143 | CD48: 4902.0952 | CE48: 4758.8095 | CF48: 3214.8571 | CG48: 2761.9524 | CH48: 2836.381 | CI48: 2760.9048 | CJ48: 3373.8571 | CK48: 3937.1905 | CL48: 4966.0476 | CM48: 3254.4286 | CN48: 4149.4286 | CO48: 5011 | CP48: 3014.5714 | CQ48: 6008.0476 | CR48: 3136.619 | CS48: 5098 | CT48: 3936.3333 | CU48: 4893.619 | CV48: 3850.9048 | CW48: 3968.4762 | CX48: 4769.5667 | CY48: 5794.7333 | CZ48: 4661.5333 | DA48: 4455.7333 | DB48: 4013.6 | DC48: 4806.6 | DD48: 4643.2667 | DE48: 4804.3333 | DF48: 5580.3 | DG48: 4754.4333 | DH48: 5568.1667 | DI48: 6308.3667 | DJ48: 7179.9333 | DK48: 4334.5667 | DL48: 7026.0333 | DM48: 3611.0333 | DN48: 5499.2333 | DO48: 4094.3333 | DP48: 4318.9333 | DQ48: 5396.5333 | DR48: 5691.2333 | DS48: 3593.7333 | DT48: 4882.4667 | DU48: 5668.4667 | DV48: 5103.3333 | DW48: 4980.5 | DX48: 5774.8333 | DY48: 6026 | DZ48: 7791.7667 | EA48: 6044.0333 | EB48: 3566.4333 | EC48: 5712.3 | ED48: 4883.9 | EE48: 3435.3 | EF48: 4295.7 | EG48: 3765.8333 | EH48: 4621.1 | EI48: 5615.6333 | EJ48: 4234.6667 | EK48: 5016.4 | EL48: 6172.9333 | EM48: 3395.4667 | EN48: 4547.8667 | EO48: 5771.1333 | EP48: 5146.7667 | EQ48: 4940.2 | ER48: 6809.4 | ES48: 5575.1667 | ET48: 4185.7 | EU48: 4629.1333 | EV48: 3588.9667 | EW48: 6105.0667 | EX48: 6994.6667 | EY48: 3974.5 | EZ48: 5714.9667 | FA48: 3923.3 | FB48: 3887.4667 | FC48: 4477.3333 | FD48: 3983.4667 | FE48: 4037.4 | FF48: 4246.4667 | FG48: 4052.1 | FH48: 4136.1667 | FI48: 7340.8667 | FJ48: 7138.1333 | FK48: 4701.9 | FL48: 4713.6333 | FM48: 4784.8 | FN48: 5528.7 | FO48: 4456.3 | FP48: 4896.9333 | FQ48: 6328.9667 | FR48: 3931.7333 | FS48: 4266.4667 | FT48: 4157.7667 | FU48: 5108.7 | FV48: 4568.7667 | FW48: 5934.2 | FX48: 5195.2667 | FY48: 6011.7667 | FZ48: 2747.6333 | GA48: 3935.5667 | GB48: 4321.2333 | GC48: 5101.5 | GD48: 5023.7667 | GE48: 4976.7667 | GF48: 5858.3333 | GG48: 4132.9333 | GH48: 5402.3 | GI48: 4672.4333 | GJ48: 3622.7667 | GK48: 3682.8 | GL48: 4595.0333 | GM48: 4526.1 | GN48: 5118.5333 | GO48: 4077.1667 | GP48: 5753.6667 | GQ48: 5415.2333 | GR48: 4911.0333 | GS48: 6133.1667 | GT48: 7399.48 | GU48: 8396.26 | GV48: 4899.86 | GW48: 7440.42 | GX48: 8221.72 | GY48: 7335.18 | GZ48: 6045.02 | HA48: 8055.08 | HB48: 5320 | HC48: 6707.14 | HD48: 7683.4 | HE48: 7395.22 | HF48: 6684.32 | HG48: 6899.34 | HH48: 7743.66 | HI48: 7431.44 | HJ48: 6346.84 | HK48: 5197.86 | HL48: 7670.84 | HM48: 7934.56 | HN48: 7791.7 | HO48: 6792.56 | HP48: 9264.38 | HQ48: 5712.88 | HR48: 8549.4 | HS48: 6744.46 | HT48: 5887.44 | HU48: 6796.3 | HV48: 7468.22 | HW48: 5558.46 | HX48: 8503.72 | HY48: 7602.2 | HZ48: 6108.32 | IA48: 6164.94 | IB48: 8138.68 | IC48: 6125.2 | ID48: 6474.42 | IE48: 5648.38 | IF48: 7588.82 | IG48: 4968.24 | IH48: 7443.94 | II48: 6599.4 | IJ48: 8111.62 | IK48: 6746.64 | IL48: 7631.3 | IM48: 7311.02 | IN48: 7050.1 | IO48: 8403.6 | IP48: 6337.18 | IQ48: 6377.58 | IR48: 6733.5 | IS48: 8208.96 | IT48: 6900.62 | IU48: 6224.28 | IV48: 7216.36 | IW48: 7467.22 | IX48: 8185.14 | IY48: 6286 | IZ48: 5859.02 | JA48: 6000.88 | JB48: 5659.62 | JC48: 5449.84 | JD48: 7552.22 | JE48: 5895.98 | JF48: 6290.74 | JG48: 6465.82 | JH48: 6625.74 | JI48: 5828.5 | JJ48: 7936.12 | JK48: 7063.26 | JL48: 8057.2 | JM48: 6145.38 | JN48: 7160.12 | JO48: 5706.16 | JP48: 7324.96 | JQ48: 7653.64 | JR48: 7220.4 | JS48: 7421.52 | JT48: 6228.62 | JU48: 7090.7 | JV48: 7240.04 | JW48: 6910.92 | JX48: 5331.18 | JY48: 7174.36 | JZ48: 7760.2 | KA48: 7333.64 | KB48: 7147.38 | KC48: 5547.22 | KD48: 5156.48 | KE48: 8264.2 | KF48: 7844.66 | KG48: 6918.82 | KH48: 7056.34 | KI48: 7194.44 | KJ48: 7635 | KK48: 6099.04 | KL48: 5393.16 | KM48: 6478.58 | KN48: 5601.9 | KO48: 6309.36

Sheet Energy
A1: Algorithm | B1: Load | C1: Average | D1: Min | E1: Max | F1: Std Dev
A2: QUEST | B2: 20 | C2: 11035549 | D2: 8258247.5 | E2: 14164877 | F2: 1285512
A3: QUEST | B3: 30 | C3: 14895357 | D3: 11167762 | E3: 19617054 | F3: 1667126.5
A4: QUEST | B4: 50 | C4: 24970479 | D4: 16481639 | E4: 34195294 | F4: 3462822.4
A5: Fuzzy | B5: 20 | C5: 13599391 | D5: 9226486.7 | E5: 23349176 | F5: 2427820.2
A6: Fuzzy | B6: 30 | C6: 24836193 | D6: 15639668 | E6: 39703739 | F6: 4454679.2
A7: Fuzzy | B7: 50 | C7: 50674383 | D7: 35856793 | E7: 69079344 | F7: 8000490
A8: NSGA3 | B8: 20 | C8: 13759448 | D8: 7641259.2 | E8: 24306436 | F8: 3216896
A9: NSGA3 | B9: 30 | C9: 24729021 | D9: 13461279 | E9: 37692373 | F9: 5553069.4
A10: NSGA3 | B10: 50 | C10: 48174455 | D10: 30233851 | E10: 67285402 | F10: 8465663
A11: MQGA | B11: 20 | C11: 11423413 | D11: 9037396.7 | E11: 13746418 | F11: 978654.28
A12: MQGA | B12: 30 | C12: 19925336 | D12: 16879474 | E12: 24839072 | F12: 1477886.9
A13: MQGA | B13: 50 | C13: 41946442 | D13: 34560420 | E13: 52449258 | F13: 2852232
... A19: MOPSO | B19: 50 | C19: 48080054 | D19: 39772264 | E19: 57183725 | F19: 4166576.2
A22: Summary by Algorithm
A23: QUEST | C23: 16967128 | D23: 8258247.5 | E23: 34195294 | F23: 6323302.8
A24: Fuzzy | C24: 29703322 | D24: 9226486.7 | E24: 69079344 | F24: 16457594
A25: NSGA3 | C25: 28887641 | D25: 7641259.2 | E25: 67285402 | F25: 15609719
A26: MQGA | C26: 24431730 | D26: 9037396.7 | E26: 52449258 | F26: 13007257
A27: Greedy | C27: 28795531 | D27: 7068295 | E27: 80900579 | F27: 16615719
A28: MOPSO | C28: 28162465 | D28: 9863970 | E28: 57183725 | F28: 15002361
A31: Average data for chart
A32: Algorithms | B32: 20 | C32: 30 | D32: 50
A33: QUEST | B33: 11035549 | C33: 14895357 | D33: 24970479
A34: Fuzzy | B34: 13599391 | C34: 24836193 | D34: 50674383
A35: NSGA3 | B35: 13759448 | C35: 24729021 | D35: 48174455
A36: MQGA | B36: 11423413 | C36: 19925336 | D36: 41946442
A37: Greedy | B37: 12931237 | C37: 23825663 | D37: 49629693
A38: MOPSO | B38: 12964493 | C38: 23442847 | D38: 48080054
A41: All data for chart
A42: Algorithms | B42: 20 | C42: 20 | D42: 20 | E42: 20 | F42: 20 | G42: 20 | H42: 20 | I42: 20 | J42: 20 | K42: 20 | L42: 20 | M42: 20 | N42: 20 | O42: 20 | P42: 20 | Q42: 20 | R42: 20 | S42: 20 | T42: 20 | U42: 20 | V42: 20 | W42: 20 | X42: 20 | Y42: 20 | Z42: 20 | AA42: 20 | AB42: 20 | AC42: 20 | AD42: 20 | AE42: 20 | AF42: 20 | AG42: 20 | AH42: 20 | AI42: 20 | AJ42: 20 | AK42: 20 | AL42: 20 | AM42: 20 | AN42: 20 | AO42: 20 | AP42: 20 | AQ42: 20 | AR42: 20 | AS42: 20 | AT42: 20 | AU42: 20 | AV42: 20 | AW42: 20 | AX42: 20 | AY42: 20 | AZ42: 20 | BA42: 20 | BB42: 20 | BC42: 20 | BD42: 20 | BE42: 20 | BF42: 20 | BG42: 20 | BH42: 20 | BI42: 20 | BJ42: 20 | BK42: 20 | BL42: 20 | BM42: 20 | BN42: 20 | BO42: 20 | BP42: 20 | BQ42: 20 | BR42: 20 | BS42: 20 | BT42: 20 | BU42: 20 | BV42: 20 | BW42: 20 | BX42: 20 | BY42: 20 | BZ42: 20 | CA42: 20 | CB42: 20 | CC42: 20 | CD42: 20 | CE42: 20 | CF42: 20 | CG42: 20 | CH42: 20 | CI42: 20 | CJ42: 20 | CK42: 20 | CL42: 20 | CM42: 20 | CN42: 20 | CO42: 20 | CP42: 20 | CQ42: 20 | CR42: 20 | CS42: 20 | CT42: 20 | CU42: 20 | CV42: 20 | CW42: 20 | CX42: 30 | CY42: 30 | CZ42: 30 | DA42: 30 | DB42: 30 | DC42: 30 | DD42: 30 | DE42: 30 | DF42: 30 | DG42: 30 | DH42: 30 | DI42: 30 | DJ42: 30 | DK42: 30 | DL42: 30 | DM42: 30 | DN42: 30 | DO42: 30 | DP42: 30 | DQ42: 30 | DR42: 30 | DS42: 30 | DT42: 30 | DU42: 30 | DV42: 30 | DW42: 30 | DX42: 30 | DY42: 30 | DZ42: 30 | EA42: 30 | EB42: 30 | EC42: 30 | ED42: 30 | EE42: 30 | EF42: 30 | EG42: 30 | EH42: 30 | EI42: 30 | EJ42: 30 | EK42: 30 | EL42: 30 | EM42: 30 | EN42: 30 | EO42: 30 | EP42: 30 | EQ42: 30 | ER42: 30 | ES42: 30 | ET42: 30 | EU42: 30 | EV42: 30 | EW42: 30 | EX42: 30 | EY42: 30 | EZ42: 30 | FA42: 30 | FB42: 30 | FC42: 30 | FD42: 30 | FE42: 30 | FF42: 30 | FG42: 30 | FH42: 30 | FI42: 30 | FJ42: 30 | FK42: 30 | FL42: 30 | FM42: 30 | FN42: 30 | FO42: 30 | FP42: 30 | FQ42: 30 | FR42: 30 | FS42: 30 | FT42: 30 | FU42: 30 | FV42: 30 | FW42: 30 | FX42: 30 | FY42: 30 | FZ42: 30 | GA42: 30 | GB42: 30 | GC42: 30 | GD42: 30 | GE42: 30 | GF42: 30 | GG42: 30 | GH42: 30 | GI42: 30 | GJ42: 30 | GK42: 30 | GL42: 30 | GM42: 30 | GN42: 30 | GO42: 30 | GP42: 30 | GQ42: 30 | GR42: 30 | GS42: 30 | GT42: 50 | GU42: 50 | GV42: 50 | GW42: 50 | GX42: 50 | GY42: 50 | GZ42: 50 | HA42: 50 | HB42: 50 | HC42: 50 | HD42: 50 | HE42: 50 | HF42: 50 | HG42: 50 | HH42: 50 | HI42: 50 | HJ42: 50 | HK42: 50 | HL42: 50 | HM42: 50 | HN42: 50 | HO42: 50 | HP42: 50 | HQ42: 50 | HR42: 50 | HS42: 50 | HT42: 50 | HU42: 50 | HV42: 50 | HW42: 50 | HX42: 50 | HY42: 50 | HZ42: 50 | IA42: 50 | IB42: 50 | IC42: 50 | ID42: 50 | IE42: 50 | IF42: 50 | IG42: 50 | IH42: 50 | II42: 50 | IJ42: 50 | IK42: 50 | IL42: 50 | IM42: 50 | IN42: 50 | IO42: 50 | IP42: 50 | IQ42: 50 | IR42: 50 | IS42: 50 | IT42: 50 | IU42: 50 | IV42: 50 | IW42: 50 | IX42: 50 | IY42: 50 | IZ42: 50 | JA42: 50 | JB42: 50 | JC42: 50 | JD42: 50 | JE42: 50 | JF42: 50 | JG42: 50 | JH42: 50 | JI42: 50 | JJ42: 50 | JK42: 50 | JL42: 50 | JM42: 50 | JN42: 50 | JO42: 50 | JP42: 50 | JQ42: 50 | JR42: 50 | JS42: 50 | JT42: 50 | JU42: 50 | JV42: 50 | JW42: 50 | JX42: 50 | JY42: 50 | JZ42: 50 | KA42: 50 | KB42: 50 | KC42: 50 | KD42: 50 | KE42: 50 | KF42: 50 | KG42: 50 | KH42: 50 | KI42: 50 | KJ42: 50 | KK42: 50 | KL42: 50 | KM42: 50 | KN42: 50 | KO42: 50
A43: QUEST | B43: 13974241 | C43: 12253365 | D43: 10543616 | E43: 12025990 | F43: 14164877 | G43: 12585996 | H43: 10355831 | I43: 11422640 | J43: 10662538 | K43: 11796343 | L43: 8624335 | M43: 10015137 | N43: 10500493 | O43: 8701258.3 | P43: 11175629 | Q43: 10206514 | R43: 11278467 | S43: 11395773 | T43: 11856161 | U43: 10111577 | V43: 11832828 | W43: 10290921 | X43: 11659401 | Y43: 11548986 | Z43: 12013865 | AA43: 12242807 | AB43: 11084088 | AC43: 11023656 | AD43: 12416647 | AE43: 9002540.8 | AF43: 12373032 | AG43: 12682534 | AH43: 12149327 | AI43: 11035387 | AJ43: 11184360 | AK43: 11961081 | AL43: 9955307.5 | AM43: 12081648 | AN43: 12175829 | AO43: 14142243 | AP43: 11826451 | AQ43: 8695455 | AR43: 12037932 | AS43: 10165587 | AT43: 12091281 | AU43: 10769632 | AV43: 10875480 | AW43: 12339394 | AX43: 12348902 | AY43: 11133285 | AZ43: 10015348 | BA43: 10015274 | BB43: 10449646 | BC43: 12673922 | BD43: 12674253 | BE43: 10640456 | BF43: 13423458 | BG43: 9430089.2 | BH43: 10450324 | BI43: 11549143 | BJ43: 11421420 | BK43: 9438331.7 | BL43: 11143251 | BM43: 8360613.3 | BN43: 13117783 | BO43: 11461599 | BP43: 8258247.5 | BQ43: 10918987 | BR43: 9191972.5 | BS43: 9737049.2 | BT43: 9788176.7 | BU43: 12771893 | BV43: 10072762 | BW43: 10011629 | BX43: 12052736 | BY43: 11735595 | BZ43: 12011130 | CA43: 12742185 | CB43: 11151396 | CC43: 8669271.7 | CD43: 9081941.7 | CE43: 11359975 | CF43: 11876308 | CG43: 10502024 | CH43: 9882685 | CI43: 11224781 | CJ43: 9231086.7 | CK43: 10185203 | CL43: 10394556 | CM43: 9653748.3 | CN43: 11718189 | CO43: 10404125 | CP43: 10775298 | CQ43: 10850953 | CR43: 9214255 | CS43: 10111291 | CT43: 9650001.7 | CU43: 11414366 | CV43: 10107052 | CW43: 11748468 | CX43: 13279328 | CY43: 15788362 | CZ43: 12798888 | DA43: 14511875 | DB43: 14619618 | DC43: 11703799 | DD43: 11167762 | DE43: 15169329 | DF43: 15618951 | DG43: 15029377 | DH43: 14014662 | DI43: 15930718 | DJ43: 12578722 | DK43: 17554720 | DL43: 17721878 | DM43: 13892255 | DN43: 14518627 | DO43: 13018058 | DP43: 13488718 | DQ43: 14815308 | DR43: 15617529 | DS43: 13186043 | DT43: 14397270 | DU43: 16075778 | DV43: 14579319 | DW43: 15091807 | DX43: 14828827 | DY43: 16498145 | DZ43: 17662498 | EA43: 19617054 | EB43: 13295549 | EC43: 15599096 | ED43: 18829598 | EE43: 12578982 | EF43: 14109665 | EG43: 16309795 | EH43: 15023383 | EI43: 18860389 | EJ43: 16835501 | EK43: 15077771 | EL43: 15479542 | EM43: 15146956 | EN43: 14954394 | EO43: 15079233 | EP43: 17033574 | EQ43: 13032835 | ER43: 13899997 | ES43: 16346703 | ET43: 14400916 | EU43: 12073478 | EV43: 16227310 | EW43: 14270072 | EX43: 16132706 | EY43: 16796514 | EZ43: 15766748 | FA43: 13505197 | FB43: 16642828 | FC43: 17127008 | FD43: 14595589 | FE43: 15634664 | FF43: 18143738 | FG43: 14204052 | FH43: 15443228 | FI43: 16006477 | FJ43: 14797532 | FK43: 14678314 | FL43: 16403297 | FM43: 12905558 | FN43: 15888664 | FO43: 13892121 | FP43: 13320066 | FQ43: 14708967 | FR43: 12760471 | FS43: 13744291 | FT43: 15604565 | FU43: 11900560 | FV43: 16003384 | FW43: 13739054 | FX43: 16118635 | FY43: 14047768 | FZ43: 13118802 | GA43: 13820812 | GB43: 13529988 | GC43: 11884305 | GD43: 13740394 | GE43: 15602160 | GF43: 13394732 | GG43: 16548898 | GH43: 11243544 | GI43: 14291387 | GJ43: 14334701 | GK43: 13464637 | GL43: 17608837 | GM43: 15878803 | GN43: 14324435 | GO43: 14886262 | GP43: 16758650 | GQ43: 15304778 | GR43: 14845704 | GS43: 15201895 | GT43: 30539001 | GU43: 25866917 | GV43: 29123507 | GW43: 21670922 | GX43: 25878775 | GY43: 27979479 | GZ43: 24913808 | HA43: 28554716 | HB43: 24472760 | HC43: 29778369 | HD43: 25284440 | HE43: 33155201 | HF43: 21097469 | HG43: 22560982 | HH43: 24118762 | HI43: 22861949 | HJ43: 25061381 | HK43: 21932317 | HL43: 23763572 | HM43: 28939610 | HN43: 23172340 | HO43: 30181968 | HP43: 29153788 | HQ43: 27734687 | HR43: 31295181 | HS43: 24178183 | HT43: 23222152 | HU43: 24160145 | HV43: 23627125 | HW43: 26476883 | HX43: 27105734 | HY43: 27893903 | HZ43: 31866575 | IA43: 28261482 | IB43: 31566425 | IC43: 24132606 | ID43: 26616334 | IE43: 27349532 | IF43: 23522334 | IG43: 22185762 | IH43: 20267798 | II43: 22624039 | IJ43: 27344942 | IK43: 21775853 | IL43: 24795588 | IM43: 23964991 | IN43: 25307729 | IO43: 26341098 | IP43: 22086280 | IQ43: 25390282 | IR43: 25704210 | IS43: 24164295 | IT43: 25306756 | IU43: 21774096 | IV43: 20689278 | IW43: 24804336 | IX43: 22909443 | IY43: 22596007 | IZ43: 31726812 | JA43: 22894335 | JB43: 24443721 | JC43: 20798208 | JD43: 25932837 | JE43: 28860705 | JF43: 25360085 | JG43: 16481639 | JH43: 23154697 | JI43: 17132714 | JJ43: 28165722 | JK43: 18030120 | JL43: 27175972 | JM43: 23689163 | JN43: 21775728 | JO43: 26982099 | JP43: 32836065 | JQ43: 23591113 | JR43: 21060032 | JS43: 20082268 | JT43: 22081551 | JU43: 25527037 | JV43: 24144940 | JW43: 28839734 | JX43: 20558326 | JY43: 34195294 | JZ43: 24660775 | KA43: 28157116 | KB43: 27032030 | KC43: 21513638 | KD43: 22879944 | KE43: 23318475 | KF43: 22960576 | KG43: 21435186 | KH43: 24102732 | KI43: 26283306 | KJ43: 21654022 | KK43: 23488330 | KL43: 18798374 | KM43: 26721197 | KN43: 25773231 | KO43: 23643914
A44: Fuzzy | B44: 16442139 | C44: 15124041 | D44: 16185272 | E44: 17828145 | F44: 11143787 | G44: 15000065 | H44: 12588811 | I44: 10849718 | J44: 14294524 | K44: 12162493 | L44: 11784181 | M44: 12792384 | N44: 12279379 | O44: 12536541 | P44: 12774121 | Q44: 15298571 | R44: 11031442 | S44: 12224557 | T44: 12898698 | U44: 14842545 | V44: 16102965 | W44: 13382062 | X44: 18026482 | Y44: 15369070 | Z44: 14787000 | AA44: 13243706 | AB44: 12861443 | AC44: 14557988 | AD44: 13622440 | AE44: 13172332 | AF44: 14153228 | AG44: 13241077 | AH44: 16728082 | AI44: 13306012 | AJ44: 10285178 | AK44: 15173764 | AL44: 13928627 | AM44: 13584518 | AN44: 17942258 | AO44: 18785796 | AP44: 14679099 | AQ44: 12539830 | AR44: 10685744 | AS44: 11551680 | AT44: 15968542 | AU44: 11787993 | AV44: 10027346 | AW44: 12019905 | AX44: 10405348 | AY44: 12786302 | AZ44: 12303131 | BA44: 15028665 | BB44: 14596199 | BC44: 13883556 | BD44: 11915339 | BE44: 13417563 | BF44: 18038703 | BG44: 19558170 | BH44: 10743059 | BI44: 17006914 | BJ44: 15309760 | BK44: 13835448 | BL44: 10468202 | BM44: 10101231 | BN44: 12849479 | BO44: 16321059 | BP44: 12356705 | BQ44: 16437138 | BR44: 13134602 | BS44: 13744702 | BT44: 12015226 | BU44: 14681717 | BV44: 10605751 | BW44: 14057970 | BX44: 12196820 | BY44: 15687620 | BZ44: 13746628 | CA44: 14167588 | CB44: 11075342 | CC44: 11413247 | CD44: 11600878 | CE44: 10203555 | CF44: 12104832 | CG44: 9226486.7 | CH44: 15583412 | CI44: 14683364 | CJ44: 11952638 | CK44: 14050848 | CL44: 15894269 | CM44: 9952412.5 | CN44: 10687864 | CO44: 23349176 | CP44: 10298804 | CQ44: 16640420 | CR44: 14223989 | CS44: 12485862 | CT44: 12636855 | CU44: 16089145 | CV44: 12024443 | CW44: 10765122 | CX44: 17147834 | CY44: 26755605 | CZ44: 19356448 | DA44: 27699581 | DB44: 21366304 | DC44: 23659113 | DD44: 26087668 | DE44: 25258685 | DF44: 22427546 | DG44: 24514387 | DH44: 19863380 | DI44: 21044799 | DJ44: 28976791 | DK44: 27459858 | DL44: 22893382 | DM44: 22986618 | DN44: 23409808 | DO44: 26056490 | DP44: 28059702 | DQ44: 23508868 | DR44: 23839516 | DS44: 35288403 | DT44: 24186208 | DU44: 21019279 | DV44: 21787215 | DW44: 31038138 | DX44: 27626070 | DY44: 33304957 | DZ44: 31432461 | EA44: 24673562 | EB44: 21193829 | EC44: 22807876 | ED44: 29724651 | EE44: 22943420 | EF44: 20980148 | EG44: 32013585 | EH44: 24441717 | EI44: 24991814 | EJ44: 26657039 | EK44: 29740562 | EL44: 24070616 | EM44: 21793280 | EN44: 29032756 | EO44: 28349813 | EP44: 30372608 | EQ44: 19999274 | ER44: 19302947 | ES44: 26612521 | ET44: 25288407 | EU44: 20667329 | EV44: 22212486 | EW44: 27168092 | EX44: 17213203 | EY44: 28671347 | EZ44: 24327678 | FA44: 24217043 | FB44: 28422695 | FC44: 28165935 | FD44: 20134850 | FE44: 23499226 | FF44: 20527749 | FG44: 26582850 | FH44: 29448740 | FI44: 22977458 | FJ44: 25052390 | FK44: 25797142 | FL44: 26667458 | FM44: 27605765 | FN44: 24697723 | FO44: 24599038 | FP44: 22462624 | FQ44: 22588392 | FR44: 24007362 | FS44: 22756575 | FT44: 37007151 | FU44: 21252364 | FV44: 26730121 | FW44: 24591053 | FX44: 22600163 | FY44: 22699532 | FZ44: 23465014 | GA44: 23837597 | GB44: 23394799 | GC44: 18535197 | GD44: 25090755 | GE44: 21151680 | GF44: 15639668 | GG44: 17924096 | GH44: 20315673 | GI44: 21905309 | GJ44: 28547311 | GK44: 19212718 | GL44: 21273328 | GM44: 23734472 | GN44: 17257261 | GO44: 28925193 | GP44: 24786062 | GQ44: 31883797 | GR44: 39703739 | GS44: 38638569 | GT44: 45741455 | GU44: 44584500 | GV44: 36015489 | GW44: 58337557 | GX44: 39747259 | GY44: 65504563 | GZ44: 42650016 | HA44: 62022070 | HB44: 40402727 | HC44: 62701967 | HD44: 43886339 | HE44: 53082602 | HF44: 51999410 | HG44: 54392583 | HH44: 53618833 | HI44: 39150611 | HJ44: 62883022 | HK44: 38796115 | HL44: 45753754 | HM44: 60290517 | HN44: 60202180 | HO44: 47433008 | HP44: 69079344 | HQ44: 40733016 | HR44: 58078553 | HS44: 48018093 | HT44: 44678670 | HU44: 49014197 | HV44: 60496673 | HW44: 54201662 | HX44: 55391750 | HY44: 52843329 | HZ44: 58408607 | IA44: 40551348 | IB44: 45978523 | IC44: 39398530 | ID44: 55835759 | IE44: 61110442 | IF44: 42483498 | IG44: 52865100 | IH44: 41900908 | II44: 43996842 | IJ44: 59508334 | IK44: 56362817 | IL44: 51055518 | IM44: 60766439 | IN44: 53686411 | IO44: 46255570 | IP44: 39179344 | IQ44: 55613324 | IR44: 64678408 | IS44: 52505127 | IT44: 61094092 | IU44: 50314461 | IV44: 49764454 | IW44: 58630897 | IX44: 37175633 | IY44: 48237517 | IZ44: 63148398 | JA44: 48894435 | JB44: 55192508 | JC44: 40491077 | JD44: 63239231 | JE44: 51674612 | JF44: 51387438 | JG44: 36056727 | JH44: 40713218 | JI44: 35856793 | JJ44: 55339006 | JK44: 60508257 | JL44: 46848970 | JM44: 52366699 | JN44: 55828351 | JO44: 52789081 | JP44: 61999277 | JQ44: 53802474 | JR44: 39450395 | JS44: 42882222 | JT44: 55644281 | JU44: 44595554 | JV44: 58605825 | JW44: 43896147 | JX44: 45581847 | JY44: 56430803 | JZ44: 46647408 | KA44: 44117261 | KB44: 59198875 | KC44: 43888826 | KD44: 53700589 | KE44: 52368772 | KF44: 42133181 | KG44: 57045012 | KH44: 53485923 | KI44: 53821383 | KJ44: 36648928 | KK44: 46980702 | KL44: 42839658 | KM44: 51467573 | KN44: 51749137 | KO44: 49031662
A45: NSGA3 | B45: 14054332 | C45: 17368277 | D45: 16967520 | E45: 14164188 | F45: 11021012 | G45: 16904523 | H45: 9116672.5 | I45: 10835436 | J45: 14639499 | K45: 14392872 | L45: 9842547.5 | M45: 15313687 | N45: 18911736 | O45: 9302850 | P45: 11579882 | Q45: 15724646 | R45: 11711333 | S45: 12014893 | T45: 19207487 | U45: 10016438 | V45: 12592644 | W45: 14111096 | X45: 17323392 | Y45: 11114931 | Z45: 14210150 | AA45: 14696278 | AB45: 10649294 | AC45: 19756377 | AD45: 12108301 | AE45: 17155422 | AF45: 15949687 | AG45: 10686220 | AH45: 10457147 | AI45: 14576560 | AJ45: 11479148 | AK45: 15540062 | AL45: 12213273 | AM45: 16862598 | AN45: 12907448 | AO45: 16379290 | AP45: 15096398 | AQ45: 9611075.8 | AR45: 21184803 | AS45: 13707462 | AT45: 12093773 | AU45: 14514348 | AV45: 7641259.2 | AW45: 10037100 | AX45: 20511010 | AY45: 11671036 | AZ45: 17731714 | BA45: 16784292 | BB45: 15117967 | BC45: 13595732 | BD45: 21977003 | BE45: 13243387 | BF45: 13902592 | BG45: 13764623 | BH45: 13120634 | BI45: 9823228.3 | BJ45: 11544915 | BK45: 12527751 | BL45: 11302338 | BM45: 9854626.7 | BN45: 11270008 | BO45: 16722915 | BP45: 10412323 | BQ45: 16805421 | BR45: 10669497 | BS45: 18267351 | BT45: 16320098 | BU45: 12389300 | BV45: 9777756.7 | BW45: 24306436 | BX45: 15568907 | BY45: 12767885 | BZ45: 14615485 | CA45: 11109385 | CB45: 13069988 | CC45: 12455300 | CD45: 12074358 | CE45: 11156936 | CF45: 10965792 | CG45: 12816182 | CH45: 16594730 | CI45: 17216852 | CJ45: 14126806 | CK45: 16480214 | CL45: 19713004 | CM45: 16238820 | CN45: 11083443 | CO45: 11588785 | CP45: 10045562 | CQ45: 12131363 | CR45: 11708401 | CS45: 9679537.5 | CT45: 13004612 | CU45: 17252607 | CV45: 11752142 | CW45: 9568411.7 | CX45: 18377502 | CY45: 29783694 | CZ45: 20415783 | DA45: 17772330 | DB45: 20456918 | DC45: 22337536 | DD45: 15090805 | DE45: 33600755 | DF45: 29663808 | DG45: 26913183 | DH45: 20141551 | DI45: 26226617 | DJ45: 24683034 | DK45: 28903132 | DL45: 21251503 | DM45: 17543670 | DN45: 30838715 | DO45: 25448698 | DP45: 15652934 | DQ45: 34174593 | DR45: 22843372 | DS45: 31788985 | DT45: 27297620 | DU45: 19196982 | DV45: 28036323 | DW45: 31077481 | DX45: 17682240 | DY45: 28730237 | DZ45: 27876703 | EA45: 32546650 | EB45: 18362663 | EC45: 20264078 | ED45: 21584627 | EE45: 32694953 | EF45: 32052371 | EG45: 27349367 | EH45: 30817500 | EI45: 23730950 | EJ45: 16865891 | EK45: 22725880 | EL45: 26222982 | EM45: 19616053 | EN45: 29232142 | EO45: 22544133 | EP45: 27162820 | EQ45: 21962268 | ER45: 23221616 | ES45: 28521443 | ET45: 22397139 | EU45: 26676393 | EV45: 24249977 | EW45: 32327565 | EX45: 30499470 | EY45: 19950236 | EZ45: 27340651 | FA45: 13670626 | FB45: 26468743 | FC45: 27086672 | FD45: 18603691 | FE45: 37653970 | FF45: 34955570 | FG45: 21889628 | FH45: 17376682 | FI45: 24710469 | FJ45: 37692373 | FK45: 20493193 | FL45: 21602403 | FM45: 19038072 | FN45: 29426887 | FO45: 21222379 | FP45: 18948057 | FQ45: 28594357 | FR45: 23932430 | FS45: 28800358 | FT45: 25497005 | FU45: 22276099 | FV45: 14312132 | FW45: 26532618 | FX45: 20594199 | FY45: 33874870 | FZ45: 19505132 | GA45: 29928069 | GB45: 18834896 | GC45: 26706377 | GD45: 28959768 | GE45: 19910044 | GF45: 29472835 | GG45: 19936432 | GH45: 23876927 | GI45: 18707201 | GJ45: 18032414 | GK45: 26840739 | GL45: 26089679 | GM45: 35026097 | GN45: 24413584 | GO45: 19056490 | GP45: 13461279 | GQ45: 26446848 | GR45: 29919038 | GS45: 27798220 | GT45: 41628479 | GU45: 54118352 | GV45: 46368795 | GW45: 51561982 | GX45: 60298424 | GY45: 35168101 | GZ45: 34314663 | HA45: 51827848 | HB45: 40995485 | HC45: 44142590 | HD45: 51082422 | HE45: 40740418 | HF45: 41238471 | HG45: 53585038 | HH45: 40817730 | HI45: 54047869 | HJ45: 44821161 | HK45: 55805736 | HL45: 48140811 | HM45: 62006750 | HN45: 65277673 | HO45: 52676937 | HP45: 60543082 | HQ45: 40413322 | HR45: 54776596 | HS45: 66846948 | HT45: 57251569 | HU45: 50374239 | HV45: 42956914 | HW45: 55319621 | HX45: 51097308 | HY45: 51999624 | HZ45: 63207698 | IA45: 42026001 | IB45: 49204130 | IC45: 43337552 | ID45: 49772937 | IE45: 62037513 | IF45: 53876782 | IG45: 46968866 | IH45: 42265196 | II45: 47331959 | IJ45: 37521468 | IK45: 49807113 | IL45: 47208679 | IM45: 48554245 | IN45: 34842289 | IO45: 54081345 | IP45: 39609197 | IQ45: 67285402 | IR45: 44388214 | IS45: 49244052 | IT45: 42307608 | IU45: 52613142 | IV45: 53511120 | IW45: 58677615 | IX45: 61363448 | IY45: 41393988 | IZ45: 56784543 | JA45: 41560258 | JB45: 35897328 | JC45: 38806705 | JD45: 32390576 | JE45: 53849213 | JF45: 50206602 | JG45: 35283507 | JH45: 64437017 | JI45: 38083762 | JJ45: 53989031 | JK45: 34655021 | JL45: 53944296 | JM45: 45361583 | JN45: 64585550 | JO45: 51879066 | JP45: 48877676 | JQ45: 37909797 | JR45: 37358632 | JS45: 52401822 | JT45: 30233851 | JU45: 50691040 | JV45: 37188588 | JW45: 50207526 | JX45: 47481418 | JY45: 50138354 | JZ45: 43459963 | KA45: 52401768 | KB45: 39460499 | KC45: 60884332 | KD45: 54870632 | KE45: 47966288 | KF45: 45962484 | KG45: 38819565 | KH45: 41071772 | KI45: 42097333 | KJ45: 41599612 | KK45: 44931224 | KL45: 54771120 | KM45: 37349929 | KN45: 47407244 | KO45: 45506463
A46: MQGA | B46: 12246797 | C46: 12222042 | D46: 13489148 | E46: 12005294 | F46: 12226738 | G46: 12468918 | H46: 10866780 | I46: 10746553 | J46: 11528209 | K46: 10360922 | L46: 9192848.3 | M46: 10780633 | N46: 11942802 | O46: 10579524 | P46: 11439091 | Q46: 11368080 | R46: 9734939.2 | S46: 10662525 | T46: 11274820 | U46: 11363517 | V46: 10810211 | W46: 10340916 | X46: 12123243 | Y46: 11640272 | Z46: 11559520 | AA46: 12326159 | AB46: 12725418 | AC46: 11447147 | AD46: 11275404 | AE46: 11123723 | AF46: 13065902 | AG46: 11618552 | AH46: 12263458 | AI46: 12120258 | AJ46: 10859087 | AK46: 11039235 | AL46: 10627697 | AM46: 11756468 | AN46: 12462535 | AO46: 13216999 | AP46: 12985651 | AQ46: 9885405 | AR46: 10754281 | AS46: 11541304 | AT46: 12136668 | AU46: 11854703 | AV46: 9994192.5 | AW46: 11468488 | AX46: 11691571 | AY46: 11298050 | AZ46: 10076776 | BA46: 11886897 | BB46: 10967025 | BC46: 11687228 | BD46: 11421689 | BE46: 10700767 | BF46: 13191632 | BG46: 12019492 | BH46: 10477772 | BI46: 10523170 | BJ46: 12332482 | BK46: 12695226 | BL46: 9037396.7 | BM46: 9456336.7 | BN46: 13035907 | BO46: 12554262 | BP46: 9223282.5 | BQ46: 13198059 | BR46: 9992417.5 | BS46: 11946376 | BT46: 10769091 | BU46: 10919637 | BV46: 11590651 | BW46: 11473959 | BX46: 12350556 | BY46: 11821479 | BZ46: 12488308 | CA46: 13746418 | CB46: 10633621 | CC46: 10576314 | CD46: 11056832 | CE46: 10146414 | CF46: 11891233 | CG46: 10076574 | CH46: 10512224 | CI46: 12699830 | CJ46: 11682401 | CK46: 11135564 | CL46: 12262830 | CM46: 11489912 | CN46: 10964759 | CO46: 12345892 | CP46: 10712060 | CQ46: 11528014 | CR46: 11245606 | CS46: 10685717 | CT46: 11089714 | CU46: 10860046 | CV46: 11868583 | CW46: 10780192 | CX46: 20610015 | CY46: 18688871 | CZ46: 18468238 | DA46: 20239133 | DB46: 18182373 | DC46: 18281012 | DD46: 20035830 | DE46: 18013902 | DF46: 20898910 | DG46: 17508130 | DH46: 21222067 | DI46: 18828782 | DJ46: 19481418 | DK46: 22383072 | DL46: 19839915 | DM46: 19559592 | DN46: 21190757 | DO46: 18919812 | DP46: 18798925 | DQ46: 22759539 | DR46: 19612840 | DS46: 19245881 | DT46: 20125678 | DU46: 21880284 | DV46: 20089998 | DW46: 19630638 | DX46: 22202708 | DY46: 22954608 | DZ46: 21034152 | EA46: 24839072 | EB46: 17178446 | EC46: 20091071 | ED46: 21953815 | EE46: 19472467 | EF46: 21156671 | EG46: 20906220 | EH46: 19075538 | EI46: 21455011 | EJ46: 17944468 | EK46: 18309808 | EL46: 20161945 | EM46: 17656905 | EN46: 22018602 | EO46: 19624924 | EP46: 22381034 | EQ46: 18693301 | ER46: 20091408 | ES46: 20103379 | ET46: 20262240 | EU46: 19906993 | EV46: 19990132 | EW46: 20776909 | EX46: 20256239 | EY46: 22703942 | EZ46: 21415060 | FA46: 18699266 | FB46: 20661827 | FC46: 21939930 | FD46: 19120318 | FE46: 19190285 | FF46: 20135724 | FG46: 18938149 | FH46: 20145671 | FI46: 19535658 | FJ46: 20477322 | FK46: 20707994 | FL46: 20110646 | FM46: 20084422 | FN46: 19551412 | FO46: 19231831 | FP46: 18504448 | FQ46: 21610261 | FR46: 16879474 | FS46: 19542995 | FT46: 21178847 | FU46: 17040112 | FV46: 17926316 | FW46: 22559328 | FX46: 19271093 | FY46: 21789632 | FZ46: 18480748 | GA46: 18647993 | GB46: 18719278 | GC46: 19592607 | GD46: 17879993 | GE46: 18593495 | GF46: 20508698 | GG46: 19374531 | GH46: 19214222 | GI46: 17546084 | GJ46: 20685486 | GK46: 18844478 | GL46: 21613654 | GM46: 20746127 | GN46: 18981968 | GO46: 18163546 | GP46: 19255938 | GQ46: 19647849 | GR46: 21728665 | GS46: 20362608 | GT46: 40734079 | GU46: 39580964 | GV46: 46026356 | GW46: 42481293 | GX46: 40479601 | GY46: 40642762 | GZ46: 41292263 | HA46: 41519759 | HB46: 41039643 | HC46: 42699717 | HD46: 37784665 | HE46: 42710968 | HF46: 42286981 | HG46: 43766478 | HH46: 42782519 | HI46: 41579679 | HJ46: 41243132 | HK46: 40173497 | HL46: 40572428 | HM46: 44532763 | HN46: 42290472 | HO46: 44538898 | HP46: 52449258 | HQ46: 41260673 | HR46: 44223722 | HS46: 41458588 | HT46: 38981756 | HU46: 38983322 | HV46: 43379438 | HW46: 41791746 | HX46: 43077746 | HY46: 44559373 | HZ46: 45693873 | IA46: 41528711 | IB46: 47956027 | IC46: 39118625 | ID46: 43471642 | IE46: 45447973 | IF46: 36688122 | IG46: 40254635 | IH46: 38090183 | II46: 44612455 | IJ46: 45090908 | IK46: 41332641 | IL46: 41922124 | IM46: 42502928 | IN46: 39280391 | IO46: 43997172 | IP46: 37722038 | IQ46: 46115483 | IR46: 44247768 | IS46: 44541861 | IT46: 38528952 | IU46: 43171710 | IV46: 42806825 | IW46: 44344474 | IX46: 41102801 | IY46: 40862628 | IZ46: 43835311 | JA46: 38199929 | JB46: 40072060 | JC46: 38240425 | JD46: 41695055 | JE46: 41073422 | JF46: 37112731 | JG46: 36046238 | JH46: 42012818 | JI46: 34560420 | JJ46: 48139872 | JK46: 41187847 | JL46: 42703375 | JM46: 45789469 | JN46: 37011238 | JO46: 43601457 | JP46: 46322950 | JQ46: 41338300 | JR46: 40543682 | JS46: 41782324 | JT46: 42107818 | JU46: 42125548 | JV46: 44110799 | JW46: 41545805 | JX46: 43918843 | JY46: 43983248 | JZ46: 44681802 | KA46: 41317256 | KB46: 38774063 | KC46: 37355652 | KD46: 42228372 | KE46: 44304011 | KF46: 42419972 | KG46: 42255174 | KH46: 40240705 | KI46: 47279710 | KJ46: 42835879 | KK46: 39510691 | KL46: 36399862 | KM46: 43113404 | KN46: 41001336 | KO46: 40507852
A47: Greedy | B47: 12894473 | C47: 16331894 | D47: 14320901 | E47: 13573561 | F47: 13042147 | G47: 13937610 | H47: 10914738 | I47: 10364843 | J47: 10380003 | K47: 10761687 | L47: 11095708 | M47: 12683703 | N47: 16365942 | O47: 11082188 | P47: 12267507 | Q47: 14011179 | R47: 11783543 | S47: 11016297 | T47: 12774911 | U47: 14511524 | V47: 13683955 | W47: 13638162 | X47: 12194550 | Y47: 11384895 | Z47: 11377854 | AA47: 13678451 | AB47: 16052283 | AC47: 13515504 | AD47: 13990078 | AE47: 14168222 | AF47: 10862877 | AG47: 12604061 | AH47: 13326048 | AI47: 13244552 | AJ47: 12763447 | AK47: 13046192 | AL47: 15364823 | AM47: 13892460 | AN47: 8306536.7 | AO47: 19604697 | AP47: 14652818 | AQ47: 13698828 | AR47: 15548702 | AS47: 12214377 | AT47: 12116834 | AU47: 12406627 | AV47: 8481607.5 | AW47: 9584886.7 | AX47: 10850271 | AY47: 14472476 | AZ47: 13432357 | BA47: 10148756 | BB47: 11679577 | BC47: 11811357 | BD47: 13477444 | BE47: 10694868 | BF47: 22060046 | BG47: 12744508 | BH47: 8970470.8 | BI47: 11343112 | BJ47: 13095338 | BK47: 13146412 | BL47: 8877793.3 | BM47: 10930599 | BN47: 13689573 | BO47: 11624882 | BP47: 10112811 | BQ47: 12165430 | BR47: 16504427 | BS47: 12742215 | BT47: 14443608 | BU47: 17150288 | BV47: 12761777 | BW47: 17138903 | BX47: 17174160 | BY47: 10438982 | BZ47: 10676698 | CA47: 12892928 | CB47: 7068295 | CC47: 16652312 | CD47: 12585489 | CE47: 9982185.8 | CF47: 13321217 | CG47: 11611641 | CH47: 11844427 | CI47: 15449909 | CJ47: 14069374 | CK47: 11477242 | CL47: 19559120 | CM47: 13194701 | CN47: 10921307 | CO47: 13847228 | CP47: 10601282 | CQ47: 21339005 | CR47: 9763120 | CS47: 11005313 | CT47: 17040639 | CU47: 13458353 | CV47: 11639873 | CW47: 9920942.5 | CX47: 30892946 | CY47: 16076000 | CZ47: 22513540 | DA47: 15446782 | DB47: 18354392 | DC47: 23124500 | DD47: 23696671 | DE47: 25827023 | DF47: 38446767 | DG47: 22115433 | DH47: 15777812 | DI47: 23717102 | DJ47: 23412125 | DK47: 21134904 | DL47: 27691652 | DM47: 27869482 | DN47: 16470012 | DO47: 17867333 | DP47: 16157008 | DQ47: 36883792 | DR47: 31947794 | DS47: 15166132 | DT47: 23411272 | DU47: 22134936 | DV47: 24264538 | DW47: 16164618 | DX47: 24945637 | DY47: 25396452 | DZ47: 21923387 | EA47: 28303202 | EB47: 25037908 | EC47: 25155361 | ED47: 31367250 | EE47: 17440961 | EF47: 19818856 | EG47: 23400395 | EH47: 28091679 | EI47: 19069003 | EJ47: 21201442 | EK47: 33585672 | EL47: 23434150 | EM47: 20078801 | EN47: 23986374 | EO47: 25690945 | EP47: 21194091 | EQ47: 28892363 | ER47: 32190141 | ES47: 29884656 | ET47: 25132573 | EU47: 24959702 | EV47: 21512902 | EW47: 36211218 | EX47: 15509662 | EY47: 23881205 | EZ47: 29660464 | FA47: 20703521 | FB47: 21466826 | FC47: 20768820 | FD47: 17626919 | FE47: 23330681 | FF47: 23090948 | FG47: 19478933 | FH47: 29067086 | FI47: 23896720 | FJ47: 27923009 | FK47: 16146122 | FL47: 23434480 | FM47: 28312418 | FN47: 19562500 | FO47: 20696367 | FP47: 18579916 | FQ47: 27903610 | FR47: 17154482 | FS47: 28460517 | FT47: 35075229 | FU47: 23033633 | FV47: 18064610 | FW47: 26439663 | FX47: 29951115 | FY47: 23639608 | FZ47: 23905840 | GA47: 21332954 | GB47: 22856220 | GC47: 25198067 | GD47: 17387850 | GE47: 28025524 | GF47: 27454333 | GG47: 26407384 | GH47: 17550337 | GI47: 19276372 | GJ47: 26096778 | GK47: 22953070 | GL47: 22256058 | GM47: 31238620 | GN47: 22772130 | GO47: 18413514 | GP47: 14674517 | GQ47: 32173572 | GR47: 33009479 | GS47: 22254968 | GT47: 53932092 | GU47: 51015911 | GV47: 42015933 | GW47: 61137597 | GX47: 46337130 | GY47: 51948997 | GZ47: 50209110 | HA47: 48555076 | HB47: 45716191 | HC47: 53103710 | HD47: 35844035 | HE47: 51428498 | HF47: 53114762 | HG47: 53427821 | HH47: 38266368 | HI47: 54029878 | HJ47: 50406253 | HK47: 37191977 | HL47: 58120115 | HM47: 50627418 | HN47: 49956582 | HO47: 44759802 | HP47: 46456588 | HQ47: 42059227 | HR47: 47213903 | HS47: 41912723 | HT47: 33768181 | HU47: 43770245 | HV47: 60765858 | HW47: 54467385 | HX47: 53010346 | HY47: 57955019 | HZ47: 56455186 | IA47: 42751040 | IB47: 51995672 | IC47: 47263924 | ID47: 51360439 | IE47: 49307197 | IF47: 43212408 | IG47: 47678753 | IH47: 55319982 | II47: 64468926 | IJ47: 59230338 | IK47: 50644409 | IL47: 35045857 | IM47: 39111222 | IN47: 56894059 | IO47: 38840884 | IP47: 47220203 | IQ47: 54594122 | IR47: 51591153 | IS47: 24997990 | IT47: 46645822 | IU47: 58365577 | IV47: 47802226 | IW47: 52912690 | IX47: 34315796 | IY47: 63659296 | IZ47: 65506284 | JA47: 45177342 | JB47: 48761426 | JC47: 47779454 | JD47: 52106302 | JE47: 68365817 | JF47: 40618212 | JG47: 42603711 | JH47: 63832974 | JI47: 39118500 | JJ47: 42152811 | JK47: 48532721 | JL47: 65763546 | JM47: 53805711 | JN47: 52454828 | JO47: 38098348 | JP47: 63984088 | JQ47: 60250100 | JR47: 50926119 | JS47: 45811872 | JT47: 23269672 | JU47: 44979558 | JV47: 57042110 | JW47: 59745595 | JX47: 51864702 | JY47: 48843925 | JZ47: 51385132 | KA47: 35184857 | KB47: 41110502 | KC47: 31544662 | KD47: 53070232 | KE47: 51901452 | KF47: 54541030 | KG47: 42080221 | KH47: 54645761 | KI47: 80900579 | KJ47: 51836932 | KK47: 52742867 | KL47: 54198152 | KM47: 58549957 | KN47: 48993443 | KO47: 44677865
A48: MOPSO | B48: 13828252 | C48: 11989808 | D48: 15054685 | E48: 13667766 | F48: 13788244 | G48: 14160037 | H48: 13128511 | I48: 11732103 | J48: 12783096 | K48: 11454513 | L48: 12133495 | M48: 12494370 | N48: 13150393 | O48: 12036798 | P48: 12742447 | Q48: 12330569 | R48: 10561573 | S48: 11321941 | T48: 11623783 | U48: 12163702 | V48: 11958577 | W48: 12078511 | X48: 14452925 | Y48: 11994247 | Z48: 12972424 | AA48: 12656718 | AB48: 15498453 | AC48: 15089451 | AD48: 14790153 | AE48: 11566118 | AF48: 13600889 | AG48: 13005733 | AH48: 14954337 | AI48: 12688592 | AJ48: 12787107 | AK48: 12199368 | AL48: 12766192 | AM48: 12018100 | AN48: 13506139 | AO48: 16413302 | AP48: 17815766 | AQ48: 11261210 | AR48: 12541365 | AS48: 12613303 | AT48: 13383582 | AU48: 11662309 | AV48: 11846001 | AW48: 12229948 | AX48: 13077263 | AY48: 13144920 | AZ48: 11158217 | BA48: 13349363 | BB48: 11156385 | BC48: 12045307 | BD48: 13133129 | BE48: 11984623 | BF48: 14471702 | BG48: 12729845 | BH48: 10880262 | BI48: 11207843 | BJ48: 14297263 | BK48: 12097695 | BL48: 11321053 | BM48: 9863970 | BN48: 14019739 | BO48: 13419030 | BP48: 10254348 | BQ48: 17389546 | BR48: 13614535 | BS48: 13699625 | BT48: 12820031 | BU48: 12538412 | BV48: 15215703 | BW48: 14303822 | BX48: 15053823 | BY48: 11700156 | BZ48: 14624763 | CA48: 13669192 | CB48: 12732413 | CC48: 12259282 | CD48: 13166204 | CE48: 12104427 | CF48: 14064429 | CG48: 12333662 | CH48: 10809655 | CI48: 14946315 | CJ48: 13289144 | CK48: 11303327 | CL48: 13949848 | CM48: 13374840 | CN48: 12423754 | CO48: 15830338 | CP48: 11487057 | CQ48: 14547715 | CR48: 13862898 | CS48: 12429337 | CT48: 12962905 | CU48: 12556058 | CV48: 13231244 | CW48: 12045996 | CX48: 20699729 | CY48: 22410360 | CZ48: 20900631 | DA48: 22295090 | DB48: 20431977 | DC48: 20901952 | DD48: 22036583 | DE48: 23109932 | DF48: 27110818 | DG48: 20980947 | DH48: 21808406 | DI48: 22129359 | DJ48: 23958186 | DK48: 22054235 | DL48: 27120056 | DM48: 23378748 | DN48: 24716368 | DO48: 21576224 | DP48: 20858354 | DQ48: 27893812 | DR48: 22044976 | DS48: 19226151 | DT48: 24732913 | DU48: 27546139 | DV48: 23521529 | DW48: 23842594 | DX48: 23594299 | DY48: 28785541 | DZ48: 29110863 | EA48: 27432853 | EB48: 18355490 | EC48: 24742930 | ED48: 23728768 | EE48: 19906878 | EF48: 25386254 | EG48: 21505787 | EH48: 23807353 | EI48: 24566597 | EJ48: 20899952 | EK48: 22876205 | EL48: 26701848 | EM48: 18982118 | EN48: 24397521 | EO48: 21205667 | EP48: 23926868 | EQ48: 22758465 | ER48: 25462528 | ES48: 24664286 | ET48: 23805261 | EU48: 21151020 | EV48: 21913446 | EW48: 25823575 | EX48: 27959113 | EY48: 26151254 | EZ48: 25602529 | FA48: 21157615 | FB48: 21547722 | FC48: 27592972 | FD48: 22194588 | FE48: 20627662 | FF48: 21921249 | FG48: 24425732 | FH48: 22074908 | FI48: 25891468 | FJ48: 26867138 | FK48: 24951042 | FL48: 24836618 | FM48: 22375502 | FN48: 26360088 | FO48: 23562738 | FP48: 23337600 | FQ48: 27577309 | FR48: 21839541 | FS48: 20210319 | FT48: 23842718 | FU48: 19249423 | FV48: 20298723 | FW48: 23983202 | FX48: 24841275 | FY48: 26042758 | FZ48: 19281710 | GA48: 21089764 | GB48: 23524148 | GC48: 24447128 | GD48: 23605802 | GE48: 23464572 | GF48: 22526927 | GG48: 21883068 | GH48: 21457851 | GI48: 21147312 | GJ48: 22364832 | GK48: 21646322 | GL48: 25332938 | GM48: 25862200 | GN48: 24393607 | GO48: 21356802 | GP48: 23064038 | GQ48: 24446283 | GR48: 25406958 | GS48: 27881181 | GT48: 48074423 | GU48: 50354093 | GV48: 45322209 | GW48: 51473822 | GX48: 47756390 | GY48: 44040608 | GZ48: 52962224 | HA48: 50041233 | HB48: 41533307 | HC48: 45166243 | HD48: 47343728 | HE48: 52914614 | HF48: 46334050 | HG48: 51146727 | HH48: 50928448 | HI48: 49012128 | HJ48: 40920403 | HK48: 41684140 | HL48: 45299286 | HM48: 55943208 | HN48: 51232574 | HO48: 50659086 | HP48: 55775325 | HQ48: 44321073 | HR48: 52096469 | HS48: 41772407 | HT48: 44788815 | HU48: 43836934 | HV48: 53418911 | HW48: 44493256 | HX48: 56276267 | HY48: 53188088 | HZ48: 51233401 | IA48: 39772264 | IB48: 52019634 | IC48: 45639112 | ID48: 44645707 | IE48: 44725078 | IF48: 46462501 | IG48: 41741612 | IH48: 42169205 | II48: 52596480 | IJ48: 51757355 | IK48: 48313821 | IL48: 50557429 | IM48: 45670087 | IN48: 43732398 | IO48: 51472115 | IP48: 43638014 | IQ48: 50433232 | IR48: 48929698 | IS48: 53252613 | IT48: 47699586 | IU48: 47606673 | IV48: 52252438 | IW48: 50311087 | IX48: 46293288 | IY48: 45790237 | IZ48: 48052519 | JA48: 49183338 | JB48: 45763148 | JC48: 43799558 | JD48: 48443130 | JE48: 45036685 | JF48: 44028744 | JG48: 39855122 | JH48: 45626667 | JI48: 42749540 | JJ48: 57183725 | JK48: 54087585 | JL48: 51511940 | JM48: 49278759 | JN48: 41119579 | JO48: 48065352 | JP48: 52013157 | JQ48: 52682426 | JR48: 47568557 | JS48: 55418732 | JT48: 47447060 | JU48: 47306741 | JV48: 53846470 | JW48: 50081869 | JX48: 46782258 | JY48: 46925893 | JZ48: 50139907 | KA48: 51075542 | KB48: 48148823 | KC48: 42570256 | KD48: 45961886 | KE48: 54020832 | KF48: 49587361 | KG48: 48089346 | KH48: 42373198 | KI48: 57080945 | KJ48: 48574215 | KK48: 41918963 | KL48: 44618131 | KM48: 50513958 | KN48: 44229017 | KO48: 46418866

Sheet Makespan
A1: Algorithm | B1: Load | C1: Average | D1: Min | E1: Max | F1: Std Dev
A2: QUEST | B2: 20 | C2: 43869.63 | D2: 32700 | E2: 55797 | F2: 5130.2983
A3: QUEST | B3: 30 | C3: 59257.96 | D3: 44528 | E3: 78262 | F3: 6733.0352
A4: QUEST | B4: 50 | C4: 99810.18 | D4: 65284 | E4: 137262 | F4: 14146.417
A5: Fuzzy | B5: 20 | C5: 54157.47 | D5: 36069 | E5: 94510 | F5: 10046.123
A6: Fuzzy | B6: 30 | C6: 99878.3 | D6: 61932 | E6: 161902 | F6: 18470.158
A7: Fuzzy | B7: 50 | C7: 205417.07 | D7: 144130 | E7: 281298 | F7: 33227.964
A8: NSGA3 | B8: 20 | C8: 55236.87 | D8: 30571 | E8: 99076 | F8: 13184.435
A9: NSGA3 | B9: 30 | C9: 99709.11 | D9: 53204 | E9: 153182 | F9: 22812.542
A10: NSGA3 | B10: 50 | C10: 195382.9 | D10: 121684 | E10: 274005 | F10: 34848.695
A11: MQGA | B11: 20 | C11: 45579.3 | D11: 35541 | E11: 54761 | F11: 3952.4381
A12: MQGA | B12: 30 | C12: 79940.03 | D12: 66926 | E12: 99900 | F12: 6020.7419
A13: MQGA | B13: 50 | C13: 169724.85 | D13: 139591 | E13: 212562 | F13: 11702.631
... A19: MOPSO | B19: 50 | C19: 195063.67 | D19: 160633 | E19: 233027 | F19: 17039.769
A22: Summary by Algorithm
A23: QUEST | C23: 67645.923 | D23: 32700 | E23: 137262 | F23: 25442.643
A24: Fuzzy | C24: 119817.61 | D24: 36069 | E24: 281298 | F24: 67286.122
A25: NSGA3 | C25: 116776.29 | D25: 30571 | E25: 274005 | F25: 63681.659
A26: MQGA | C26: 98414.727 | D26: 35541 | E26: 212562 | F26: 52936.607
A27: Greedy | C27: 116450.41 | D27: 27894 | E27: 330343 | F27: 67877.331
A28: MOPSO | C28: 113829.26 | D28: 39754 | E28: 233027 | F28: 61173.032
A31: Average data for chart
A32: Algorithms | B32: 20 | C32: 30 | D32: 50
A33: QUEST | B33: 43869.63 | C33: 59257.96 | D33: 99810.18
A34: Fuzzy | B34: 54157.47 | C34: 99878.3 | D34: 205417.07
A35: NSGA3 | B35: 55236.87 | C35: 99709.11 | D35: 195382.9
A36: MQGA | B36: 45579.3 | C36: 79940.03 | D36: 169724.85
A37: Greedy | B37: 51786.97 | C37: 96072.91 | D37: 201491.35
A38: MOPSO | B38: 51920.68 | C38: 94503.44 | D38: 195063.67
A41: All data for chart
A42: Algorithms | B42: 20 | C42: 20 | D42: 20 | E42: 20 | F42: 20 | G42: 20 | H42: 20 | I42: 20 | J42: 20 | K42: 20 | L42: 20 | M42: 20 | N42: 20 | O42: 20 | P42: 20 | Q42: 20 | R42: 20 | S42: 20 | T42: 20 | U42: 20 | V42: 20 | W42: 20 | X42: 20 | Y42: 20 | Z42: 20 | AA42: 20 | AB42: 20 | AC42: 20 | AD42: 20 | AE42: 20 | AF42: 20 | AG42: 20 | AH42: 20 | AI42: 20 | AJ42: 20 | AK42: 20 | AL42: 20 | AM42: 20 | AN42: 20 | AO42: 20 | AP42: 20 | AQ42: 20 | AR42: 20 | AS42: 20 | AT42: 20 | AU42: 20 | AV42: 20 | AW42: 20 | AX42: 20 | AY42: 20 | AZ42: 20 | BA42: 20 | BB42: 20 | BC42: 20 | BD42: 20 | BE42: 20 | BF42: 20 | BG42: 20 | BH42: 20 | BI42: 20 | BJ42: 20 | BK42: 20 | BL42: 20 | BM42: 20 | BN42: 20 | BO42: 20 | BP42: 20 | BQ42: 20 | BR42: 20 | BS42: 20 | BT42: 20 | BU42: 20 | BV42: 20 | BW42: 20 | BX42: 20 | BY42: 20 | BZ42: 20 | CA42: 20 | CB42: 20 | CC42: 20 | CD42: 20 | CE42: 20 | CF42: 20 | CG42: 20 | CH42: 20 | CI42: 20 | CJ42: 20 | CK42: 20 | CL42: 20 | CM42: 20 | CN42: 20 | CO42: 20 | CP42: 20 | CQ42: 20 | CR42: 20 | CS42: 20 | CT42: 20 | CU42: 20 | CV42: 20 | CW42: 20 | CX42: 30 | CY42: 30 | CZ42: 30 | DA42: 30 | DB42: 30 | DC42: 30 | DD42: 30 | DE42: 30 | DF42: 30 | DG42: 30 | DH42: 30 | DI42: 30 | DJ42: 30 | DK42: 30 | DL42: 30 | DM42: 30 | DN42: 30 | DO42: 30 | DP42: 30 | DQ42: 30 | DR42: 30 | DS42: 30 | DT42: 30 | DU42: 30 | DV42: 30 | DW42: 30 | DX42: 30 | DY42: 30 | DZ42: 30 | EA42: 30 | EB42: 30 | EC42: 30 | ED42: 30 | EE42: 30 | EF42: 30 | EG42: 30 | EH42: 30 | EI42: 30 | EJ42: 30 | EK42: 30 | EL42: 30 | EM42: 30 | EN42: 30 | EO42: 30 | EP42: 30 | EQ42: 30 | ER42: 30 | ES42: 30 | ET42: 30 | EU42: 30 | EV42: 30 | EW42: 30 | EX42: 30 | EY42: 30 | EZ42: 30 | FA42: 30 | FB42: 30 | FC42: 30 | FD42: 30 | FE42: 30 | FF42: 30 | FG42: 30 | FH42: 30 | FI42: 30 | FJ42: 30 | FK42: 30 | FL42: 30 | FM42: 30 | FN42: 30 | FO42: 30 | FP42: 30 | FQ42: 30 | FR42: 30 | FS42: 30 | FT42: 30 | FU42: 30 | FV42: 30 | FW42: 30 | FX42: 30 | FY42: 30 | FZ42: 30 | GA42: 30 | GB42: 30 | GC42: 30 | GD42: 30 | GE42: 30 | GF42: 30 | GG42: 30 | GH42: 30 | GI42: 30 | GJ42: 30 | GK42: 30 | GL42: 30 | GM42: 30 | GN42: 30 | GO42: 30 | GP42: 30 | GQ42: 30 | GR42: 30 | GS42: 30 | GT42: 50 | GU42: 50 | GV42: 50 | GW42: 50 | GX42: 50 | GY42: 50 | GZ42: 50 | HA42: 50 | HB42: 50 | HC42: 50 | HD42: 50 | HE42: 50 | HF42: 50 | HG42: 50 | HH42: 50 | HI42: 50 | HJ42: 50 | HK42: 50 | HL42: 50 | HM42: 50 | HN42: 50 | HO42: 50 | HP42: 50 | HQ42: 50 | HR42: 50 | HS42: 50 | HT42: 50 | HU42: 50 | HV42: 50 | HW42: 50 | HX42: 50 | HY42: 50 | HZ42: 50 | IA42: 50 | IB42: 50 | IC42: 50 | ID42: 50 | IE42: 50 | IF42: 50 | IG42: 50 | IH42: 50 | II42: 50 | IJ42: 50 | IK42: 50 | IL42: 50 | IM42: 50 | IN42: 50 | IO42: 50 | IP42: 50 | IQ42: 50 | IR42: 50 | IS42: 50 | IT42: 50 | IU42: 50 | IV42: 50 | IW42: 50 | IX42: 50 | IY42: 50 | IZ42: 50 | JA42: 50 | JB42: 50 | JC42: 50 | JD42: 50 | JE42: 50 | JF42: 50 | JG42: 50 | JH42: 50 | JI42: 50 | JJ42: 50 | JK42: 50 | JL42: 50 | JM42: 50 | JN42: 50 | JO42: 50 | JP42: 50 | JQ42: 50 | JR42: 50 | JS42: 50 | JT42: 50 | JU42: 50 | JV42: 50 | JW42: 50 | JX42: 50 | JY42: 50 | JZ42: 50 | KA42: 50 | KB42: 50 | KC42: 50 | KD42: 50 | KE42: 50 | KF42: 50 | KG42: 50 | KH42: 50 | KI42: 50 | KJ42: 50 | KK42: 50 | KL42: 50 | KM42: 50 | KN42: 50 | KO42: 50
A43: QUEST | B43: 55797 | C43: 48525 | D43: 42146 | E43: 47859 | F43: 55662 | G43: 50450 | H43: 41523 | I43: 45869 | J43: 41992 | K43: 46737 | L43: 34271 | M43: 39713 | N43: 41705 | O43: 34450 | P43: 44334 | Q43: 40492 | R43: 44640 | S43: 45620 | T43: 47568 | U43: 40209 | V43: 46836 | W43: 41478 | X43: 46516 | Y43: 46040 | Z43: 47857 | AA43: 49168 | AB43: 43635 | AC43: 43829 | AD43: 49371 | AE43: 36453 | AF43: 48257 | AG43: 50600 | AH43: 48401 | AI43: 43871 | AJ43: 44862 | AK43: 47168 | AL43: 39822 | AM43: 47962 | AN43: 48598 | AO43: 55771 | AP43: 47491 | AQ43: 34484 | AR43: 48522 | AS43: 40552 | AT43: 47977 | AU43: 42656 | AV43: 43074 | AW43: 49405 | AX43: 49070 | AY43: 44074 | AZ43: 39896 | BA43: 40068 | BB43: 41228 | BC43: 50131 | BD43: 49886 | BE43: 42436 | BF43: 53686 | BG43: 37597 | BH43: 41801 | BI43: 45669 | BJ43: 45899 | BK43: 37286 | BL43: 44470 | BM43: 33363 | BN43: 52637 | BO43: 45469 | BP43: 32700 | BQ43: 43475 | BR43: 36654 | BS43: 38387 | BT43: 38959 | BU43: 50840 | BV43: 40325 | BW43: 39532 | BX43: 47661 | BY43: 46392 | BZ43: 48142 | CA43: 50318 | CB43: 44492 | CC43: 34272 | CD43: 35659 | CE43: 45280 | CF43: 47039 | CG43: 42267 | CH43: 38780 | CI43: 44446 | CJ43: 36115 | CK43: 40807 | CL43: 41290 | CM43: 37699 | CN43: 46808 | CO43: 41152 | CP43: 42447 | CQ43: 43064 | CR43: 36665 | CS43: 40042 | CT43: 38447 | CU43: 44915 | CV43: 40190 | CW43: 46818 | CX43: 52470 | CY43: 62885 | CZ43: 51207 | DA43: 57375 | DB43: 58672 | DC43: 45881 | DD43: 44528 | DE43: 60360 | DF43: 61776 | DG43: 60072 | DH43: 55875 | DI43: 63191 | DJ43: 49187 | DK43: 70151 | DL43: 70421 | DM43: 55457 | DN43: 57367 | DO43: 51561 | DP43: 53981 | DQ43: 59057 | DR43: 62590 | DS43: 52292 | DT43: 57090 | DU43: 64407 | DV43: 58232 | DW43: 59676 | DX43: 58430 | DY43: 65372 | DZ43: 70044 | EA43: 78262 | EB43: 53122 | EC43: 62337 | ED43: 75062 | EE43: 49937 | EF43: 56429 | EG43: 64455 | EH43: 59789 | EI43: 75984 | EJ43: 68049 | EK43: 59082 | EL43: 61470 | EM43: 60210 | EN43: 59613 | EO43: 60144 | EP43: 67749 | EQ43: 52234 | ER43: 55644 | ES43: 64417 | ET43: 56577 | EU43: 47802 | EV43: 64649 | EW43: 56724 | EX43: 64873 | EY43: 66489 | EZ43: 63004 | FA43: 53512 | FB43: 66036 | FC43: 67201 | FD43: 58337 | FE43: 62373 | FF43: 72631 | FG43: 56364 | FH43: 61549 | FI43: 63996 | FJ43: 59596 | FK43: 58729 | FL43: 65837 | FM43: 50984 | FN43: 62959 | FO43: 55464 | FP43: 52596 | FQ43: 58590 | FR43: 50467 | FS43: 55002 | FT43: 61782 | FU43: 47446 | FV43: 64407 | FW43: 54468 | FX43: 63955 | FY43: 56141 | FZ43: 52409 | GA43: 54515 | GB43: 53630 | GC43: 47360 | GD43: 53641 | GE43: 61797 | GF43: 52815 | GG43: 65787 | GH43: 44669 | GI43: 56875 | GJ43: 56629 | GK43: 53814 | GL43: 70094 | GM43: 62584 | GN43: 57107 | GO43: 59334 | GP43: 67484 | GQ43: 60922 | GR43: 59291 | GS43: 60903 | GT43: 122209 | GU43: 104049 | GV43: 116775 | GW43: 86664 | GX43: 103402 | GY43: 112240 | GZ43: 99405 | HA43: 114818 | HB43: 97364 | HC43: 117969 | HD43: 100665 | HE43: 133236 | HF43: 84043 | HG43: 90645 | HH43: 96219 | HI43: 90725 | HJ43: 99841 | HK43: 87306 | HL43: 94636 | HM43: 115299 | HN43: 92757 | HO43: 121142 | HP43: 115647 | HQ43: 112115 | HR43: 125826 | HS43: 96187 | HT43: 93051 | HU43: 96183 | HV43: 94196 | HW43: 106953 | HX43: 108526 | HY43: 112449 | HZ43: 128692 | IA43: 114114 | IB43: 126655 | IC43: 96655 | ID43: 106631 | IE43: 109935 | IF43: 93720 | IG43: 89212 | IH43: 80278 | II43: 88995 | IJ43: 109729 | IK43: 87463 | IL43: 99027 | IM43: 96554 | IN43: 101846 | IO43: 104825 | IP43: 87975 | IQ43: 101808 | IR43: 102581 | IS43: 95526 | IT43: 101617 | IU43: 87254 | IV43: 83032 | IW43: 98664 | IX43: 91532 | IY43: 89711 | IZ43: 127563 | JA43: 90760 | JB43: 97211 | JC43: 83442 | JD43: 103419 | JE43: 115992 | JF43: 101386 | JG43: 65284 | JH43: 92984 | JI43: 68133 | JJ43: 113004 | JK43: 71756 | JL43: 108603 | JM43: 95007 | JN43: 86698 | JO43: 108652 | JP43: 132075 | JQ43: 94207 | JR43: 84042 | JS43: 79324 | JT43: 88318 | JU43: 103058 | JV43: 97184 | JW43: 115898 | JX43: 81704 | JY43: 137262 | JZ43: 97134 | KA43: 113102 | KB43: 107589 | KC43: 85448 | KD43: 91408 | KE43: 92851 | KF43: 90910 | KG43: 84099 | KH43: 96376 | KI43: 105245 | KJ43: 85393 | KK43: 93419 | KL43: 75133 | KM43: 106279 | KN43: 103076 | KO43: 94017
A44: Fuzzy | B44: 66074 | C44: 60151 | D44: 64810 | E44: 71680 | F44: 43644 | G44: 60084 | H44: 50127 | I44: 43073 | J44: 57129 | K44: 48262 | L44: 46823 | M44: 50892 | N44: 48389 | O44: 49662 | P44: 50740 | Q44: 61428 | R44: 43379 | S44: 48655 | T44: 51520 | U44: 59395 | V44: 64911 | W44: 53524 | X44: 72275 | Y44: 61680 | Z44: 59340 | AA44: 52769 | AB44: 50773 | AC44: 57998 | AD44: 54174 | AE44: 53014 | AF44: 56141 | AG44: 52664 | AH44: 66885 | AI44: 52636 | AJ44: 40242 | AK44: 60589 | AL44: 55506 | AM44: 53880 | AN44: 72372 | AO44: 75279 | AP44: 58274 | AQ44: 49715 | AR44: 42314 | AS44: 45987 | AT44: 64068 | AU44: 46858 | AV44: 39595 | AW44: 47599 | AX44: 40827 | AY44: 50348 | AZ44: 49100 | BA44: 60028 | BB44: 58157 | BC44: 55188 | BD44: 46794 | BE44: 53748 | BF44: 72665 | BG44: 78841 | BH44: 42405 | BI44: 68503 | BJ44: 61306 | BK44: 55103 | BL44: 41208 | BM44: 40146 | BN44: 50812 | BO44: 65039 | BP44: 49367 | BQ44: 65801 | BR44: 52843 | BS44: 54704 | BT44: 47150 | BU44: 58989 | BV44: 41844 | BW44: 56105 | BX44: 47981 | BY44: 62746 | BZ44: 55016 | CA44: 56232 | CB44: 43760 | CC44: 45129 | CD44: 45977 | CE44: 40480 | CF44: 47756 | CG44: 36069 | CH44: 62235 | CI44: 58454 | CJ44: 47244 | CK44: 56285 | CL44: 63465 | CM44: 38791 | CN44: 41805 | CO44: 94510 | CP44: 40133 | CQ44: 66683 | CR44: 56821 | CS44: 49268 | CT44: 50465 | CU44: 64490 | CV44: 47639 | CW44: 42313 | CX44: 67743 | CY44: 108062 | CZ44: 77389 | DA44: 111837 | DB44: 85596 | DC44: 95568 | DD44: 105223 | DE44: 101548 | DF44: 89610 | DG44: 98747 | DH44: 79240 | DI44: 84122 | DJ44: 117082 | DK44: 110446 | DL44: 91755 | DM44: 92216 | DN44: 93128 | DO44: 104719 | DP44: 113969 | DQ44: 94077 | DR44: 95940 | DS44: 143331 | DT44: 97108 | DU44: 83662 | DV44: 86918 | DW44: 125757 | DX44: 110648 | DY44: 134567 | DZ44: 126568 | EA44: 98819 | EB44: 85023 | EC44: 91729 | ED44: 119944 | EE44: 91983 | EF44: 83785 | EG44: 129311 | EH44: 98497 | EI44: 100666 | EJ44: 107847 | EK44: 119965 | EL44: 96323 | EM44: 87577 | EN44: 117352 | EO44: 114351 | EP44: 122782 | EQ44: 80312 | ER44: 77056 | ES44: 107184 | ET44: 101360 | EU44: 82693 | EV44: 89195 | EW44: 109427 | EX44: 68148 | EY44: 115481 | EZ44: 97496 | FA44: 97449 | FB44: 114667 | FC44: 113313 | FD44: 80695 | FE44: 94458 | FF44: 81670 | FG44: 107081 | FH44: 119128 | FI44: 91930 | FJ44: 100782 | FK44: 103697 | FL44: 107813 | FM44: 111336 | FN44: 98923 | FO44: 99051 | FP44: 90154 | FQ44: 90628 | FR44: 96622 | FS44: 91613 | FT44: 150383 | FU44: 84790 | FV44: 108255 | FW44: 98578 | FX44: 90522 | FY44: 90927 | FZ44: 94648 | GA44: 95897 | GB44: 93582 | GC44: 73703 | GD44: 101018 | GE44: 84697 | GF44: 61932 | GG44: 71285 | GH44: 81503 | GI44: 88240 | GJ44: 115202 | GK44: 76852 | GL44: 84919 | GM44: 94935 | GN44: 68315 | GO44: 117230 | GP44: 99755 | GQ44: 129341 | GR44: 161902 | GS44: 157527 | GT44: 184912 | GU44: 180584 | GV44: 144130 | GW44: 237217 | GX44: 159372 | GY44: 267387 | GZ44: 172631 | HA44: 252095 | HB44: 162942 | HC44: 255070 | HD44: 177447 | HE44: 215136 | HF44: 211327 | HG44: 221141 | HH44: 217664 | HI44: 157367 | HJ44: 256481 | HK44: 155835 | HL44: 184716 | HM44: 245110 | HN44: 245110 | HO44: 191382 | HP44: 281298 | HQ44: 164114 | HR44: 236022 | HS44: 194357 | HT44: 180608 | HU44: 198590 | HV44: 245855 | HW44: 220402 | HX44: 224893 | HY44: 214930 | HZ44: 238048 | IA44: 163551 | IB44: 185592 | IC44: 158598 | ID44: 226896 | IE44: 248247 | IF44: 171300 | IG44: 215168 | IH44: 169074 | II44: 177018 | IJ44: 241889 | IK44: 229840 | IL44: 207283 | IM44: 247769 | IN44: 218498 | IO44: 186311 | IP44: 157567 | IQ44: 225825 | IR44: 263456 | IS44: 212660 | IT44: 248977 | IU44: 204582 | IV44: 201700 | IW44: 237443 | IX44: 149473 | IY44: 195238 | IZ44: 257102 | JA44: 197900 | JB44: 224286 | JC44: 163766 | JD44: 257674 | JE44: 209633 | JF44: 208155 | JG44: 144878 | JH44: 164346 | JI44: 144236 | JJ44: 224493 | JK44: 246443 | JL44: 189139 | JM44: 212641 | JN44: 227154 | JO44: 214538 | JP44: 252433 | JQ44: 218104 | JR44: 158854 | JS44: 172717 | JT44: 226213 | JU44: 180208 | JV44: 238577 | JW44: 177173 | JX44: 184200 | JY44: 229194 | JZ44: 187831 | KA44: 178088 | KB44: 240988 | KC44: 177406 | KD44: 218236 | KE44: 212240 | KF44: 170418 | KG44: 231817 | KH44: 217549 | KI44: 217634 | KJ44: 146869 | KK44: 189755 | KL44: 173135 | KM44: 208440 | KN44: 210197 | KO44: 198919
A45: NSGA3 | B45: 56405 | C45: 69925 | D45: 68450 | E45: 57194 | F45: 44041 | G45: 67944 | H45: 36513 | I45: 43452 | J45: 58934 | K45: 57195 | L45: 39440 | M45: 61687 | N45: 76646 | O45: 37023 | P45: 46758 | Q45: 63438 | R45: 46693 | S45: 47988 | T45: 78448 | U45: 39710 | V45: 50825 | W45: 56975 | X45: 69787 | Y45: 44278 | Z45: 57234 | AA45: 59585 | AB45: 42237 | AC45: 79221 | AD45: 48382 | AE45: 69780 | AF45: 64056 | AG45: 43373 | AH45: 41646 | AI45: 57727 | AJ45: 45690 | AK45: 62102 | AL45: 48402 | AM45: 67778 | AN45: 52314 | AO45: 65366 | AP45: 60332 | AQ45: 37830 | AR45: 86536 | AS45: 55260 | AT45: 48764 | AU45: 58464 | AV45: 30571 | AW45: 39735 | AX45: 82508 | AY45: 45867 | AZ45: 72092 | BA45: 67164 | BB45: 60365 | BC45: 54583 | BD45: 88821 | BE45: 53295 | BF45: 55925 | BG45: 54891 | BH45: 52459 | BI45: 38848 | BJ45: 46546 | BK45: 50389 | BL45: 45251 | BM45: 39799 | BN45: 44457 | BO45: 66948 | BP45: 41758 | BQ45: 68219 | BR45: 42959 | BS45: 73629 | BT45: 65450 | BU45: 49826 | BV45: 39231 | BW45: 99076 | BX45: 62386 | BY45: 51234 | BZ45: 59009 | CA45: 44298 | CB45: 52018 | CC45: 49729 | CD45: 47916 | CE45: 44531 | CF45: 43783 | CG45: 51162 | CH45: 67002 | CI45: 69040 | CJ45: 56276 | CK45: 66509 | CL45: 79536 | CM45: 64979 | CN45: 44021 | CO45: 46443 | CP45: 40310 | CQ45: 48223 | CR45: 47299 | CS45: 38595 | CT45: 52354 | CU45: 69428 | CV45: 46713 | CW45: 38403 | CX45: 73295 | CY45: 120728 | CZ45: 82066 | DA45: 71683 | DB45: 81573 | DC45: 90592 | DD45: 59296 | DE45: 136007 | DF45: 119765 | DG45: 109194 | DH45: 80990 | DI45: 106622 | DJ45: 99935 | DK45: 116319 | DL45: 85519 | DM45: 70483 | DN45: 123816 | DO45: 101903 | DP45: 62840 | DQ45: 137487 | DR45: 91554 | DS45: 128391 | DT45: 110569 | DU45: 77056 | DV45: 113981 | DW45: 127086 | DX45: 69851 | DY45: 116956 | DZ45: 112460 | EA45: 131679 | EB45: 74114 | EC45: 81944 | ED45: 86454 | EE45: 132127 | EF45: 130207 | EG45: 109894 | EH45: 125177 | EI45: 95772 | EJ45: 68159 | EK45: 91278 | EL45: 104712 | EM45: 78503 | EN45: 118485 | EO45: 90254 | EP45: 109317 | EQ45: 88671 | ER45: 93040 | ES45: 115018 | ET45: 89555 | EU45: 107777 | EV45: 98282 | EW45: 131527 | EX45: 123390 | EY45: 79823 | EZ45: 110293 | FA45: 54594 | FB45: 106178 | FC45: 109013 | FD45: 74784 | FE45: 152498 | FF45: 141401 | FG45: 88145 | FH45: 70119 | FI45: 99264 | FJ45: 153182 | FK45: 81873 | FL45: 87333 | FM45: 76213 | FN45: 118293 | FO45: 85430 | FP45: 75675 | FQ45: 115710 | FR45: 96799 | FS45: 117655 | FT45: 102447 | FU45: 89077 | FV45: 57693 | FW45: 106387 | FX45: 82307 | FY45: 137689 | FZ45: 78617 | GA45: 121269 | GB45: 74463 | GC45: 107823 | GD45: 117029 | GE45: 79492 | GF45: 119758 | GG45: 80014 | GH45: 96503 | GI45: 75590 | GJ45: 71830 | GK45: 109565 | GL45: 104812 | GM45: 141594 | GN45: 98362 | GO45: 76292 | GP45: 53204 | GQ45: 107000 | GR45: 122164 | GS45: 112302 | GT45: 168889 | GU45: 220252 | GV45: 186977 | GW45: 209397 | GX45: 245627 | GY45: 141719 | GZ45: 139192 | HA45: 209250 | HB45: 165664 | HC45: 178869 | HD45: 207334 | HE45: 164821 | HF45: 167498 | HG45: 218093 | HH45: 165442 | HI45: 219915 | HJ45: 181845 | HK45: 225952 | HL45: 195354 | HM45: 252376 | HN45: 265935 | HO45: 213542 | HP45: 245895 | HQ45: 163635 | HR45: 222097 | HS45: 271654 | HT45: 233011 | HU45: 203958 | HV45: 173743 | HW45: 224956 | HX45: 206813 | HY45: 211369 | HZ45: 258040 | IA45: 169602 | IB45: 199813 | IC45: 176129 | ID45: 201788 | IE45: 251225 | IF45: 219191 | IG45: 191398 | IH45: 170008 | II45: 191471 | IJ45: 151861 | IK45: 202900 | IL45: 192065 | IM45: 196585 | IN45: 141158 | IO45: 220436 | IP45: 160114 | IQ45: 274005 | IR45: 179201 | IS45: 199147 | IT45: 171195 | IU45: 214355 | IV45: 217250 | IW45: 238993 | IX45: 250027 | IY45: 167007 | IZ45: 230957 | JA45: 168431 | JB45: 143545 | JC45: 157431 | JD45: 130103 | JE45: 219130 | JF45: 203095 | JG45: 141730 | JH45: 263290 | JI45: 153988 | JJ45: 219630 | JK45: 140173 | JL45: 218503 | JM45: 183974 | JN45: 262574 | JO45: 210641 | JP45: 197674 | JQ45: 153186 | JR45: 151851 | JS45: 211658 | JT45: 121684 | JU45: 206416 | JV45: 149752 | JW45: 204517 | JX45: 192646 | JY45: 203226 | JZ45: 175255 | KA45: 213232 | KB45: 159490 | KC45: 248115 | KD45: 222856 | KE45: 194020 | KF45: 185396 | KG45: 156958 | KH45: 166590 | KI45: 169277 | KJ45: 168602 | KK45: 182201 | KL45: 222534 | KM45: 150902 | KN45: 192838 | KO45: 184181
A46: MQGA | B46: 48626 | C46: 48728 | D46: 54066 | E46: 48475 | F46: 48737 | G46: 49758 | H46: 43546 | I46: 42957 | J46: 45997 | K46: 41373 | L46: 36614 | M46: 43560 | N46: 47357 | O46: 41760 | P46: 46176 | Q46: 45433 | R46: 38249 | S46: 42330 | T46: 45458 | U46: 45340 | V46: 43849 | W46: 41780 | X46: 48214 | Y46: 46935 | Z46: 46524 | AA46: 49404 | AB46: 49983 | AC46: 45052 | AD46: 44844 | AE46: 45121 | AF46: 52418 | AG46: 46284 | AH46: 48566 | AI46: 48159 | AJ46: 43555 | AK46: 44385 | AL46: 42235 | AM46: 46201 | AN46: 49895 | AO46: 52155 | AP46: 51877 | AQ46: 38761 | AR46: 43402 | AS46: 46277 | AT46: 48400 | AU46: 47377 | AV46: 39562 | AW46: 46447 | AX46: 46501 | AY46: 44474 | AZ46: 40130 | BA46: 47503 | BB46: 43697 | BC46: 47084 | BD46: 44830 | BE46: 42909 | BF46: 53166 | BG46: 48044 | BH46: 41034 | BI46: 41924 | BJ46: 49662 | BK46: 51161 | BL46: 35541 | BM46: 38152 | BN46: 52260 | BO46: 49600 | BP46: 37011 | BQ46: 52893 | BR46: 40355 | BS46: 47830 | BT46: 42311 | BU46: 43753 | BV46: 46202 | BW46: 45668 | BX46: 49256 | BY46: 46730 | BZ46: 50172 | CA46: 54761 | CB46: 43048 | CC46: 42245 | CD46: 44012 | CE46: 40592 | CF46: 46795 | CG46: 40291 | CH46: 41472 | CI46: 50353 | CJ46: 46903 | CK46: 44323 | CL46: 48743 | CM46: 45647 | CN46: 43603 | CO46: 49701 | CP46: 41794 | CQ46: 45709 | CR46: 45319 | CS46: 42310 | CT46: 44686 | CU46: 43570 | CV46: 47443 | CW46: 42555 | CX46: 82168 | CY46: 75148 | CZ46: 74621 | DA46: 81697 | DB46: 73279 | DC46: 73287 | DD46: 80711 | DE46: 71777 | DF46: 84018 | DG46: 69793 | DH46: 85155 | DI46: 74896 | DJ46: 78254 | DK46: 89303 | DL46: 79611 | DM46: 78893 | DN46: 84454 | DO46: 75335 | DP46: 75679 | DQ46: 91872 | DR46: 78709 | DS46: 77243 | DT46: 80632 | DU46: 88051 | DV46: 80538 | DW46: 78429 | DX46: 88559 | DY46: 91926 | DZ46: 84120 | EA46: 99900 | EB46: 68942 | EC46: 81053 | ED46: 88161 | EE46: 77594 | EF46: 84593 | EG46: 83308 | EH46: 76931 | EI46: 86568 | EJ46: 72273 | EK46: 72906 | EL46: 81054 | EM46: 70783 | EN46: 88278 | EO46: 78510 | EP46: 90238 | EQ46: 75444 | ER46: 80551 | ES46: 80488 | ET46: 81300 | EU46: 79677 | EV46: 80839 | EW46: 83332 | EX46: 81866 | EY46: 91826 | EZ46: 86664 | FA46: 74600 | FB46: 82633 | FC46: 87408 | FD46: 76697 | FE46: 77004 | FF46: 79917 | FG46: 75163 | FH46: 80929 | FI46: 77722 | FJ46: 82613 | FK46: 82692 | FL46: 80726 | FM46: 80624 | FN46: 78970 | FO46: 77902 | FP46: 74014 | FQ46: 87419 | FR46: 66926 | FS46: 78262 | FT46: 84902 | FU46: 67497 | FV46: 72162 | FW46: 90167 | FX46: 77019 | FY46: 87503 | FZ46: 74320 | GA46: 74753 | GB46: 74948 | GC46: 78312 | GD46: 71942 | GE46: 74159 | GF46: 82651 | GG46: 77915 | GH46: 77158 | GI46: 70472 | GJ46: 82701 | GK46: 76395 | GL46: 86941 | GM46: 83500 | GN46: 76665 | GO46: 72385 | GP46: 77056 | GQ46: 79184 | GR46: 88114 | GS46: 81724 | GT46: 164473 | GU46: 160093 | GV46: 186282 | GW46: 171978 | GX46: 162286 | GY46: 164378 | GZ46: 167152 | HA46: 167716 | HB46: 166302 | HC46: 172186 | HD46: 152773 | HE46: 173687 | HF46: 171172 | HG46: 177256 | HH46: 172948 | HI46: 169468 | HJ46: 167241 | HK46: 162029 | HL46: 164002 | HM46: 180177 | HN46: 171064 | HO46: 179638 | HP46: 212562 | HQ46: 167957 | HR46: 179793 | HS46: 167611 | HT46: 157480 | HU46: 158058 | HV46: 175453 | HW46: 169120 | HX46: 174295 | HY46: 180758 | HZ46: 185420 | IA46: 168412 | IB46: 194932 | IC46: 158354 | ID46: 176373 | IE46: 183819 | IF46: 147090 | IG46: 163471 | IH46: 154058 | II46: 179438 | IJ46: 183592 | IK46: 167216 | IL46: 169828 | IM46: 171677 | IN46: 159711 | IO46: 177842 | IP46: 152276 | IQ46: 186604 | IR46: 179060 | IS46: 179607 | IT46: 155374 | IU46: 175663 | IV46: 173562 | IW46: 178766 | IX46: 167280 | IY46: 165199 | IZ46: 177566 | JA46: 153792 | JB46: 162031 | JC46: 155577 | JD46: 168753 | JE46: 166776 | JF46: 149449 | JG46: 145492 | JH46: 170556 | JI46: 139591 | JJ46: 195706 | JK46: 166087 | JL46: 172519 | JM46: 185623 | JN46: 149051 | JO46: 176701 | JP46: 187547 | JQ46: 167659 | JR46: 164352 | JS46: 169159 | JT46: 171449 | JU46: 170142 | JV46: 178207 | JW46: 167531 | JX46: 177739 | JY46: 178517 | JZ46: 179477 | KA46: 167342 | KB46: 156868 | KC46: 150570 | KD46: 170957 | KE46: 179741 | KF46: 172181 | KG46: 169965 | KH46: 162433 | KI46: 190691 | KJ46: 172606 | KK46: 159474 | KL46: 146754 | KM46: 174709 | KN46: 165637 | KO46: 163496
A47: Greedy | B47: 51808 | C47: 65617 | D47: 57718 | E47: 55117 | F47: 52179 | G47: 56049 | H47: 43213 | I47: 41870 | J47: 41311 | K47: 42743 | L47: 44026 | M47: 51017 | N47: 65883 | O47: 44204 | P47: 48335 | Q47: 56212 | R47: 46428 | S47: 43831 | T47: 51750 | U47: 58343 | V47: 54897 | W47: 54632 | X47: 48415 | Y47: 45659 | Z47: 45319 | AA47: 54463 | AB47: 63512 | AC47: 53988 | AD47: 56083 | AE47: 57591 | AF47: 42793 | AG47: 50148 | AH47: 53394 | AI47: 52708 | AJ47: 51017 | AK47: 52485 | AL47: 62143 | AM47: 54899 | AN47: 33171 | AO47: 79340 | AP47: 58651 | AQ47: 54395 | AR47: 63298 | AS47: 49380 | AT47: 48701 | AU47: 49450 | AV47: 33848 | AW47: 38149 | AX47: 43470 | AY47: 57851 | AZ47: 53632 | BA47: 41250 | BB47: 46323 | BC47: 47263 | BD47: 53578 | BE47: 42966 | BF47: 89624 | BG47: 51308 | BH47: 36329 | BI47: 45066 | BJ47: 52791 | BK47: 52126 | BL47: 34993 | BM47: 43186 | BN47: 54933 | BO47: 46031 | BP47: 40610 | BQ47: 48820 | BR47: 67061 | BS47: 51082 | BT47: 57659 | BU47: 69350 | BV47: 51643 | BW47: 68678 | BX47: 68488 | BY47: 41004 | BZ47: 43103 | CA47: 51630 | CB47: 27894 | CC47: 66692 | CD47: 50594 | CE47: 40127 | CF47: 53345 | CG47: 46600 | CH47: 46886 | CI47: 61762 | CJ47: 55816 | CK47: 46299 | CL47: 78429 | CM47: 53039 | CN47: 43119 | CO47: 55509 | CP47: 41810 | CQ47: 85939 | CR47: 39167 | CS47: 43955 | CT47: 69050 | CU47: 54119 | CV47: 46891 | CW47: 39624 | CX47: 125216 | CY47: 64182 | CZ47: 90835 | DA47: 61570 | DB47: 74099 | DC47: 93674 | DD47: 95791 | DE47: 103805 | DF47: 155982 | DG47: 89035 | DH47: 63248 | DI47: 94819 | DJ47: 94000 | DK47: 84831 | DL47: 112236 | DM47: 112802 | DN47: 65382 | DO47: 71541 | DP47: 65225 | DQ47: 149431 | DR47: 129762 | DS47: 60897 | DT47: 94471 | DU47: 89404 | DV47: 97910 | DW47: 64665 | DX47: 100178 | DY47: 102046 | DZ47: 88363 | EA47: 114173 | EB47: 101247 | EC47: 102222 | ED47: 126834 | EE47: 69492 | EF47: 78864 | EG47: 94160 | EH47: 114502 | EI47: 76784 | EJ47: 85804 | EK47: 136615 | EL47: 93590 | EM47: 80092 | EN47: 96623 | EO47: 103901 | EP47: 85193 | EQ47: 117352 | ER47: 130724 | ES47: 120729 | ET47: 101394 | EU47: 100623 | EV47: 86565 | EW47: 146980 | EX47: 61552 | EY47: 95770 | EZ47: 120511 | FA47: 82548 | FB47: 85886 | FC47: 83202 | FD47: 70683 | FE47: 93443 | FF47: 92256 | FG47: 78082 | FH47: 116788 | FI47: 96543 | FJ47: 113337 | FK47: 64382 | FL47: 94434 | FM47: 114606 | FN47: 78934 | FO47: 83168 | FP47: 74548 | FQ47: 113191 | FR47: 68796 | FS47: 115953 | FT47: 142199 | FU47: 91789 | FV47: 72704 | FW47: 106066 | FX47: 121149 | FY47: 94722 | FZ47: 96922 | GA47: 86100 | GB47: 92095 | GC47: 101190 | GD47: 69689 | GE47: 113163 | GF47: 111819 | GG47: 107067 | GH47: 70550 | GI47: 77998 | GJ47: 105971 | GK47: 92471 | GL47: 89631 | GM47: 126827 | GN47: 91546 | GO47: 74071 | GP47: 58758 | GQ47: 130726 | GR47: 133919 | GS47: 89673 | GT47: 219648 | GU47: 207806 | GV47: 169551 | GW47: 248652 | GX47: 188444 | GY47: 211275 | GZ47: 204108 | HA47: 195924 | HB47: 184526 | HC47: 215024 | HD47: 144461 | HE47: 208069 | HF47: 216243 | HG47: 216921 | HH47: 154170 | HI47: 219276 | HJ47: 205160 | HK47: 150255 | HL47: 235912 | HM47: 204576 | HN47: 204041 | HO47: 182374 | HP47: 187554 | HQ47: 170115 | HR47: 191650 | HS47: 169305 | HT47: 137129 | HU47: 177815 | HV47: 247205 | HW47: 221179 | HX47: 215771 | HY47: 235969 | HZ47: 229847 | IA47: 173164 | IB47: 211450 | IC47: 191966 | ID47: 208633 | IE47: 199325 | IF47: 174546 | IG47: 193522 | IH47: 225129 | II47: 261955 | IJ47: 240779 | IK47: 206635 | IL47: 142028 | IM47: 159188 | IN47: 232045 | IO47: 156111 | IP47: 191459 | IQ47: 222233 | IR47: 209934 | IS47: 99778 | IT47: 189809 | IU47: 237886 | IV47: 194417 | IW47: 214382 | IX47: 138454 | IY47: 258199 | IZ47: 266972 | JA47: 183574 | JB47: 198362 | JC47: 194575 | JD47: 210953 | JE47: 279089 | JF47: 163840 | JG47: 173012 | JH47: 260205 | JI47: 158226 | JJ47: 170649 | JK47: 197695 | JL47: 267400 | JM47: 218365 | JN47: 213652 | JO47: 154879 | JP47: 261424 | JQ47: 245119 | JR47: 207016 | JS47: 185011 | JT47: 92953 | JU47: 181651 | JV47: 230830 | JW47: 242832 | JX47: 211174 | JY47: 197611 | JZ47: 208695 | KA47: 141808 | KB47: 166305 | KC47: 126825 | KD47: 216468 | KE47: 210400 | KF47: 222320 | KG47: 170489 | KH47: 222229 | KI47: 330343 | KJ47: 210462 | KK47: 213596 | KL47: 220270 | KM47: 238134 | KN47: 199209 | KO47: 181531
A48: MOPSO | B48: 55517 | C48: 48029 | D48: 61131 | E48: 54574 | F48: 54752 | G48: 57258 | H48: 52795 | I48: 47208 | J48: 51056 | K48: 45641 | L48: 49084 | M48: 49274 | N48: 52197 | O48: 47747 | P48: 50491 | Q48: 49738 | R48: 41830 | S48: 45441 | T48: 46659 | U48: 48903 | V48: 48264 | W48: 48421 | X48: 58430 | Y48: 48100 | Z48: 52242 | AA48: 51250 | AB48: 62111 | AC48: 60625 | AD48: 59616 | AE48: 46786 | AF48: 54058 | AG48: 51759 | AH48: 59585 | AI48: 50565 | AJ48: 51156 | AK48: 48700 | AL48: 50512 | AM48: 47954 | AN48: 54115 | AO48: 66068 | AP48: 71316 | AQ48: 44466 | AR48: 50650 | AS48: 50793 | AT48: 53850 | AU48: 46847 | AV48: 47677 | AW48: 48882 | AX48: 51761 | AY48: 51769 | AZ48: 44639 | BA48: 53810 | BB48: 44722 | BC48: 47982 | BD48: 52425 | BE48: 48275 | BF48: 58618 | BG48: 51048 | BH48: 43616 | BI48: 44982 | BJ48: 57663 | BK48: 48814 | BL48: 44965 | BM48: 39754 | BN48: 55935 | BO48: 52712 | BP48: 41177 | BQ48: 70089 | BR48: 54743 | BS48: 55123 | BT48: 51294 | BU48: 50594 | BV48: 61423 | BW48: 57583 | BX48: 60763 | BY48: 46635 | BZ48: 58981 | CA48: 54459 | CB48: 51006 | CC48: 48702 | CD48: 52825 | CE48: 48387 | CF48: 56194 | CG48: 48914 | CH48: 42512 | CI48: 59584 | CJ48: 53249 | CK48: 45150 | CL48: 55757 | CM48: 53358 | CN48: 49691 | CO48: 63657 | CP48: 45502 | CQ48: 58036 | CR48: 55664 | CS48: 49020 | CT48: 52091 | CU48: 50643 | CV48: 53335 | CW48: 48314 | CX48: 83446 | CY48: 90823 | CZ48: 84673 | DA48: 89735 | DB48: 81325 | DC48: 84990 | DD48: 89466 | DE48: 92211 | DF48: 108814 | DG48: 84520 | DH48: 88088 | DI48: 89016 | DJ48: 96342 | DK48: 88377 | DL48: 109446 | DM48: 94595 | DN48: 99582 | DO48: 86364 | DP48: 84021 | DQ48: 112785 | DR48: 88811 | DS48: 77058 | DT48: 99444 | DU48: 111429 | DV48: 94318 | DW48: 96129 | DX48: 94693 | DY48: 115711 | DZ48: 116280 | EA48: 111148 | EB48: 73422 | EC48: 100287 | ED48: 95534 | EE48: 79247 | EF48: 102647 | EG48: 85365 | EH48: 96086 | EI48: 99455 | EJ48: 85092 | EK48: 91087 | EL48: 107504 | EM48: 76432 | EN48: 98483 | EO48: 84905 | EP48: 96097 | EQ48: 92335 | ER48: 103535 | ES48: 99725 | ET48: 95822 | EU48: 85688 | EV48: 88549 | EW48: 104682 | EX48: 112955 | EY48: 105598 | EZ48: 103088 | FA48: 84991 | FB48: 86365 | FC48: 111373 | FD48: 89774 | FE48: 83648 | FF48: 88000 | FG48: 98189 | FH48: 88290 | FI48: 104716 | FJ48: 108834 | FK48: 100614 | FL48: 100895 | FM48: 90598 | FN48: 105643 | FO48: 95019 | FP48: 94667 | FQ48: 111675 | FR48: 88261 | FS48: 80903 | FT48: 96031 | FU48: 76762 | FV48: 82072 | FW48: 96692 | FX48: 100390 | FY48: 105039 | FZ48: 78058 | GA48: 85324 | GB48: 94658 | GC48: 98320 | GD48: 95653 | GE48: 94067 | GF48: 91171 | GG48: 87503 | GH48: 87273 | GI48: 85729 | GJ48: 90283 | GK48: 87474 | GL48: 102302 | GM48: 103386 | GN48: 97973 | GO48: 86740 | GP48: 92827 | GQ48: 98285 | GR48: 103045 | GS48: 113572 | GT48: 194503 | GU48: 205381 | GV48: 183924 | GW48: 208331 | GX48: 193433 | GY48: 178527 | GZ48: 215972 | HA48: 203243 | HB48: 168736 | HC48: 182852 | HD48: 191962 | HE48: 215181 | HF48: 187720 | HG48: 207417 | HH48: 207003 | HI48: 199419 | HJ48: 166107 | HK48: 168463 | HL48: 183114 | HM48: 227455 | HN48: 207411 | HO48: 205282 | HP48: 226329 | HQ48: 180703 | HR48: 211957 | HS48: 168517 | HT48: 181901 | HU48: 178472 | HV48: 216109 | HW48: 180541 | HX48: 227962 | HY48: 216954 | HZ48: 208236 | IA48: 160633 | IB48: 210827 | IC48: 185810 | ID48: 180249 | IE48: 181257 | IF48: 188276 | IG48: 169772 | IH48: 171612 | II48: 214936 | IJ48: 209546 | IK48: 196580 | IL48: 205574 | IM48: 185569 | IN48: 177845 | IO48: 209241 | IP48: 176564 | IQ48: 203404 | IR48: 198758 | IS48: 215736 | IT48: 193158 | IU48: 194863 | IV48: 212738 | IW48: 203290 | IX48: 187967 | IY48: 185766 | IZ48: 194550 | JA48: 199400 | JB48: 185241 | JC48: 177636 | JD48: 195382 | JE48: 182223 | JF48: 177396 | JG48: 161013 | JH48: 185514 | JI48: 173488 | JJ48: 233027 | JK48: 220142 | JL48: 208360 | JM48: 200715 | JN48: 166468 | JO48: 195454 | JP48: 211234 | JQ48: 213309 | JR48: 192590 | JS48: 224651 | JT48: 191604 | JU48: 191848 | JV48: 218833 | JW48: 203778 | JX48: 189929 | JY48: 190780 | JZ48: 202608 | KA48: 206431 | KB48: 195988 | KC48: 172566 | KD48: 185794 | KE48: 220125 | KF48: 201998 | KG48: 194183 | KH48: 171893 | KI48: 230441 | KJ48: 196685 | KK48: 169649 | KL48: 180448 | KM48: 205287 | KN48: 179940 | KO48: 188678

Sheet Success Rate
A1: Algorithm | B1: Load | C1: Average | D1: Min | E1: Max | F1: Std Dev
A2: QUEST | B2: 20 | C2: 1 | D2: TRUE | E2: TRUE | F2: 0
A3: QUEST | B3: 30 | C3: 1 | D3: TRUE | E3: TRUE | F3: 0
A4: QUEST | B4: 50 | C4: 1 | D4: TRUE | E4: TRUE | F4: 0
A5: Fuzzy | B5: 20 | C5: 0.91 | D5: FALSE | E5: TRUE | F5: 0.28618176
A6: Fuzzy | B6: 30 | C6: 0.87 | D6: FALSE | E6: TRUE | F6: 0.33630343
A7: Fuzzy | B7: 50 | C7: 0.84 | D7: FALSE | E7: TRUE | F7: 0.36660606
A8: NSGA3 | B8: 20 | C8: 0.81 | D8: FALSE | E8: TRUE | F8: 0.3923009
A9: NSGA3 | B9: 30 | C9: 0.83 | D9: FALSE | E9: TRUE | F9: 0.3756328
A10: NSGA3 | B10: 50 | C10: 0.85 | D10: FALSE | E10: TRUE | F10: 0.35707142
A11: MQGA | B11: 20 | C11: 1 | D11: TRUE | E11: TRUE | F11: 0
A12: MQGA | B12: 30 | C12: 1 | D12: TRUE | E12: TRUE | F12: 0
A13: MQGA | B13: 50 | C13: 1 | D13: TRUE | E13: TRUE | F13: 0
... A19: MOPSO | B19: 50 | C19: 0.95 | D19: FALSE | E19: TRUE | F19: 0.21794495
A22: Summary by Algorithm
A23: QUEST | C23: 1 | D23: TRUE | E23: TRUE | F23: 0
A24: Fuzzy | C24: 0.87333333 | D24: FALSE | E24: TRUE | F24: 0.33259919
A25: NSGA3 | C25: 0.83 | D25: FALSE | E25: TRUE | F25: 0.3756328
A26: MQGA | C26: 1 | D26: TRUE | E26: TRUE | F26: 0
A27: Greedy | C27: 0.89333333 | D27: FALSE | E27: TRUE | F27: 0.30868898
A28: MOPSO | C28: 0.95666667 | D28: FALSE | E28: TRUE | F28: 0.20360637
A31: Average data for chart
A32: Algorithms | B32: 20 | C32: 30 | D32: 50
A33: QUEST | B33: 1 | C33: 1 | D33: 1
A34: Fuzzy | B34: 0.91 | C34: 0.87 | D34: 0.84
A35: NSGA3 | B35: 0.81 | C35: 0.83 | D35: 0.85
A36: MQGA | B36: 1 | C36: 1 | D36: 1
A37: Greedy | B37: 0.91 | C37: 0.89 | D37: 0.88
A38: MOPSO | B38: 0.98 | C38: 0.94 | D38: 0.95
A41: All data for chart
A42: Algorithms | B42: 20 | C42: 20 | D42: 20 | E42: 20 | F42: 20 | G42: 20 | H42: 20 | I42: 20 | J42: 20 | K42: 20 | L42: 20 | M42: 20 | N42: 20 | O42: 20 | P42: 20 | Q42: 20 | R42: 20 | S42: 20 | T42: 20 | U42: 20 | V42: 20 | W42: 20 | X42: 20 | Y42: 20 | Z42: 20 | AA42: 20 | AB42: 20 | AC42: 20 | AD42: 20 | AE42: 20 | AF42: 20 | AG42: 20 | AH42: 20 | AI42: 20 | AJ42: 20 | AK42: 20 | AL42: 20 | AM42: 20 | AN42: 20 | AO42: 20 | AP42: 20 | AQ42: 20 | AR42: 20 | AS42: 20 | AT42: 20 | AU42: 20 | AV42: 20 | AW42: 20 | AX42: 20 | AY42: 20 | AZ42: 20 | BA42: 20 | BB42: 20 | BC42: 20 | BD42: 20 | BE42: 20 | BF42: 20 | BG42: 20 | BH42: 20 | BI42: 20 | BJ42: 20 | BK42: 20 | BL42: 20 | BM42: 20 | BN42: 20 | BO42: 20 | BP42: 20 | BQ42: 20 | BR42: 20 | BS42: 20 | BT42: 20 | BU42: 20 | BV42: 20 | BW42: 20 | BX42: 20 | BY42: 20 | BZ42: 20 | CA42: 20 | CB42: 20 | CC42: 20 | CD42: 20 | CE42: 20 | CF42: 20 | CG42: 20 | CH42: 20 | CI42: 20 | CJ42: 20 | CK42: 20 | CL42: 20 | CM42: 20 | CN42: 20 | CO42: 20 | CP42: 20 | CQ42: 20 | CR42: 20 | CS42: 20 | CT42: 20 | CU42: 20 | CV42: 20 | CW42: 20 | CX42: 30 | CY42: 30 | CZ42: 30 | DA42: 30 | DB42: 30 | DC42: 30 | DD42: 30 | DE42: 30 | DF42: 30 | DG42: 30 | DH42: 30 | DI42: 30 | DJ42: 30 | DK42: 30 | DL42: 30 | DM42: 30 | DN42: 30 | DO42: 30 | DP42: 30 | DQ42: 30 | DR42: 30 | DS42: 30 | DT42: 30 | DU42: 30 | DV42: 30 | DW42: 30 | DX42: 30 | DY42: 30 | DZ42: 30 | EA42: 30 | EB42: 30 | EC42: 30 | ED42: 30 | EE42: 30 | EF42: 30 | EG42: 30 | EH42: 30 | EI42: 30 | EJ42: 30 | EK42: 30 | EL42: 30 | EM42: 30 | EN42: 30 | EO42: 30 | EP42: 30 | EQ42: 30 | ER42: 30 | ES42: 30 | ET42: 30 | EU42: 30 | EV42: 30 | EW42: 30 | EX42: 30 | EY42: 30 | EZ42: 30 | FA42: 30 | FB42: 30 | FC42: 30 | FD42: 30 | FE42: 30 | FF42: 30 | FG42: 30 | FH42: 30 | FI42: 30 | FJ42: 30 | FK42: 30 | FL42: 30 | FM42: 30 | FN42: 30 | FO42: 30 | FP42: 30 | FQ42: 30 | FR42: 30 | FS42: 30 | FT42: 30 | FU42: 30 | FV42: 30 | FW42: 30 | FX42: 30 | FY42: 30 | FZ42: 30 | GA42: 30 | GB42: 30 | GC42: 30 | GD42: 30 | GE42: 30 | GF42: 30 | GG42: 30 | GH42: 30 | GI42: 30 | GJ42: 30 | GK42: 30 | GL42: 30 | GM42: 30 | GN42: 30 | GO42: 30 | GP42: 30 | GQ42: 30 | GR42: 30 | GS42: 30 | GT42: 50 | GU42: 50 | GV42: 50 | GW42: 50 | GX42: 50 | GY42: 50 | GZ42: 50 | HA42: 50 | HB42: 50 | HC42: 50 | HD42: 50 | HE42: 50 | HF42: 50 | HG42: 50 | HH42: 50 | HI42: 50 | HJ42: 50 | HK42: 50 | HL42: 50 | HM42: 50 | HN42: 50 | HO42: 50 | HP42: 50 | HQ42: 50 | HR42: 50 | HS42: 50 | HT42: 50 | HU42: 50 | HV42: 50 | HW42: 50 | HX42: 50 | HY42: 50 | HZ42: 50 | IA42: 50 | IB42: 50 | IC42: 50 | ID42: 50 | IE42: 50 | IF42: 50 | IG42: 50 | IH42: 50 | II42: 50 | IJ42: 50 | IK42: 50 | IL42: 50 | IM42: 50 | IN42: 50 | IO42: 50 | IP42: 50 | IQ42: 50 | IR42: 50 | IS42: 50 | IT42: 50 | IU42: 50 | IV42: 50 | IW42: 50 | IX42: 50 | IY42: 50 | IZ42: 50 | JA42: 50 | JB42: 50 | JC42: 50 | JD42: 50 | JE42: 50 | JF42: 50 | JG42: 50 | JH42: 50 | JI42: 50 | JJ42: 50 | JK42: 50 | JL42: 50 | JM42: 50 | JN42: 50 | JO42: 50 | JP42: 50 | JQ42: 50 | JR42: 50 | JS42: 50 | JT42: 50 | JU42: 50 | JV42: 50 | JW42: 50 | JX42: 50 | JY42: 50 | JZ42: 50 | KA42: 50 | KB42: 50 | KC42: 50 | KD42: 50 | KE42: 50 | KF42: 50 | KG42: 50 | KH42: 50 | KI42: 50 | KJ42: 50 | KK42: 50 | KL42: 50 | KM42: 50 | KN42: 50 | KO42: 50
A43: QUEST | B43: TRUE | C43: TRUE | D43: TRUE | E43: TRUE | F43: TRUE | G43: TRUE | H43: TRUE | I43: TRUE | J43: TRUE | K43: TRUE | L43: TRUE | M43: TRUE | N43: TRUE | O43: TRUE | P43: TRUE | Q43: TRUE | R43: TRUE | S43: TRUE | T43: TRUE | U43: TRUE | V43: TRUE | W43: TRUE | X43: TRUE | Y43: TRUE | Z43: TRUE | AA43: TRUE | AB43: TRUE | AC43: TRUE | AD43: TRUE | AE43: TRUE | AF43: TRUE | AG43: TRUE | AH43: TRUE | AI43: TRUE | AJ43: TRUE | AK43: TRUE | AL43: TRUE | AM43: TRUE | AN43: TRUE | AO43: TRUE | AP43: TRUE | AQ43: TRUE | AR43: TRUE | AS43: TRUE | AT43: TRUE | AU43: TRUE | AV43: TRUE | AW43: TRUE | AX43: TRUE | AY43: TRUE | AZ43: TRUE | BA43: TRUE | BB43: TRUE | BC43: TRUE | BD43: TRUE | BE43: TRUE | BF43: TRUE | BG43: TRUE | BH43: TRUE | BI43: TRUE | BJ43: TRUE | BK43: TRUE | BL43: TRUE | BM43: TRUE | BN43: TRUE | BO43: TRUE | BP43: TRUE | BQ43: TRUE | BR43: TRUE | BS43: TRUE | BT43: TRUE | BU43: TRUE | BV43: TRUE | BW43: TRUE | BX43: TRUE | BY43: TRUE | BZ43: TRUE | CA43: TRUE | CB43: TRUE | CC43: TRUE | CD43: TRUE | CE43: TRUE | CF43: TRUE | CG43: TRUE | CH43: TRUE | CI43: TRUE | CJ43: TRUE | CK43: TRUE | CL43: TRUE | CM43: TRUE | CN43: TRUE | CO43: TRUE | CP43: TRUE | CQ43: TRUE | CR43: TRUE | CS43: TRUE | CT43: TRUE | CU43: TRUE | CV43: TRUE | CW43: TRUE | CX43: TRUE | CY43: TRUE | CZ43: TRUE | DA43: TRUE | DB43: TRUE | DC43: TRUE | DD43: TRUE | DE43: TRUE | DF43: TRUE | DG43: TRUE | DH43: TRUE | DI43: TRUE | DJ43: TRUE | DK43: TRUE | DL43: TRUE | DM43: TRUE | DN43: TRUE | DO43: TRUE | DP43: TRUE | DQ43: TRUE | DR43: TRUE | DS43: TRUE | DT43: TRUE | DU43: TRUE | DV43: TRUE | DW43: TRUE | DX43: TRUE | DY43: TRUE | DZ43: TRUE | EA43: TRUE | EB43: TRUE | EC43: TRUE | ED43: TRUE | EE43: TRUE | EF43: TRUE | EG43: TRUE | EH43: TRUE | EI43: TRUE | EJ43: TRUE | EK43: TRUE | EL43: TRUE | EM43: TRUE | EN43: TRUE | EO43: TRUE | EP43: TRUE | EQ43: TRUE | ER43: TRUE | ES43: TRUE | ET43: TRUE | EU43: TRUE | EV43: TRUE | EW43: TRUE | EX43: TRUE | EY43: TRUE | EZ43: TRUE | FA43: TRUE | FB43: TRUE | FC43: TRUE | FD43: TRUE | FE43: TRUE | FF43: TRUE | FG43: TRUE | FH43: TRUE | FI43: TRUE | FJ43: TRUE | FK43: TRUE | FL43: TRUE | FM43: TRUE | FN43: TRUE | FO43: TRUE | FP43: TRUE | FQ43: TRUE | FR43: TRUE | FS43: TRUE | FT43: TRUE | FU43: TRUE | FV43: TRUE | FW43: TRUE | FX43: TRUE | FY43: TRUE | FZ43: TRUE | GA43: TRUE | GB43: TRUE | GC43: TRUE | GD43: TRUE | GE43: TRUE | GF43: TRUE | GG43: TRUE | GH43: TRUE | GI43: TRUE | GJ43: TRUE | GK43: TRUE | GL43: TRUE | GM43: TRUE | GN43: TRUE | GO43: TRUE | GP43: TRUE | GQ43: TRUE | GR43: TRUE | GS43: TRUE | GT43: TRUE | GU43: TRUE | GV43: TRUE | GW43: TRUE | GX43: TRUE | GY43: TRUE | GZ43: TRUE | HA43: TRUE | HB43: TRUE | HC43: TRUE | HD43: TRUE | HE43: TRUE | HF43: TRUE | HG43: TRUE | HH43: TRUE | HI43: TRUE | HJ43: TRUE | HK43: TRUE | HL43: TRUE | HM43: TRUE | HN43: TRUE | HO43: TRUE | HP43: TRUE | HQ43: TRUE | HR43: TRUE | HS43: TRUE | HT43: TRUE | HU43: TRUE | HV43: TRUE | HW43: TRUE | HX43: TRUE | HY43: TRUE | HZ43: TRUE | IA43: TRUE | IB43: TRUE | IC43: TRUE | ID43: TRUE | IE43: TRUE | IF43: TRUE | IG43: TRUE | IH43: TRUE | II43: TRUE | IJ43: TRUE | IK43: TRUE | IL43: TRUE | IM43: TRUE | IN43: TRUE | IO43: TRUE | IP43: TRUE | IQ43: TRUE | IR43: TRUE | IS43: TRUE | IT43: TRUE | IU43: TRUE | IV43: TRUE | IW43: TRUE | IX43: TRUE | IY43: TRUE | IZ43: TRUE | JA43: TRUE | JB43: TRUE | JC43: TRUE | JD43: TRUE | JE43: TRUE | JF43: TRUE | JG43: TRUE | JH43: TRUE | JI43: TRUE | JJ43: TRUE | JK43: TRUE | JL43: TRUE | JM43: TRUE | JN43: TRUE | JO43: TRUE | JP43: TRUE | JQ43: TRUE | JR43: TRUE | JS43: TRUE | JT43: TRUE | JU43: TRUE | JV43: TRUE | JW43: TRUE | JX43: TRUE | JY43: TRUE | JZ43: TRUE | KA43: TRUE | KB43: TRUE | KC43: TRUE | KD43: TRUE | KE43: TRUE | KF43: TRUE | KG43: TRUE | KH43: TRUE | KI43: TRUE | KJ43: TRUE | KK43: TRUE | KL43: TRUE | KM43: TRUE | KN43: TRUE | KO43: TRUE
A44: Fuzzy | B44: TRUE | C44: TRUE | D44: TRUE | E44: TRUE | F44: TRUE | G44: TRUE | H44: TRUE | I44: TRUE | J44: TRUE | K44: TRUE | L44: TRUE | M44: TRUE | N44: TRUE | O44: TRUE | P44: TRUE | Q44: TRUE | R44: TRUE | S44: TRUE | T44: TRUE | U44: TRUE | V44: FALSE | W44: TRUE | X44: TRUE | Y44: TRUE | Z44: TRUE | AA44: TRUE | AB44: TRUE | AC44: TRUE | AD44: TRUE | AE44: TRUE | AF44: TRUE | AG44: TRUE | AH44: FALSE | AI44: TRUE | AJ44: TRUE | AK44: TRUE | AL44: TRUE | AM44: TRUE | AN44: FALSE | AO44: FALSE | AP44: TRUE | AQ44: TRUE | AR44: TRUE | AS44: TRUE | AT44: TRUE | AU44: TRUE | AV44: TRUE | AW44: TRUE | AX44: TRUE | AY44: TRUE | AZ44: TRUE | BA44: TRUE | BB44: TRUE | BC44: TRUE | BD44: TRUE | BE44: TRUE | BF44: TRUE | BG44: FALSE | BH44: TRUE | BI44: FALSE | BJ44: TRUE | BK44: TRUE | BL44: TRUE | BM44: TRUE | BN44: TRUE | BO44: FALSE | BP44: TRUE | BQ44: TRUE | BR44: TRUE | BS44: TRUE | BT44: TRUE | BU44: TRUE | BV44: TRUE | BW44: TRUE | BX44: TRUE | BY44: FALSE | BZ44: TRUE | CA44: TRUE | CB44: TRUE | CC44: TRUE | CD44: TRUE | CE44: TRUE | CF44: TRUE | CG44: TRUE | CH44: TRUE | CI44: TRUE | CJ44: TRUE | CK44: TRUE | CL44: TRUE | CM44: TRUE | CN44: TRUE | CO44: FALSE | CP44: TRUE | CQ44: TRUE | CR44: TRUE | CS44: TRUE | CT44: TRUE | CU44: TRUE | CV44: TRUE | CW44: TRUE | CX44: TRUE | CY44: FALSE | CZ44: TRUE | DA44: TRUE | DB44: TRUE | DC44: TRUE | DD44: TRUE | DE44: TRUE | DF44: TRUE | DG44: TRUE | DH44: TRUE | DI44: TRUE | DJ44: TRUE | DK44: TRUE | DL44: TRUE | DM44: TRUE | DN44: TRUE | DO44: TRUE | DP44: TRUE | DQ44: TRUE | DR44: TRUE | DS44: TRUE | DT44: TRUE | DU44: TRUE | DV44: TRUE | DW44: TRUE | DX44: FALSE | DY44: FALSE | DZ44: FALSE | EA44: TRUE | EB44: TRUE | EC44: TRUE | ED44: TRUE | EE44: TRUE | EF44: TRUE | EG44: FALSE | EH44: TRUE | EI44: TRUE | EJ44: TRUE | EK44: FALSE | EL44: TRUE | EM44: TRUE | EN44: TRUE | EO44: TRUE | EP44: TRUE | EQ44: TRUE | ER44: TRUE | ES44: FALSE | ET44: TRUE | EU44: TRUE | EV44: TRUE | EW44: TRUE | EX44: TRUE | EY44: TRUE | EZ44: TRUE | FA44: TRUE | FB44: FALSE | FC44: TRUE | FD44: TRUE | FE44: TRUE | FF44: TRUE | FG44: TRUE | FH44: TRUE | FI44: TRUE | FJ44: FALSE | FK44: TRUE | FL44: TRUE | FM44: TRUE | FN44: TRUE | FO44: TRUE | FP44: TRUE | FQ44: TRUE | FR44: TRUE | FS44: TRUE | FT44: FALSE | FU44: TRUE | FV44: TRUE | FW44: TRUE | FX44: TRUE | FY44: TRUE | FZ44: TRUE | GA44: TRUE | GB44: TRUE | GC44: TRUE | GD44: TRUE | GE44: TRUE | GF44: TRUE | GG44: TRUE | GH44: TRUE | GI44: TRUE | GJ44: TRUE | GK44: TRUE | GL44: TRUE | GM44: TRUE | GN44: TRUE | GO44: FALSE | GP44: TRUE | GQ44: TRUE | GR44: FALSE | GS44: FALSE | GT44: TRUE | GU44: TRUE | GV44: TRUE | GW44: FALSE | GX44: TRUE | GY44: FALSE | GZ44: TRUE | HA44: TRUE | HB44: TRUE | HC44: FALSE | HD44: TRUE | HE44: TRUE | HF44: TRUE | HG44: TRUE | HH44: TRUE | HI44: TRUE | HJ44: FALSE | HK44: TRUE | HL44: TRUE | HM44: FALSE | HN44: TRUE | HO44: TRUE | HP44: FALSE | HQ44: TRUE | HR44: FALSE | HS44: TRUE | HT44: TRUE | HU44: TRUE | HV44: TRUE | HW44: TRUE | HX44: FALSE | HY44: TRUE | HZ44: TRUE | IA44: TRUE | IB44: TRUE | IC44: TRUE | ID44: TRUE | IE44: TRUE | IF44: TRUE | IG44: TRUE | IH44: TRUE | II44: TRUE | IJ44: FALSE | IK44: TRUE | IL44: TRUE | IM44: TRUE | IN44: TRUE | IO44: TRUE | IP44: TRUE | IQ44: TRUE | IR44: FALSE | IS44: FALSE | IT44: TRUE | IU44: TRUE | IV44: TRUE | IW44: TRUE | IX44: TRUE | IY44: TRUE | IZ44: TRUE | JA44: TRUE | JB44: TRUE | JC44: TRUE | JD44: TRUE | JE44: TRUE | JF44: TRUE | JG44: TRUE | JH44: TRUE | JI44: TRUE | JJ44: TRUE | JK44: FALSE | JL44: TRUE | JM44: TRUE | JN44: FALSE | JO44: TRUE | JP44: TRUE | JQ44: TRUE | JR44: TRUE | JS44: TRUE | JT44: TRUE | JU44: TRUE | JV44: TRUE | JW44: TRUE | JX44: TRUE | JY44: FALSE | JZ44: TRUE | KA44: TRUE | KB44: FALSE | KC44: TRUE | KD44: TRUE | KE44: TRUE | KF44: TRUE | KG44: FALSE | KH44: TRUE | KI44: TRUE | KJ44: TRUE | KK44: TRUE | KL44: TRUE | KM44: TRUE | KN44: TRUE | KO44: TRUE
A45: NSGA3 | B45: TRUE | C45: FALSE | D45: TRUE | E45: TRUE | F45: TRUE | G45: TRUE | H45: TRUE | I45: TRUE | J45: TRUE | K45: TRUE | L45: TRUE | M45: TRUE | N45: FALSE | O45: TRUE | P45: TRUE | Q45: TRUE | R45: TRUE | S45: TRUE | T45: FALSE | U45: TRUE | V45: TRUE | W45: TRUE | X45: TRUE | Y45: TRUE | Z45: TRUE | AA45: TRUE | AB45: TRUE | AC45: FALSE | AD45: TRUE | AE45: FALSE | AF45: FALSE | AG45: TRUE | AH45: TRUE | AI45: TRUE | AJ45: TRUE | AK45: TRUE | AL45: TRUE | AM45: TRUE | AN45: TRUE | AO45: TRUE | AP45: TRUE | AQ45: TRUE | AR45: FALSE | AS45: TRUE | AT45: TRUE | AU45: TRUE | AV45: TRUE | AW45: TRUE | AX45: FALSE | AY45: TRUE | AZ45: TRUE | BA45: FALSE | BB45: TRUE | BC45: TRUE | BD45: FALSE | BE45: TRUE | BF45: TRUE | BG45: TRUE | BH45: TRUE | BI45: TRUE | BJ45: TRUE | BK45: TRUE | BL45: TRUE | BM45: TRUE | BN45: TRUE | BO45: FALSE | BP45: TRUE | BQ45: TRUE | BR45: TRUE | BS45: FALSE | BT45: FALSE | BU45: TRUE | BV45: TRUE | BW45: FALSE | BX45: TRUE | BY45: TRUE | BZ45: TRUE | CA45: TRUE | CB45: TRUE | CC45: TRUE | CD45: TRUE | CE45: TRUE | CF45: TRUE | CG45: TRUE | CH45: FALSE | CI45: FALSE | CJ45: TRUE | CK45: TRUE | CL45: FALSE | CM45: FALSE | CN45: TRUE | CO45: TRUE | CP45: TRUE | CQ45: TRUE | CR45: TRUE | CS45: TRUE | CT45: TRUE | CU45: FALSE | CV45: TRUE | CW45: TRUE | CX45: TRUE | CY45: FALSE | CZ45: TRUE | DA45: TRUE | DB45: TRUE | DC45: TRUE | DD45: TRUE | DE45: FALSE | DF45: FALSE | DG45: FALSE | DH45: TRUE | DI45: TRUE | DJ45: TRUE | DK45: TRUE | DL45: TRUE | DM45: TRUE | DN45: TRUE | DO45: TRUE | DP45: TRUE | DQ45: FALSE | DR45: TRUE | DS45: TRUE | DT45: TRUE | DU45: TRUE | DV45: TRUE | DW45: TRUE | DX45: TRUE | DY45: TRUE | DZ45: FALSE | EA45: TRUE | EB45: TRUE | EC45: TRUE | ED45: TRUE | EE45: FALSE | EF45: FALSE | EG45: FALSE | EH45: TRUE | EI45: TRUE | EJ45: TRUE | EK45: TRUE | EL45: TRUE | EM45: TRUE | EN45: TRUE | EO45: TRUE | EP45: TRUE | EQ45: TRUE | ER45: TRUE | ES45: FALSE | ET45: TRUE | EU45: TRUE | EV45: TRUE | EW45: TRUE | EX45: TRUE | EY45: TRUE | EZ45: TRUE | FA45: TRUE | FB45: TRUE | FC45: TRUE | FD45: TRUE | FE45: FALSE | FF45: FALSE | FG45: TRUE | FH45: TRUE | FI45: TRUE | FJ45: FALSE | FK45: TRUE | FL45: TRUE | FM45: TRUE | FN45: TRUE | FO45: TRUE | FP45: TRUE | FQ45: FALSE | FR45: TRUE | FS45: TRUE | FT45: TRUE | FU45: TRUE | FV45: TRUE | FW45: TRUE | FX45: TRUE | FY45: FALSE | FZ45: TRUE | GA45: TRUE | GB45: TRUE | GC45: FALSE | GD45: TRUE | GE45: TRUE | GF45: TRUE | GG45: TRUE | GH45: TRUE | GI45: TRUE | GJ45: TRUE | GK45: TRUE | GL45: TRUE | GM45: FALSE | GN45: TRUE | GO45: TRUE | GP45: TRUE | GQ45: TRUE | GR45: TRUE | GS45: TRUE | GT45: TRUE | GU45: FALSE | GV45: TRUE | GW45: TRUE | GX45: FALSE | GY45: TRUE | GZ45: TRUE | HA45: TRUE | HB45: TRUE | HC45: TRUE | HD45: TRUE | HE45: TRUE | HF45: TRUE | HG45: TRUE | HH45: TRUE | HI45: FALSE | HJ45: TRUE | HK45: FALSE | HL45: TRUE | HM45: FALSE | HN45: FALSE | HO45: TRUE | HP45: TRUE | HQ45: TRUE | HR45: TRUE | HS45: FALSE | HT45: TRUE | HU45: TRUE | HV45: TRUE | HW45: TRUE | HX45: FALSE | HY45: TRUE | HZ45: TRUE | IA45: TRUE | IB45: TRUE | IC45: TRUE | ID45: TRUE | IE45: TRUE | IF45: TRUE | IG45: TRUE | IH45: TRUE | II45: TRUE | IJ45: TRUE | IK45: TRUE | IL45: TRUE | IM45: TRUE | IN45: TRUE | IO45: TRUE | IP45: TRUE | IQ45: FALSE | IR45: TRUE | IS45: TRUE | IT45: TRUE | IU45: TRUE | IV45: TRUE | IW45: FALSE | IX45: FALSE | IY45: TRUE | IZ45: TRUE | JA45: TRUE | JB45: TRUE | JC45: TRUE | JD45: TRUE | JE45: FALSE | JF45: TRUE | JG45: TRUE | JH45: TRUE | JI45: TRUE | JJ45: TRUE | JK45: TRUE | JL45: FALSE | JM45: TRUE | JN45: FALSE | JO45: TRUE | JP45: TRUE | JQ45: TRUE | JR45: TRUE | JS45: TRUE | JT45: TRUE | JU45: TRUE | JV45: TRUE | JW45: TRUE | JX45: TRUE | JY45: TRUE | JZ45: TRUE | KA45: FALSE | KB45: TRUE | KC45: TRUE | KD45: TRUE | KE45: TRUE | KF45: TRUE | KG45: TRUE | KH45: TRUE | KI45: TRUE | KJ45: TRUE | KK45: TRUE | KL45: TRUE | KM45: TRUE | KN45: TRUE | KO45: TRUE
A46: MQGA | B46: TRUE | C46: TRUE | D46: TRUE | E46: TRUE | F46: TRUE | G46: TRUE | H46: TRUE | I46: TRUE | J46: TRUE | K46: TRUE | L46: TRUE | M46: TRUE | N46: TRUE | O46: TRUE | P46: TRUE | Q46: TRUE | R46: TRUE | S46: TRUE | T46: TRUE | U46: TRUE | V46: TRUE | W46: TRUE | X46: TRUE | Y46: TRUE | Z46: TRUE | AA46: TRUE | AB46: TRUE | AC46: TRUE | AD46: TRUE | AE46: TRUE | AF46: TRUE | AG46: TRUE | AH46: TRUE | AI46: TRUE | AJ46: TRUE | AK46: TRUE | AL46: TRUE | AM46: TRUE | AN46: TRUE | AO46: TRUE | AP46: TRUE | AQ46: TRUE | AR46: TRUE | AS46: TRUE | AT46: TRUE | AU46: TRUE | AV46: TRUE | AW46: TRUE | AX46: TRUE | AY46: TRUE | AZ46: TRUE | BA46: TRUE | BB46: TRUE | BC46: TRUE | BD46: TRUE | BE46: TRUE | BF46: TRUE | BG46: TRUE | BH46: TRUE | BI46: TRUE | BJ46: TRUE | BK46: TRUE | BL46: TRUE | BM46: TRUE | BN46: TRUE | BO46: TRUE | BP46: TRUE | BQ46: TRUE | BR46: TRUE | BS46: TRUE | BT46: TRUE | BU46: TRUE | BV46: TRUE | BW46: TRUE | BX46: TRUE | BY46: TRUE | BZ46: TRUE | CA46: TRUE | CB46: TRUE | CC46: TRUE | CD46: TRUE | CE46: TRUE | CF46: TRUE | CG46: TRUE | CH46: TRUE | CI46: TRUE | CJ46: TRUE | CK46: TRUE | CL46: TRUE | CM46: TRUE | CN46: TRUE | CO46: TRUE | CP46: TRUE | CQ46: TRUE | CR46: TRUE | CS46: TRUE | CT46: TRUE | CU46: TRUE | CV46: TRUE | CW46: TRUE | CX46: TRUE | CY46: TRUE | CZ46: TRUE | DA46: TRUE | DB46: TRUE | DC46: TRUE | DD46: TRUE | DE46: TRUE | DF46: TRUE | DG46: TRUE | DH46: TRUE | DI46: TRUE | DJ46: TRUE | DK46: TRUE | DL46: TRUE | DM46: TRUE | DN46: TRUE | DO46: TRUE | DP46: TRUE | DQ46: TRUE | DR46: TRUE | DS46: TRUE | DT46: TRUE | DU46: TRUE | DV46: TRUE | DW46: TRUE | DX46: TRUE | DY46: TRUE | DZ46: TRUE | EA46: TRUE | EB46: TRUE | EC46: TRUE | ED46: TRUE | EE46: TRUE | EF46: TRUE | EG46: TRUE | EH46: TRUE | EI46: TRUE | EJ46: TRUE | EK46: TRUE | EL46: TRUE | EM46: TRUE | EN46: TRUE | EO46: TRUE | EP46: TRUE | EQ46: TRUE | ER46: TRUE | ES46: TRUE | ET46: TRUE | EU46: TRUE | EV46: TRUE | EW46: TRUE | EX46: TRUE | EY46: TRUE | EZ46: TRUE | FA46: TRUE | FB46: TRUE | FC46: TRUE | FD46: TRUE | FE46: TRUE | FF46: TRUE | FG46: TRUE | FH46: TRUE | FI46: TRUE | FJ46: TRUE | FK46: TRUE | FL46: TRUE | FM46: TRUE | FN46: TRUE | FO46: TRUE | FP46: TRUE | FQ46: TRUE | FR46: TRUE | FS46: TRUE | FT46: TRUE | FU46: TRUE | FV46: TRUE | FW46: TRUE | FX46: TRUE | FY46: TRUE | FZ46: TRUE | GA46: TRUE | GB46: TRUE | GC46: TRUE | GD46: TRUE | GE46: TRUE | GF46: TRUE | GG46: TRUE | GH46: TRUE | GI46: TRUE | GJ46: TRUE | GK46: TRUE | GL46: TRUE | GM46: TRUE | GN46: TRUE | GO46: TRUE | GP46: TRUE | GQ46: TRUE | GR46: TRUE | GS46: TRUE | GT46: TRUE | GU46: TRUE | GV46: TRUE | GW46: TRUE | GX46: TRUE | GY46: TRUE | GZ46: TRUE | HA46: TRUE | HB46: TRUE | HC46: TRUE | HD46: TRUE | HE46: TRUE | HF46: TRUE | HG46: TRUE | HH46: TRUE | HI46: TRUE | HJ46: TRUE | HK46: TRUE | HL46: TRUE | HM46: TRUE | HN46: TRUE | HO46: TRUE | HP46: TRUE | HQ46: TRUE | HR46: TRUE | HS46: TRUE | HT46: TRUE | HU46: TRUE | HV46: TRUE | HW46: TRUE | HX46: TRUE | HY46: TRUE | HZ46: TRUE | IA46: TRUE | IB46: TRUE | IC46: TRUE | ID46: TRUE | IE46: TRUE | IF46: TRUE | IG46: TRUE | IH46: TRUE | II46: TRUE | IJ46: TRUE | IK46: TRUE | IL46: TRUE | IM46: TRUE | IN46: TRUE | IO46: TRUE | IP46: TRUE | IQ46: TRUE | IR46: TRUE | IS46: TRUE | IT46: TRUE | IU46: TRUE | IV46: TRUE | IW46: TRUE | IX46: TRUE | IY46: TRUE | IZ46: TRUE | JA46: TRUE | JB46: TRUE | JC46: TRUE | JD46: TRUE | JE46: TRUE | JF46: TRUE | JG46: TRUE | JH46: TRUE | JI46: TRUE | JJ46: TRUE | JK46: TRUE | JL46: TRUE | JM46: TRUE | JN46: TRUE | JO46: TRUE | JP46: TRUE | JQ46: TRUE | JR46: TRUE | JS46: TRUE | JT46: TRUE | JU46: TRUE | JV46: TRUE | JW46: TRUE | JX46: TRUE | JY46: TRUE | JZ46: TRUE | KA46: TRUE | KB46: TRUE | KC46: TRUE | KD46: TRUE | KE46: TRUE | KF46: TRUE | KG46: TRUE | KH46: TRUE | KI46: TRUE | KJ46: TRUE | KK46: TRUE | KL46: TRUE | KM46: TRUE | KN46: TRUE | KO46: TRUE
A47: Greedy | B47: TRUE | C47: FALSE | D47: TRUE | E47: TRUE | F47: TRUE | G47: TRUE | H47: TRUE | I47: TRUE | J47: TRUE | K47: TRUE | L47: TRUE | M47: TRUE | N47: FALSE | O47: TRUE | P47: TRUE | Q47: TRUE | R47: TRUE | S47: TRUE | T47: TRUE | U47: TRUE | V47: TRUE | W47: TRUE | X47: TRUE | Y47: TRUE | Z47: TRUE | AA47: TRUE | AB47: TRUE | AC47: TRUE | AD47: TRUE | AE47: TRUE | AF47: TRUE | AG47: TRUE | AH47: TRUE | AI47: TRUE | AJ47: TRUE | AK47: TRUE | AL47: TRUE | AM47: TRUE | AN47: TRUE | AO47: FALSE | AP47: TRUE | AQ47: TRUE | AR47: FALSE | AS47: TRUE | AT47: TRUE | AU47: TRUE | AV47: TRUE | AW47: TRUE | AX47: TRUE | AY47: TRUE | AZ47: TRUE | BA47: TRUE | BB47: TRUE | BC47: TRUE | BD47: TRUE | BE47: TRUE | BF47: FALSE | BG47: TRUE | BH47: TRUE | BI47: TRUE | BJ47: TRUE | BK47: TRUE | BL47: TRUE | BM47: TRUE | BN47: TRUE | BO47: TRUE | BP47: TRUE | BQ47: TRUE | BR47: TRUE | BS47: TRUE | BT47: TRUE | BU47: FALSE | BV47: TRUE | BW47: FALSE | BX47: TRUE | BY47: TRUE | BZ47: TRUE | CA47: TRUE | CB47: TRUE | CC47: TRUE | CD47: TRUE | CE47: TRUE | CF47: TRUE | CG47: TRUE | CH47: TRUE | CI47: TRUE | CJ47: TRUE | CK47: TRUE | CL47: TRUE | CM47: TRUE | CN47: TRUE | CO47: TRUE | CP47: TRUE | CQ47: FALSE | CR47: TRUE | CS47: TRUE | CT47: FALSE | CU47: TRUE | CV47: TRUE | CW47: TRUE | CX47: FALSE | CY47: TRUE | CZ47: TRUE | DA47: TRUE | DB47: TRUE | DC47: TRUE | DD47: TRUE | DE47: TRUE | DF47: FALSE | DG47: TRUE | DH47: TRUE | DI47: TRUE | DJ47: TRUE | DK47: TRUE | DL47: TRUE | DM47: FALSE | DN47: TRUE | DO47: TRUE | DP47: TRUE | DQ47: FALSE | DR47: TRUE | DS47: TRUE | DT47: TRUE | DU47: TRUE | DV47: TRUE | DW47: TRUE | DX47: TRUE | DY47: TRUE | DZ47: TRUE | EA47: TRUE | EB47: TRUE | EC47: TRUE | ED47: FALSE | EE47: TRUE | EF47: TRUE | EG47: TRUE | EH47: TRUE | EI47: TRUE | EJ47: TRUE | EK47: FALSE | EL47: TRUE | EM47: TRUE | EN47: TRUE | EO47: TRUE | EP47: TRUE | EQ47: TRUE | ER47: TRUE | ES47: FALSE | ET47: TRUE | EU47: TRUE | EV47: TRUE | EW47: TRUE | EX47: TRUE | EY47: TRUE | EZ47: TRUE | FA47: TRUE | FB47: TRUE | FC47: TRUE | FD47: TRUE | FE47: TRUE | FF47: TRUE | FG47: TRUE | FH47: TRUE | FI47: TRUE | FJ47: FALSE | FK47: TRUE | FL47: TRUE | FM47: TRUE | FN47: TRUE | FO47: TRUE | FP47: TRUE | FQ47: TRUE | FR47: TRUE | FS47: TRUE | FT47: TRUE | FU47: TRUE | FV47: TRUE | FW47: TRUE | FX47: FALSE | FY47: TRUE | FZ47: TRUE | GA47: TRUE | GB47: TRUE | GC47: TRUE | GD47: TRUE | GE47: TRUE | GF47: TRUE | GG47: TRUE | GH47: TRUE | GI47: TRUE | GJ47: TRUE | GK47: TRUE | GL47: TRUE | GM47: FALSE | GN47: TRUE | GO47: TRUE | GP47: TRUE | GQ47: TRUE | GR47: FALSE | GS47: TRUE | GT47: TRUE | GU47: FALSE | GV47: TRUE | GW47: FALSE | GX47: TRUE | GY47: TRUE | GZ47: TRUE | HA47: TRUE | HB47: TRUE | HC47: TRUE | HD47: TRUE | HE47: TRUE | HF47: TRUE | HG47: TRUE | HH47: TRUE | HI47: FALSE | HJ47: TRUE | HK47: TRUE | HL47: FALSE | HM47: TRUE | HN47: TRUE | HO47: TRUE | HP47: TRUE | HQ47: TRUE | HR47: TRUE | HS47: TRUE | HT47: TRUE | HU47: TRUE | HV47: TRUE | HW47: TRUE | HX47: FALSE | HY47: TRUE | HZ47: TRUE | IA47: TRUE | IB47: TRUE | IC47: TRUE | ID47: TRUE | IE47: TRUE | IF47: TRUE | IG47: TRUE | IH47: TRUE | II47: FALSE | IJ47: FALSE | IK47: TRUE | IL47: TRUE | IM47: TRUE | IN47: TRUE | IO47: TRUE | IP47: TRUE | IQ47: TRUE | IR47: TRUE | IS47: TRUE | IT47: TRUE | IU47: FALSE | IV47: TRUE | IW47: TRUE | IX47: TRUE | IY47: TRUE | IZ47: TRUE | JA47: TRUE | JB47: TRUE | JC47: TRUE | JD47: TRUE | JE47: FALSE | JF47: TRUE | JG47: TRUE | JH47: TRUE | JI47: TRUE | JJ47: TRUE | JK47: TRUE | JL47: FALSE | JM47: TRUE | JN47: TRUE | JO47: TRUE | JP47: TRUE | JQ47: TRUE | JR47: TRUE | JS47: TRUE | JT47: TRUE | JU47: TRUE | JV47: TRUE | JW47: TRUE | JX47: TRUE | JY47: TRUE | JZ47: FALSE | KA47: TRUE | KB47: TRUE | KC47: TRUE | KD47: TRUE | KE47: TRUE | KF47: TRUE | KG47: TRUE | KH47: TRUE | KI47: FALSE | KJ47: TRUE | KK47: TRUE | KL47: TRUE | KM47: TRUE | KN47: TRUE | KO47: TRUE
A48: MOPSO | B48: TRUE | C48: TRUE | D48: TRUE | E48: TRUE | F48: TRUE | G48: TRUE | H48: TRUE | I48: TRUE | J48: TRUE | K48: TRUE | L48: TRUE | M48: TRUE | N48: TRUE | O48: TRUE | P48: TRUE | Q48: TRUE | R48: TRUE | S48: TRUE | T48: TRUE | U48: TRUE | V48: TRUE | W48: TRUE | X48: TRUE | Y48: TRUE | Z48: TRUE | AA48: TRUE | AB48: TRUE | AC48: TRUE | AD48: TRUE | AE48: TRUE | AF48: TRUE | AG48: TRUE | AH48: TRUE | AI48: TRUE | AJ48: TRUE | AK48: TRUE | AL48: TRUE | AM48: TRUE | AN48: TRUE | AO48: FALSE | AP48: FALSE | AQ48: TRUE | AR48: TRUE | AS48: TRUE | AT48: TRUE | AU48: TRUE | AV48: TRUE | AW48: TRUE | AX48: TRUE | AY48: TRUE | AZ48: TRUE | BA48: TRUE | BB48: TRUE | BC48: TRUE | BD48: TRUE | BE48: TRUE | BF48: TRUE | BG48: TRUE | BH48: TRUE | BI48: TRUE | BJ48: TRUE | BK48: TRUE | BL48: TRUE | BM48: TRUE | BN48: TRUE | BO48: TRUE | BP48: TRUE | BQ48: TRUE | BR48: TRUE | BS48: TRUE | BT48: TRUE | BU48: TRUE | BV48: TRUE | BW48: TRUE | BX48: TRUE | BY48: TRUE | BZ48: TRUE | CA48: TRUE | CB48: TRUE | CC48: TRUE | CD48: TRUE | CE48: TRUE | CF48: TRUE | CG48: TRUE | CH48: TRUE | CI48: TRUE | CJ48: TRUE | CK48: TRUE | CL48: TRUE | CM48: TRUE | CN48: TRUE | CO48: TRUE | CP48: TRUE | CQ48: TRUE | CR48: TRUE | CS48: TRUE | CT48: TRUE | CU48: TRUE | CV48: TRUE | CW48: TRUE | CX48: TRUE | CY48: TRUE | CZ48: TRUE | DA48: TRUE | DB48: TRUE | DC48: TRUE | DD48: TRUE | DE48: TRUE | DF48: FALSE | DG48: TRUE | DH48: TRUE | DI48: TRUE | DJ48: TRUE | DK48: TRUE | DL48: TRUE | DM48: TRUE | DN48: TRUE | DO48: TRUE | DP48: TRUE | DQ48: FALSE | DR48: TRUE | DS48: TRUE | DT48: TRUE | DU48: TRUE | DV48: TRUE | DW48: TRUE | DX48: TRUE | DY48: TRUE | DZ48: FALSE | EA48: TRUE | EB48: TRUE | EC48: TRUE | ED48: TRUE | EE48: TRUE | EF48: TRUE | EG48: TRUE | EH48: TRUE | EI48: TRUE | EJ48: TRUE | EK48: TRUE | EL48: TRUE | EM48: TRUE | EN48: TRUE | EO48: TRUE | EP48: TRUE | EQ48: TRUE | ER48: TRUE | ES48: TRUE | ET48: TRUE | EU48: TRUE | EV48: TRUE | EW48: TRUE | EX48: TRUE | EY48: TRUE | EZ48: TRUE | FA48: TRUE | FB48: TRUE | FC48: TRUE | FD48: TRUE | FE48: TRUE | FF48: TRUE | FG48: TRUE | FH48: TRUE | FI48: FALSE | FJ48: FALSE | FK48: TRUE | FL48: TRUE | FM48: TRUE | FN48: TRUE | FO48: TRUE | FP48: TRUE | FQ48: TRUE | FR48: TRUE | FS48: TRUE | FT48: TRUE | FU48: TRUE | FV48: TRUE | FW48: TRUE | FX48: TRUE | FY48: TRUE | FZ48: TRUE | GA48: TRUE | GB48: TRUE | GC48: TRUE | GD48: TRUE | GE48: TRUE | GF48: TRUE | GG48: TRUE | GH48: TRUE | GI48: TRUE | GJ48: TRUE | GK48: TRUE | GL48: TRUE | GM48: FALSE | GN48: TRUE | GO48: TRUE | GP48: TRUE | GQ48: TRUE | GR48: TRUE | GS48: TRUE | GT48: TRUE | GU48: TRUE | GV48: TRUE | GW48: TRUE | GX48: TRUE | GY48: TRUE | GZ48: TRUE | HA48: TRUE | HB48: TRUE | HC48: TRUE | HD48: TRUE | HE48: TRUE | HF48: TRUE | HG48: TRUE | HH48: TRUE | HI48: TRUE | HJ48: TRUE | HK48: TRUE | HL48: TRUE | HM48: TRUE | HN48: TRUE | HO48: TRUE | HP48: TRUE | HQ48: TRUE | HR48: TRUE | HS48: TRUE | HT48: TRUE | HU48: TRUE | HV48: TRUE | HW48: TRUE | HX48: FALSE | HY48: TRUE | HZ48: TRUE | IA48: TRUE | IB48: TRUE | IC48: TRUE | ID48: TRUE | IE48: TRUE | IF48: TRUE | IG48: TRUE | IH48: TRUE | II48: TRUE | IJ48: TRUE | IK48: TRUE | IL48: TRUE | IM48: TRUE | IN48: TRUE | IO48: TRUE | IP48: TRUE | IQ48: TRUE | IR48: TRUE | IS48: FALSE | IT48: TRUE | IU48: TRUE | IV48: TRUE | IW48: TRUE | IX48: TRUE | IY48: TRUE | IZ48: TRUE | JA48: TRUE | JB48: TRUE | JC48: TRUE | JD48: TRUE | JE48: TRUE | JF48: TRUE | JG48: TRUE | JH48: TRUE | JI48: TRUE | JJ48: FALSE | JK48: TRUE | JL48: FALSE | JM48: TRUE | JN48: TRUE | JO48: TRUE | JP48: TRUE | JQ48: TRUE | JR48: TRUE | JS48: TRUE | JT48: TRUE | JU48: TRUE | JV48: TRUE | JW48: TRUE | JX48: TRUE | JY48: TRUE | JZ48: TRUE | KA48: FALSE | KB48: TRUE | KC48: TRUE | KD48: TRUE | KE48: TRUE | KF48: TRUE | KG48: TRUE | KH48: TRUE | KI48: TRUE | KJ48: TRUE | KK48: TRUE | KL48: TRUE | KM48: TRUE | KN48: TRUE | KO48: TRUE

Sheet Load Edge
A1: Algorithm | B1: Load | C1: Average | D1: Min | E1: Max | F1: Std Dev
A2: QUEST | B2: 20 | C2: 3816.277 | D2: 2101.8 | E2: 5456.9 | F2: 598.5653
A3: QUEST | B3: 30 | C3: 6182.766 | D3: 4254.8 | E3: 8081.1 | F3: 749.81421
A4: QUEST | B4: 50 | C4: 11253.781 | D4: 8420.5 | E4: 13817.6 | F4: 1079.8398
A5: Fuzzy | B5: 20 | C5: 4691.74 | D5: 3252.7 | E5: 5752.3 | F5: 514.64214
A6: Fuzzy | B6: 30 | C6: 7016.131 | D6: 5566.8 | E6: 8875.7 | F6: 649.34827
A7: Fuzzy | B7: 50 | C7: 11534.564 | D7: 9863.9 | E7: 13830.9 | F7: 796.83885
A8: NSGA3 | B8: 20 | C8: 4587.498 | D8: 3045.6 | E8: 5945.9 | F8: 634.4266
A9: NSGA3 | B9: 30 | C9: 6940.354 | D9: 5226.7 | E9: 9619.5 | F9: 845.53193
A10: NSGA3 | B10: 50 | C10: 11493.982 | D10: 9322.1 | E10: 14306.5 | F10: 978.49974
A11: MQGA | B11: 20 | C11: 4523.411 | D11: 3061.8 | E11: 5771 | F11: 594.95393
A12: MQGA | B12: 30 | C12: 6831.054 | D12: 4922.7 | E12: 8744.3 | F12: 715.24778
A13: MQGA | B13: 50 | C13: 11512.865 | D13: 9317.3 | E13: 14156.2 | F13: 1076.1531
... A19: MOPSO | B19: 50 | C19: 11500.059 | D19: 7886.8 | E19: 14306.1 | F19: 1104.7485
A22: Summary by Algorithm
A23: QUEST | C23: 7084.2747 | D23: 2101.8 | E23: 13817.6 | F23: 3212.6762
A24: Fuzzy | C24: 7747.4783 | D24: 3252.7 | E24: 13830.9 | F24: 2917.5267
A25: NSGA3 | C25: 7673.9447 | D25: 3045.6 | E25: 14306.5 | F25: 2985.0671
A26: MQGA | C26: 7622.4433 | D26: 3061.8 | E26: 14156.2 | F26: 3021.5523
A27: Greedy | C27: 7582.4373 | D27: 2945.3 | E27: 13025.9 | F27: 2929.7717
A28: MOPSO | C28: 7648.7243 | D28: 2931.3 | E28: 14306.1 | F28: 3021.4516
A31: Average data for chart
A32: Algorithms | B32: 20 | C32: 30 | D32: 50
A33: QUEST | B33: 3816.277 | C33: 6182.766 | D33: 11253.781
A34: Fuzzy | B34: 4691.74 | C34: 7016.131 | D34: 11534.564
A35: NSGA3 | B35: 4587.498 | C35: 6940.354 | D35: 11493.982
A36: MQGA | B36: 4523.411 | C36: 6831.054 | D36: 11512.865
A37: Greedy | B37: 4574.001 | C37: 6840.26 | D37: 11333.051
A38: MOPSO | B38: 4535.521 | C38: 6910.593 | D38: 11500.059
A41: All data for chart
A42: Algorithms | B42: 20 | C42: 20 | D42: 20 | E42: 20 | F42: 20 | G42: 20 | H42: 20 | I42: 20 | J42: 20 | K42: 20 | L42: 20 | M42: 20 | N42: 20 | O42: 20 | P42: 20 | Q42: 20 | R42: 20 | S42: 20 | T42: 20 | U42: 20 | V42: 20 | W42: 20 | X42: 20 | Y42: 20 | Z42: 20 | AA42: 20 | AB42: 20 | AC42: 20 | AD42: 20 | AE42: 20 | AF42: 20 | AG42: 20 | AH42: 20 | AI42: 20 | AJ42: 20 | AK42: 20 | AL42: 20 | AM42: 20 | AN42: 20 | AO42: 20 | AP42: 20 | AQ42: 20 | AR42: 20 | AS42: 20 | AT42: 20 | AU42: 20 | AV42: 20 | AW42: 20 | AX42: 20 | AY42: 20 | AZ42: 20 | BA42: 20 | BB42: 20 | BC42: 20 | BD42: 20 | BE42: 20 | BF42: 20 | BG42: 20 | BH42: 20 | BI42: 20 | BJ42: 20 | BK42: 20 | BL42: 20 | BM42: 20 | BN42: 20 | BO42: 20 | BP42: 20 | BQ42: 20 | BR42: 20 | BS42: 20 | BT42: 20 | BU42: 20 | BV42: 20 | BW42: 20 | BX42: 20 | BY42: 20 | BZ42: 20 | CA42: 20 | CB42: 20 | CC42: 20 | CD42: 20 | CE42: 20 | CF42: 20 | CG42: 20 | CH42: 20 | CI42: 20 | CJ42: 20 | CK42: 20 | CL42: 20 | CM42: 20 | CN42: 20 | CO42: 20 | CP42: 20 | CQ42: 20 | CR42: 20 | CS42: 20 | CT42: 20 | CU42: 20 | CV42: 20 | CW42: 20 | CX42: 30 | CY42: 30 | CZ42: 30 | DA42: 30 | DB42: 30 | DC42: 30 | DD42: 30 | DE42: 30 | DF42: 30 | DG42: 30 | DH42: 30 | DI42: 30 | DJ42: 30 | DK42: 30 | DL42: 30 | DM42: 30 | DN42: 30 | DO42: 30 | DP42: 30 | DQ42: 30 | DR42: 30 | DS42: 30 | DT42: 30 | DU42: 30 | DV42: 30 | DW42: 30 | DX42: 30 | DY42: 30 | DZ42: 30 | EA42: 30 | EB42: 30 | EC42: 30 | ED42: 30 | EE42: 30 | EF42: 30 | EG42: 30 | EH42: 30 | EI42: 30 | EJ42: 30 | EK42: 30 | EL42: 30 | EM42: 30 | EN42: 30 | EO42: 30 | EP42: 30 | EQ42: 30 | ER42: 30 | ES42: 30 | ET42: 30 | EU42: 30 | EV42: 30 | EW42: 30 | EX42: 30 | EY42: 30 | EZ42: 30 | FA42: 30 | FB42: 30 | FC42: 30 | FD42: 30 | FE42: 30 | FF42: 30 | FG42: 30 | FH42: 30 | FI42: 30 | FJ42: 30 | FK42: 30 | FL42: 30 | FM42: 30 | FN42: 30 | FO42: 30 | FP42: 30 | FQ42: 30 | FR42: 30 | FS42: 30 | FT42: 30 | FU42: 30 | FV42: 30 | FW42: 30 | FX42: 30 | FY42: 30 | FZ42: 30 | GA42: 30 | GB42: 30 | GC42: 30 | GD42: 30 | GE42: 30 | GF42: 30 | GG42: 30 | GH42: 30 | GI42: 30 | GJ42: 30 | GK42: 30 | GL42: 30 | GM42: 30 | GN42: 30 | GO42: 30 | GP42: 30 | GQ42: 30 | GR42: 30 | GS42: 30 | GT42: 50 | GU42: 50 | GV42: 50 | GW42: 50 | GX42: 50 | GY42: 50 | GZ42: 50 | HA42: 50 | HB42: 50 | HC42: 50 | HD42: 50 | HE42: 50 | HF42: 50 | HG42: 50 | HH42: 50 | HI42: 50 | HJ42: 50 | HK42: 50 | HL42: 50 | HM42: 50 | HN42: 50 | HO42: 50 | HP42: 50 | HQ42: 50 | HR42: 50 | HS42: 50 | HT42: 50 | HU42: 50 | HV42: 50 | HW42: 50 | HX42: 50 | HY42: 50 | HZ42: 50 | IA42: 50 | IB42: 50 | IC42: 50 | ID42: 50 | IE42: 50 | IF42: 50 | IG42: 50 | IH42: 50 | II42: 50 | IJ42: 50 | IK42: 50 | IL42: 50 | IM42: 50 | IN42: 50 | IO42: 50 | IP42: 50 | IQ42: 50 | IR42: 50 | IS42: 50 | IT42: 50 | IU42: 50 | IV42: 50 | IW42: 50 | IX42: 50 | IY42: 50 | IZ42: 50 | JA42: 50 | JB42: 50 | JC42: 50 | JD42: 50 | JE42: 50 | JF42: 50 | JG42: 50 | JH42: 50 | JI42: 50 | JJ42: 50 | JK42: 50 | JL42: 50 | JM42: 50 | JN42: 50 | JO42: 50 | JP42: 50 | JQ42: 50 | JR42: 50 | JS42: 50 | JT42: 50 | JU42: 50 | JV42: 50 | JW42: 50 | JX42: 50 | JY42: 50 | JZ42: 50 | KA42: 50 | KB42: 50 | KC42: 50 | KD42: 50 | KE42: 50 | KF42: 50 | KG42: 50 | KH42: 50 | KI42: 50 | KJ42: 50 | KK42: 50 | KL42: 50 | KM42: 50 | KN42: 50 | KO42: 50
A43: QUEST | B43: 3643.8 | C43: 4597.9 | D43: 3773.2 | E43: 4017.6 | F43: 5456.9 | G43: 3697.4 | H43: 3138.5 | I43: 3051.1 | J43: 4333.6 | K43: 4045.7 | L43: 2832.4 | M43: 3643 | N43: 3932.4 | O43: 3617.5 | P43: 4067.8 | Q43: 3849 | R43: 3921.6 | S43: 2889.8 | T43: 3454.8 | U43: 3605.2 | V43: 4071.2 | W43: 2661.2 | X43: 4564.3 | Y43: 3278 | Z43: 3665.1 | AA43: 3556.3 | AB43: 4870.3 | AC43: 3988.4 | AD43: 4176.2 | AE43: 2101.8 | AF43: 4580.8 | AG43: 3718.5 | AH43: 4651.9 | AI43: 3794 | AJ43: 3108.7 | AK43: 3921.9 | AL43: 3312.6 | AM43: 4242.8 | AN43: 3622.5 | AO43: 4917.4 | AP43: 4146.2 | AQ43: 3282 | AR43: 3222.7 | AS43: 3428.9 | AT43: 4470.9 | AU43: 3846.4 | AV43: 3805.9 | AW43: 3082.7 | AX43: 3657.8 | AY43: 4597.6 | AZ43: 3430.1 | BA43: 3651.2 | BB43: 3789.9 | BC43: 4841 | BD43: 5140.5 | BE43: 2967.2 | BF43: 3572.3 | BG43: 3190.8 | BH43: 3150.7 | BI43: 4121.2 | BJ43: 3355.7 | BK43: 3667.4 | BL43: 3119 | BM43: 2567.6 | BN43: 3592.8 | BO43: 4339.2 | BP43: 3396.9 | BQ43: 4223 | BR43: 3217.6 | BS43: 3998.6 | BT43: 3714.6 | BU43: 3141.7 | BV43: 3376.5 | BW43: 4234.5 | BX43: 4676.7 | BY43: 4393.9 | BZ43: 3552 | CA43: 4587.2 | CB43: 3479.3 | CC43: 3388.8 | CD43: 3920 | CE43: 3468.9 | CF43: 4567 | CG43: 3054 | CH43: 4574.2 | CI43: 4201 | CJ43: 4789.8 | CK43: 3231.7 | CL43: 4172.4 | CM43: 4487.5 | CN43: 3504.1 | CO43: 3877.7 | CP43: 4409.9 | CQ43: 4107.5 | CR43: 3846.1 | CS43: 4238.3 | CT43: 3310.7 | CU43: 4609.2 | CV43: 3703.5 | CW43: 3762.1 | CX43: 6919 | CY43: 6500.2 | CZ43: 5090.2 | DA43: 6956.8 | DB43: 5801 | DC43: 5241.5 | DD43: 5774.9 | DE43: 7316.5 | DF43: 7070.8 | DG43: 5821.6 | DH43: 6798.2 | DI43: 7036.9 | DJ43: 6225.6 | DK43: 6836.3 | DL43: 6814.9 | DM43: 5159 | DN43: 7081.8 | DO43: 6757.9 | DP43: 4254.8 | DQ43: 7270 | DR43: 6305.1 | DS43: 6108.3 | DT43: 6390.5 | DU43: 6813.5 | DV43: 6343.5 | DW43: 6748.4 | DX43: 8081.1 | DY43: 6678.9 | DZ43: 7341.1 | EA43: 6503.3 | EB43: 5145.7 | EC43: 5662 | ED43: 6761.8 | EE43: 6064.1 | EF43: 6424.8 | EG43: 7181.9 | EH43: 5937 | EI43: 6583.1 | EJ43: 4708.8 | EK43: 6889.2 | EL43: 6643 | EM43: 5439.8 | EN43: 5894.2 | EO43: 6694.9 | EP43: 6938.1 | EQ43: 4671 | ER43: 5225.4 | ES43: 7094.1 | ET43: 6747.6 | EU43: 5753.8 | EV43: 5877.5 | EW43: 6361.5 | EX43: 4678.7 | EY43: 6222.2 | EZ43: 6458.4 | FA43: 6455.7 | FB43: 6782.3 | FC43: 7602 | FD43: 5648.1 | FE43: 5729.7 | FF43: 6105.2 | FG43: 6293.5 | FH43: 6513.6 | FI43: 6356.2 | FJ43: 5475.1 | FK43: 6597 | FL43: 5726.5 | FM43: 6492.1 | FN43: 6670.1 | FO43: 5877.1 | FP43: 5719.6 | FQ43: 5648.6 | FR43: 6225.5 | FS43: 5159.1 | FT43: 6855.1 | FU43: 6091.8 | FV43: 4508.2 | FW43: 6252.5 | FX43: 6637.5 | FY43: 6328.7 | FZ43: 5494.1 | GA43: 6373 | GB43: 6472.9 | GC43: 5221.9 | GD43: 6340.3 | GE43: 6072.5 | GF43: 4809.6 | GG43: 6547.9 | GH43: 5447 | GI43: 5247.3 | GJ43: 6467.9 | GK43: 5650.1 | GL43: 6585.8 | GM43: 7480.8 | GN43: 5895.4 | GO43: 5661.1 | GP43: 4772.1 | GQ43: 6681.8 | GR43: 6313.3 | GS43: 4890.8 | GT43: 11077.6 | GU43: 9434.5 | GV43: 13171.7 | GW43: 12107.5 | GX43: 12150.2 | GY43: 11095.7 | GZ43: 9597.4 | HA43: 10996.6 | HB43: 10783.1 | HC43: 11282.8 | HD43: 11474 | HE43: 11493.3 | HF43: 11711.2 | HG43: 10431.6 | HH43: 11233.1 | HI43: 11845.7 | HJ43: 10902.2 | HK43: 11791.7 | HL43: 13042.8 | HM43: 12017.7 | HN43: 11343 | HO43: 10225 | HP43: 13507.6 | HQ43: 10771.8 | HR43: 11868.9 | HS43: 10245.1 | HT43: 12453.6 | HU43: 11614.5 | HV43: 11642.2 | HW43: 10318.1 | HX43: 11895.7 | HY43: 11133.3 | HZ43: 9738.5 | IA43: 9733.3 | IB43: 11637.7 | IC43: 9372.7 | ID43: 10763.7 | IE43: 13290.2 | IF43: 11596 | IG43: 9528.4 | IH43: 10411.9 | II43: 12436.2 | IJ43: 11436.1 | IK43: 9868.7 | IL43: 10916.4 | IM43: 10999.3 | IN43: 10282.6 | IO43: 13627.9 | IP43: 11422.2 | IQ43: 12187.7 | IR43: 11801.7 | IS43: 12699.8 | IT43: 10898.9 | IU43: 10431.7 | IV43: 9293.3 | IW43: 13817.6 | IX43: 11146 | IY43: 11402.2 | IZ43: 11710.8 | JA43: 11347.7 | JB43: 10242.2 | JC43: 8420.5 | JD43: 12400.7 | JE43: 10959.4 | JF43: 10547.2 | JG43: 9188.5 | JH43: 10878 | JI43: 9605 | JJ43: 11790.2 | JK43: 10614.5 | JL43: 12336.6 | JM43: 11655.1 | JN43: 11629.5 | JO43: 11220.1 | JP43: 11727.2 | JQ43: 13034.5 | JR43: 10995.7 | JS43: 12642.2 | JT43: 12061 | JU43: 10443.3 | JV43: 10035.1 | JW43: 10813.5 | JX43: 12259.4 | JY43: 11969.3 | JZ43: 13470.8 | KA43: 10905.6 | KB43: 11099.6 | KC43: 10298.5 | KD43: 11652.7 | KE43: 11952.8 | KF43: 10142 | KG43: 11780 | KH43: 9633 | KI43: 11947 | KJ43: 11875.3 | KK43: 12250.6 | KL43: 9518.4 | KM43: 11859.5 | KN43: 10775.9 | KO43: 10289.3
A44: Fuzzy | B44: 4501.4 | C44: 5291.1 | D44: 4900.3 | E44: 4995.1 | F44: 5305.5 | G44: 4531.2 | H44: 4312 | I44: 3818.6 | J44: 4571.8 | K44: 4543.8 | L44: 4107.2 | M44: 4390.7 | N44: 5190.8 | O44: 4704.1 | P44: 4723 | Q44: 4225.5 | R44: 4958.5 | S44: 4228.2 | T44: 4071.7 | U44: 4619.4 | V44: 4155.8 | W44: 3918.8 | X44: 5425.6 | Y44: 4340.9 | Z44: 4219.5 | AA44: 4488.1 | AB44: 5299 | AC44: 5117.2 | AD44: 4921.1 | AE44: 3252.7 | AF44: 5493.5 | AG44: 4639.2 | AH44: 5342.2 | AI44: 5317.1 | AJ44: 4791.9 | AK44: 5003 | AL44: 4740.3 | AM44: 5120.4 | AN44: 4513.9 | AO44: 5752.3 | AP44: 5269.3 | AQ44: 4724.9 | AR44: 3968.7 | AS44: 3997.5 | AT44: 4755.3 | AU44: 4226.2 | AV44: 4226.3 | AW44: 4609.5 | AX44: 4845.4 | AY44: 5678.1 | AZ44: 4233.5 | BA44: 4819.4 | BB44: 5022.9 | BC44: 5010.2 | BD44: 5418.8 | BE44: 4030.9 | BF44: 4643.6 | BG44: 4854 | BH44: 4423.3 | BI44: 4339.1 | BJ44: 4624.6 | BK44: 4762.8 | BL44: 4537 | BM44: 3476.2 | BN44: 5172.4 | BO44: 5739.5 | BP44: 3750.4 | BQ44: 5006.5 | BR44: 3523.6 | BS44: 4739 | BT44: 5503.8 | BU44: 3876.6 | BV44: 4433 | BW44: 4680.5 | BX44: 5384.8 | BY44: 4931.6 | BZ44: 4269.9 | CA44: 5467.5 | CB44: 4483 | CC44: 4420.3 | CD44: 4516 | CE44: 3893 | CF44: 4970.9 | CG44: 4365.9 | CH44: 5015.8 | CI44: 4910.6 | CJ44: 4911 | CK44: 4190.7 | CL44: 5122 | CM44: 5096.5 | CN44: 4945.5 | CO44: 5034.4 | CP44: 5307.2 | CQ44: 5103.1 | CR44: 4718.3 | CS44: 5304 | CT44: 4034.3 | CU44: 4684.8 | CV44: 4559.4 | CW44: 4768.3 | CX44: 7170 | CY44: 6520.4 | CZ44: 6283.3 | DA44: 7020.8 | DB44: 6691.4 | DC44: 5901.7 | DD44: 6722.3 | DE44: 7242.3 | DF44: 7432 | DG44: 6490.8 | DH44: 6937.2 | DI44: 6859.6 | DJ44: 7053.4 | DK44: 7833 | DL44: 7071.6 | DM44: 6781.1 | DN44: 8745.1 | DO44: 7660.2 | DP44: 5566.8 | DQ44: 7559.2 | DR44: 6526.3 | DS44: 7204.4 | DT44: 7194.3 | DU44: 7559.4 | DV44: 7550.6 | DW44: 6994.6 | DX44: 8727.3 | DY44: 8234.3 | DZ44: 8875.7 | EA44: 7813.4 | EB44: 6335.2 | EC44: 6524.8 | ED44: 7614.7 | EE44: 7032 | EF44: 7167.1 | EG44: 8076.1 | EH44: 6493.7 | EI44: 6708 | EJ44: 6148.8 | EK44: 7703.8 | EL44: 7764.4 | EM44: 6172.1 | EN44: 7048.6 | EO44: 7410.5 | EP44: 7353.2 | EQ44: 5738.7 | ER44: 6526 | ES44: 7336.9 | ET44: 7807.4 | EU44: 6577.4 | EV44: 6505.2 | EW44: 7380 | EX44: 6957.4 | EY44: 7837.9 | EZ44: 7542.6 | FA44: 6736.1 | FB44: 7335 | FC44: 7778.4 | FD44: 6177.9 | FE44: 6594.4 | FF44: 7660.6 | FG44: 7194.3 | FH44: 6974 | FI44: 7506.1 | FJ44: 7001 | FK44: 7448.5 | FL44: 6379.6 | FM44: 7276.8 | FN44: 7804.4 | FO44: 6775.2 | FP44: 6663.7 | FQ44: 6830.8 | FR44: 6578.3 | FS44: 6061.2 | FT44: 7439.6 | FU44: 7395 | FV44: 5987.2 | FW44: 7636.4 | FX44: 7120.9 | FY44: 7214.7 | FZ44: 5855.6 | GA44: 6665.6 | GB44: 7607.8 | GC44: 6952.8 | GD44: 6869.2 | GE44: 6751.9 | GF44: 6144.6 | GG44: 6591.1 | GH44: 6128.4 | GI44: 5843.9 | GJ44: 7372.2 | GK44: 6210 | GL44: 7139 | GM44: 7669.6 | GN44: 6888.8 | GO44: 6200.2 | GP44: 6837.7 | GQ44: 6728.1 | GR44: 7035.5 | GS44: 6566 | GT44: 11291.9 | GU44: 10343.5 | GV44: 11993.9 | GW44: 11701.6 | GX44: 12590.8 | GY44: 11132.8 | GZ44: 10177 | HA44: 12867 | HB44: 10881.6 | HC44: 12481 | HD44: 10958.1 | HE44: 12230.1 | HF44: 10824.3 | HG44: 11097.2 | HH44: 11493.8 | HI44: 11634.9 | HJ44: 10971.7 | HK44: 11865.2 | HL44: 11824.2 | HM44: 12462.5 | HN44: 11585 | HO44: 12703.5 | HP44: 13168.5 | HQ44: 11187.7 | HR44: 12097.6 | HS44: 11526.6 | HT44: 11108.4 | HU44: 11355.9 | HV44: 12622.4 | HW44: 10850.3 | HX44: 11841.8 | HY44: 10496.6 | HZ44: 10756 | IA44: 10848 | IB44: 12025.1 | IC44: 11182.8 | ID44: 11552.3 | IE44: 12908 | IF44: 11463.9 | IG44: 10353.7 | IH44: 11003.6 | II44: 12848.3 | IJ44: 12329.7 | IK44: 10100.3 | IL44: 10921.8 | IM44: 11012.3 | IN44: 10387.2 | IO44: 12984.6 | IP44: 11346.9 | IQ44: 12013.6 | IR44: 12246.5 | IS44: 12504 | IT44: 11202.2 | IU44: 10170.8 | IV44: 11318.1 | IW44: 13830.9 | IX44: 10834.2 | IY44: 11615.9 | IZ44: 12193.6 | JA44: 11738.2 | JB44: 11456.2 | JC44: 9863.9 | JD44: 11823.7 | JE44: 11408.1 | JF44: 12089.2 | JG44: 10805.8 | JH44: 10627.1 | JI44: 10265.3 | JJ44: 12409.2 | JK44: 11437.8 | JL44: 12141.9 | JM44: 11192.7 | JN44: 11092 | JO44: 10777.6 | JP44: 11980.9 | JQ44: 12394.6 | JR44: 11096.3 | JS44: 12168.8 | JT44: 11363.6 | JU44: 11180 | JV44: 11301 | JW44: 11490.1 | JX44: 11511 | JY44: 11982.5 | JZ44: 13226.6 | KA44: 11438.6 | KB44: 11372.9 | KC44: 10907.1 | KD44: 11255.8 | KE44: 11977.1 | KF44: 10359.6 | KG44: 11763.6 | KH44: 10587.6 | KI44: 13365.2 | KJ44: 11752 | KK44: 12095.5 | KL44: 10762.9 | KM44: 12060.4 | KN44: 10811.1 | KO44: 10801.2
A45: NSGA3 | B45: 4407.4 | C45: 5715.3 | D45: 5253.1 | E45: 4714.2 | F45: 5658.3 | G45: 3912.4 | H45: 4680.3 | I45: 3045.6 | J45: 4631.2 | K45: 3896.9 | L45: 3695.6 | M45: 4205 | N45: 4288.4 | O45: 5193.4 | P45: 4505.4 | Q45: 4257.4 | R45: 5352.9 | S45: 4516.7 | T45: 4115.1 | U45: 4856.2 | V45: 3767.9 | W45: 3329.4 | X45: 4971.9 | Y45: 4496.7 | Z45: 4143.2 | AA45: 4307.7 | AB45: 5316.1 | AC45: 4862.7 | AD45: 4799.5 | AE45: 3134.3 | AF45: 5945.9 | AG45: 4106.4 | AH45: 5532.2 | AI45: 5031.6 | AJ45: 4729.6 | AK45: 4331.7 | AL45: 4987.8 | AM45: 4621.5 | AN45: 3421.4 | AO45: 5454.2 | AP45: 5636.7 | AQ45: 4570.3 | AR45: 4336.9 | AS45: 3742.1 | AT45: 4297.8 | AU45: 4084.4 | AV45: 4382 | AW45: 4955 | AX45: 4980.2 | AY45: 5423.3 | AZ45: 4366.5 | BA45: 4987.6 | BB45: 5300 | BC45: 3824.6 | BD45: 5744.9 | BE45: 4350.6 | BF45: 3962.4 | BG45: 4805.8 | BH45: 4204.4 | BI45: 4498.4 | BJ45: 4991.2 | BK45: 4795.7 | BL45: 4242.6 | BM45: 3268.7 | BN45: 4393.9 | BO45: 5685 | BP45: 4100.1 | BQ45: 4803.1 | BR45: 3230.1 | BS45: 4531 | BT45: 4899.8 | BU45: 4186.8 | BV45: 3812.9 | BW45: 3751.4 | BX45: 5831 | BY45: 4894.4 | BZ45: 4492.9 | CA45: 4927.8 | CB45: 4500.1 | CC45: 4785.7 | CD45: 3884.9 | CE45: 4009 | CF45: 4819.4 | CG45: 4419.6 | CH45: 4701.2 | CI45: 4343.3 | CJ45: 4924.2 | CK45: 4230.6 | CL45: 4847.1 | CM45: 5086.6 | CN45: 4974.9 | CO45: 4634.5 | CP45: 5645.1 | CQ45: 5534.3 | CR45: 4386.1 | CS45: 5649.8 | CT45: 4208.7 | CU45: 4986.6 | CV45: 4420.5 | CW45: 4272.8 | CX45: 6960 | CY45: 6208.3 | CZ45: 6425.4 | DA45: 6716.6 | DB45: 6249.8 | DC45: 5373.8 | DD45: 7123.2 | DE45: 6723.9 | DF45: 7334.6 | DG45: 6471.7 | DH45: 6518 | DI45: 5981.7 | DJ45: 7108.4 | DK45: 7873.5 | DL45: 7070.6 | DM45: 6824.5 | DN45: 7848.4 | DO45: 7781.3 | DP45: 5557.4 | DQ45: 7837.9 | DR45: 6416.7 | DS45: 7063.6 | DT45: 7901.3 | DU45: 7573.7 | DV45: 8157.3 | DW45: 6110.3 | DX45: 9619.5 | DY45: 7292.7 | DZ45: 9349.6 | EA45: 7651.8 | EB45: 5885.1 | EC45: 5901.8 | ED45: 8377.5 | EE45: 7424.7 | EF45: 7005.4 | EG45: 8617.3 | EH45: 6195.9 | EI45: 6384.3 | EJ45: 5820 | EK45: 7133.4 | EL45: 8006.4 | EM45: 6029.8 | EN45: 7101.5 | EO45: 8028.2 | EP45: 7918.2 | EQ45: 6034.9 | ER45: 6214.3 | ES45: 7642.5 | ET45: 8173.4 | EU45: 5676.8 | EV45: 5894 | EW45: 7598.2 | EX45: 6560.1 | EY45: 7418.4 | EZ45: 7855.8 | FA45: 7196.5 | FB45: 6978.8 | FC45: 7355 | FD45: 6654.9 | FE45: 6577.7 | FF45: 7503 | FG45: 6483.7 | FH45: 7296 | FI45: 7398.7 | FJ45: 6539.9 | FK45: 7298.6 | FL45: 7017 | FM45: 6656.8 | FN45: 8335 | FO45: 5658.3 | FP45: 7196.2 | FQ45: 6101.1 | FR45: 6728.9 | FS45: 6137.7 | FT45: 7936.8 | FU45: 6335.7 | FV45: 5661.1 | FW45: 7997.6 | FX45: 7589.6 | FY45: 7580.7 | FZ45: 6197.3 | GA45: 6529.2 | GB45: 7790.4 | GC45: 6570.8 | GD45: 6838.9 | GE45: 6641.5 | GF45: 6083.7 | GG45: 6339.4 | GH45: 6318 | GI45: 5226.7 | GJ45: 6824.2 | GK45: 6078.6 | GL45: 6872.6 | GM45: 8171.1 | GN45: 6681.8 | GO45: 5773.6 | GP45: 6213.4 | GQ45: 7129.8 | GR45: 6461 | GS45: 7054.7 | GT45: 10942.4 | GU45: 10858.1 | GV45: 10864.5 | GW45: 11302.5 | GX45: 13020.2 | GY45: 11357.3 | GZ45: 10431.4 | HA45: 12918.6 | HB45: 10776 | HC45: 12968.4 | HD45: 11047.1 | HE45: 11873.2 | HF45: 10647.3 | HG45: 11271.9 | HH45: 11748.7 | HI45: 12093.3 | HJ45: 11284.1 | HK45: 12254.4 | HL45: 12221.5 | HM45: 12995.7 | HN45: 11832.1 | HO45: 12137.2 | HP45: 13568.5 | HQ45: 11177.3 | HR45: 11620.8 | HS45: 12102 | HT45: 9584.4 | HU45: 10030.5 | HV45: 11954.2 | HW45: 10957.4 | HX45: 11901.8 | HY45: 10981.1 | HZ45: 11036.9 | IA45: 10769.2 | IB45: 11730.6 | IC45: 12102 | ID45: 11114.1 | IE45: 12623.9 | IF45: 10816.2 | IG45: 10722.1 | IH45: 10269.5 | II45: 13135.1 | IJ45: 12091.9 | IK45: 9322.1 | IL45: 10016.5 | IM45: 11681 | IN45: 9992.5 | IO45: 12468.6 | IP45: 12576.1 | IQ45: 11771.1 | IR45: 12961.4 | IS45: 10901 | IT45: 11424.7 | IU45: 10561.6 | IV45: 11223.7 | IW45: 13985.2 | IX45: 10981.8 | IY45: 12141.3 | IZ45: 12693.4 | JA45: 12206.1 | JB45: 10824 | JC45: 10616.8 | JD45: 13030.2 | JE45: 10935.9 | JF45: 11840.5 | JG45: 10250.6 | JH45: 10133.4 | JI45: 10069 | JJ45: 12967.8 | JK45: 11273.3 | JL45: 12079 | JM45: 11231.9 | JN45: 11773.7 | JO45: 10798 | JP45: 11851.2 | JQ45: 11882.5 | JR45: 11558.2 | JS45: 12329.6 | JT45: 10360.7 | JU45: 9999.4 | JV45: 11930.8 | JW45: 11613.6 | JX45: 12033.6 | JY45: 11564.3 | JZ45: 13167.4 | KA45: 11309.9 | KB45: 10915.7 | KC45: 10900.3 | KD45: 11269.3 | KE45: 12448.6 | KF45: 10025.1 | KG45: 10323.6 | KH45: 10970.7 | KI45: 14306.5 | KJ45: 10762.7 | KK45: 11402.7 | KL45: 10831.7 | KM45: 12392.4 | KN45: 11267.2 | KO45: 10112.9
A46: MQGA | B46: 4529.1 | C46: 5021.4 | D46: 4909.8 | E46: 4924.5 | F46: 5397.3 | G46: 4461 | H46: 4698.3 | I46: 3907.7 | J46: 3974.2 | K46: 4011.6 | L46: 3231.7 | M46: 4294.9 | N46: 5294.1 | O46: 4043.2 | P46: 4499.8 | Q46: 4239.1 | R46: 4770.5 | S46: 4232.4 | T46: 4486.5 | U46: 4545.8 | V46: 4014.8 | W46: 3622.8 | X46: 5350.8 | Y46: 3798.4 | Z46: 3337.1 | AA46: 4845.5 | AB46: 5163.6 | AC46: 4776.6 | AD46: 4671.4 | AE46: 3061.8 | AF46: 5071.9 | AG46: 4344.1 | AH46: 5430.4 | AI46: 5397 | AJ46: 4176.7 | AK46: 4573.2 | AL46: 4283.1 | AM46: 4992.6 | AN46: 4676.4 | AO46: 5231.6 | AP46: 4596.6 | AQ46: 4809.2 | AR46: 4375.2 | AS46: 3127 | AT46: 4561.3 | AU46: 4515.2 | AV46: 4074.5 | AW46: 4545.9 | AX46: 4859.3 | AY46: 5387.8 | AZ46: 4146.9 | BA46: 4456.6 | BB46: 4975.4 | BC46: 4917 | BD46: 5446.6 | BE46: 3209.5 | BF46: 4798.1 | BG46: 4540.1 | BH46: 4388.5 | BI46: 4196.7 | BJ46: 4100.3 | BK46: 4943.3 | BL46: 4862.2 | BM46: 3674.1 | BN46: 4992.3 | BO46: 4109.3 | BP46: 3583.9 | BQ46: 5073.4 | BR46: 3219 | BS46: 4310.5 | BT46: 5075.1 | BU46: 4202 | BV46: 4688 | BW46: 4637.2 | BX46: 5509.3 | BY46: 4841.4 | BZ46: 3540.2 | CA46: 4506 | CB46: 4402.5 | CC46: 4083.6 | CD46: 4262.1 | CE46: 3731.2 | CF46: 5031.6 | CG46: 3781.3 | CH46: 4894.1 | CI46: 4698.4 | CJ46: 4781.7 | CK46: 4173.1 | CL46: 4632.5 | CM46: 5392.5 | CN46: 4825.5 | CO46: 5576 | CP46: 5590 | CQ46: 4364.7 | CR46: 4008.2 | CS46: 5771 | CT46: 4239.6 | CU46: 4940.4 | CV46: 4966.9 | CW46: 4106.6 | CX46: 6918.5 | CY46: 5950.7 | CZ46: 6515.2 | DA46: 6793.7 | DB46: 6349.3 | DC46: 5420.8 | DD46: 7067.7 | DE46: 7415.2 | DF46: 6309.3 | DG46: 6205 | DH46: 6547 | DI46: 6587.6 | DJ46: 6764.3 | DK46: 7704.6 | DL46: 6797.2 | DM46: 6456.7 | DN46: 8744.3 | DO46: 7645.4 | DP46: 5863.3 | DQ46: 6938.8 | DR46: 6175.9 | DS46: 6497.1 | DT46: 6916.1 | DU46: 6433.2 | DV46: 7008.1 | DW46: 6786.6 | DX46: 7156.8 | DY46: 7821.4 | DZ46: 8362.5 | EA46: 7554 | EB46: 6772.2 | EC46: 6727.2 | ED46: 7738.7 | EE46: 6433 | EF46: 6719.2 | EG46: 8075 | EH46: 5323.1 | EI46: 5683.8 | EJ46: 6350.3 | EK46: 7223.3 | EL46: 7633 | EM46: 5990 | EN46: 6547.4 | EO46: 7154 | EP46: 7113.7 | EQ46: 5951.3 | ER46: 6700.7 | ES46: 7180.9 | ET46: 6890.7 | EU46: 6978.3 | EV46: 4922.7 | EW46: 6903.7 | EX46: 6832 | EY46: 8077.6 | EZ46: 8194.1 | FA46: 6674.6 | FB46: 7982.2 | FC46: 8400.3 | FD46: 6214 | FE46: 6177 | FF46: 7194.7 | FG46: 7181.2 | FH46: 6922.7 | FI46: 6797.9 | FJ46: 7298.4 | FK46: 7516.6 | FL46: 6587.6 | FM46: 6996.7 | FN46: 7899.7 | FO46: 6904.9 | FP46: 6151.8 | FQ46: 7217.9 | FR46: 6543 | FS46: 5867.7 | FT46: 7488.4 | FU46: 7193.3 | FV46: 6116.4 | FW46: 6689.6 | FX46: 7316.1 | FY46: 7619.2 | FZ46: 5709 | GA46: 6619.3 | GB46: 8206.7 | GC46: 6910.2 | GD46: 6830.1 | GE46: 5934.5 | GF46: 5819.7 | GG46: 6387.6 | GH46: 6223.2 | GI46: 6101.1 | GJ46: 7895 | GK46: 5631 | GL46: 6991.4 | GM46: 7282.4 | GN46: 7043 | GO46: 6511 | GP46: 6789 | GQ46: 6549.8 | GR46: 6416.2 | GS46: 6481.1 | GT46: 10528.3 | GU46: 9925.6 | GV46: 11370 | GW46: 11047.4 | GX46: 12952.2 | GY46: 11763 | GZ46: 10297.4 | HA46: 14156.2 | HB46: 10480.5 | HC46: 12808.8 | HD46: 10356.1 | HE46: 10847.6 | HF46: 10408.7 | HG46: 9745.7 | HH46: 12377.5 | HI46: 10757.5 | HJ46: 10275.5 | HK46: 10872.1 | HL46: 11313.2 | HM46: 12139.6 | HN46: 11240 | HO46: 12327.5 | HP46: 13505.3 | HQ46: 11484.2 | HR46: 10499 | HS46: 10675.1 | HT46: 10931.9 | HU46: 11208.8 | HV46: 13512 | HW46: 10946.3 | HX46: 11287.5 | HY46: 11325.3 | HZ46: 10733.8 | IA46: 10448.5 | IB46: 12451.6 | IC46: 11053.4 | ID46: 11197.6 | IE46: 12753.4 | IF46: 11509 | IG46: 10962.4 | IH46: 11688.8 | II46: 13198.6 | IJ46: 12504.7 | IK46: 10192.3 | IL46: 10318 | IM46: 10806.1 | IN46: 11102.3 | IO46: 13413.6 | IP46: 10858.1 | IQ46: 13220.2 | IR46: 11966.9 | IS46: 12360.6 | IT46: 11227 | IU46: 10097.3 | IV46: 11730.2 | IW46: 13540.8 | IX46: 11320.9 | IY46: 12083.4 | IZ46: 12812.3 | JA46: 11624.9 | JB46: 11438.7 | JC46: 10319.4 | JD46: 11452.3 | JE46: 10712.2 | JF46: 12857.8 | JG46: 9317.3 | JH46: 9445.8 | JI46: 10447.8 | JJ46: 13015.6 | JK46: 12428.9 | JL46: 12130.1 | JM46: 11791.1 | JN46: 11301.8 | JO46: 9961.6 | JP46: 12230.9 | JQ46: 12892.6 | JR46: 10871.8 | JS46: 10989.7 | JT46: 11776.2 | JU46: 10891.8 | JV46: 10835.8 | JW46: 11487.5 | JX46: 10303.6 | JY46: 12996.8 | JZ46: 14035.1 | KA46: 11510.3 | KB46: 11845.4 | KC46: 10903.3 | KD46: 11714.5 | KE46: 12454.2 | KF46: 10062.7 | KG46: 11989.5 | KH46: 11367.1 | KI46: 13932.1 | KJ46: 10488.1 | KK46: 13102.3 | KL46: 11344.1 | KM46: 12308.4 | KN46: 11224.6 | KO46: 10565.2
A47: Greedy | B47: 4275.1 | C47: 4972.2 | D47: 4334.7 | E47: 5203.7 | F47: 5426.2 | G47: 4920 | H47: 4213.9 | I47: 3532.3 | J47: 4718.9 | K47: 3732.7 | L47: 3962.9 | M47: 4327.2 | N47: 5027.3 | O47: 4884.6 | P47: 4868.2 | Q47: 4294.6 | R47: 5183.2 | S47: 4297.3 | T47: 4007.2 | U47: 4668.3 | V47: 3673 | W47: 3581.6 | X47: 5270.8 | Y47: 4122.5 | Z47: 4245.1 | AA47: 4538 | AB47: 4944.1 | AC47: 5393.7 | AD47: 4598.1 | AE47: 2945.3 | AF47: 5925.7 | AG47: 4584.9 | AH47: 4707.8 | AI47: 4883.5 | AJ47: 5140.5 | AK47: 4413.7 | AL47: 4235.7 | AM47: 5313.5 | AN47: 4731.3 | AO47: 6319.4 | AP47: 5359.6 | AQ47: 4813 | AR47: 3741.7 | AS47: 3427.4 | AT47: 4360.9 | AU47: 3756.7 | AV47: 4313 | AW47: 4968.5 | AX47: 5001.5 | AY47: 5821.2 | AZ47: 4361.8 | BA47: 3726.9 | BB47: 4887.1 | BC47: 4841.4 | BD47: 5311.3 | BE47: 4076.9 | BF47: 4062.1 | BG47: 5059.6 | BH47: 3574.1 | BI47: 3971.8 | BJ47: 4983.5 | BK47: 4668.9 | BL47: 3943.9 | BM47: 3410.1 | BN47: 4792.5 | BO47: 5072.6 | BP47: 3601.4 | BQ47: 5433 | BR47: 3610.6 | BS47: 3843.8 | BT47: 5203.9 | BU47: 3970.2 | BV47: 3981 | BW47: 4841 | BX47: 5655.2 | BY47: 5027.2 | BZ47: 4337.5 | CA47: 5234.2 | CB47: 4787.8 | CC47: 4567.3 | CD47: 4149.4 | CE47: 3868.3 | CF47: 5405.5 | CG47: 4099.3 | CH47: 5367.6 | CI47: 4329.6 | CJ47: 4434.4 | CK47: 4242.7 | CL47: 5305.8 | CM47: 3950.7 | CN47: 4275.7 | CO47: 5398 | CP47: 5558.7 | CQ47: 4658.3 | CR47: 4719.8 | CS47: 4846.7 | CT47: 4197.1 | CU47: 4260.7 | CV47: 5087 | CW47: 4424 | CX47: 7161.3 | CY47: 6470.5 | CZ47: 5997 | DA47: 6063.2 | DB47: 6922.1 | DC47: 5576.2 | DD47: 6670 | DE47: 7747.7 | DF47: 7893.1 | DG47: 5685.8 | DH47: 6452.9 | DI47: 6734.9 | DJ47: 6801.9 | DK47: 8326 | DL47: 7282.9 | DM47: 7231.9 | DN47: 9516.9 | DO47: 6316.5 | DP47: 5560.1 | DQ47: 7758.6 | DR47: 6150.4 | DS47: 7306.1 | DT47: 7070.7 | DU47: 8180.8 | DV47: 7418.5 | DW47: 6642.5 | DX47: 8320.6 | DY47: 7704.9 | DZ47: 7438.7 | EA47: 8010.7 | EB47: 5833.9 | EC47: 6248.4 | ED47: 7943.7 | EE47: 6585.8 | EF47: 7529.3 | EG47: 8554.5 | EH47: 5879.5 | EI47: 5570.6 | EJ47: 5509.5 | EK47: 8115.5 | EL47: 7769.3 | EM47: 5684.2 | EN47: 7188.8 | EO47: 6790.1 | EP47: 8073.4 | EQ47: 5522.6 | ER47: 5902.2 | ES47: 7110.3 | ET47: 8070.3 | EU47: 5620.3 | EV47: 5956.3 | EW47: 6920.9 | EX47: 7299.9 | EY47: 7367.9 | EZ47: 6374.7 | FA47: 7134.3 | FB47: 6941.1 | FC47: 7728.3 | FD47: 6178.7 | FE47: 6374.5 | FF47: 7548.7 | FG47: 6727.5 | FH47: 6760.2 | FI47: 8331 | FJ47: 7421.9 | FK47: 7105.7 | FL47: 6050.9 | FM47: 7310.3 | FN47: 7620.3 | FO47: 5925.2 | FP47: 6993.8 | FQ47: 6272 | FR47: 6657.8 | FS47: 4967.5 | FT47: 7519.2 | FU47: 7168.2 | FV47: 5240.3 | FW47: 8209.2 | FX47: 6502.3 | FY47: 7501.5 | FZ47: 5389.8 | GA47: 5801.2 | GB47: 7192.8 | GC47: 7367 | GD47: 6136.5 | GE47: 6907.4 | GF47: 5819.2 | GG47: 6733.7 | GH47: 6288 | GI47: 6099.7 | GJ47: 7032.8 | GK47: 5740.2 | GL47: 6235.4 | GM47: 7965.1 | GN47: 5479.8 | GO47: 5916.7 | GP47: 7711.9 | GQ47: 6945.1 | GR47: 6975.1 | GS47: 6262.9 | GT47: 10260.9 | GU47: 9609.4 | GV47: 11548.8 | GW47: 12151.9 | GX47: 12877.9 | GY47: 10531.4 | GZ47: 9629.4 | HA47: 12800 | HB47: 9782.7 | HC47: 11056.8 | HD47: 11533.3 | HE47: 12434.4 | HF47: 10103.4 | HG47: 11114.6 | HH47: 12559.1 | HI47: 10819.7 | HJ47: 11378.1 | HK47: 11736.8 | HL47: 12155.5 | HM47: 11231.5 | HN47: 10635 | HO47: 12496 | HP47: 13025.9 | HQ47: 10876.9 | HR47: 12643.4 | HS47: 11475.8 | HT47: 8470 | HU47: 10708.2 | HV47: 12371.9 | HW47: 10838 | HX47: 10657.4 | HY47: 10699.8 | HZ47: 11049.8 | IA47: 9676.1 | IB47: 11310.6 | IC47: 10442.3 | ID47: 11514.9 | IE47: 12416.5 | IF47: 11812.6 | IG47: 11266.2 | IH47: 11561.8 | II47: 11803.5 | IJ47: 12412.9 | IK47: 9180 | IL47: 11081.6 | IM47: 10149.5 | IN47: 10192.6 | IO47: 12472.7 | IP47: 11793.6 | IQ47: 11717.5 | IR47: 12028.3 | IS47: 12805.2 | IT47: 11780.6 | IU47: 10838.1 | IV47: 10869.8 | IW47: 11516.2 | IX47: 10691.3 | IY47: 12010.1 | IZ47: 11320.1 | JA47: 12567.8 | JB47: 12280.4 | JC47: 10030.8 | JD47: 11602.7 | JE47: 11279.4 | JF47: 11909.7 | JG47: 10942.3 | JH47: 10350.7 | JI47: 10087.2 | JJ47: 11284.9 | JK47: 11284 | JL47: 12311.7 | JM47: 11271.3 | JN47: 11578.3 | JO47: 10761.2 | JP47: 11830.3 | JQ47: 12656 | JR47: 11236.4 | JS47: 12489.3 | JT47: 10814.3 | JU47: 11622 | JV47: 11491.5 | JW47: 9999.4 | JX47: 10051.1 | JY47: 12599.5 | JZ47: 13017.3 | KA47: 10816.5 | KB47: 10847.7 | KC47: 11256.7 | KD47: 10996.9 | KE47: 12210 | KF47: 9707.2 | KG47: 12258.1 | KH47: 10325.6 | KI47: 12194.6 | KJ47: 12154.5 | KK47: 12263.7 | KL47: 10034.2 | KM47: 12331.2 | KN47: 11338.3 | KO47: 11292.1
A48: MOPSO | B48: 4518.3 | C48: 5115.4 | D48: 4670.7 | E48: 4926.4 | F48: 5073.1 | G48: 4883.3 | H48: 4079.1 | I48: 3800 | J48: 4845.3 | K48: 4923.7 | L48: 4383.3 | M48: 4548.3 | N48: 5246.4 | O48: 4754.3 | P48: 4468.5 | Q48: 3997.9 | R48: 5331.2 | S48: 3628.5 | T48: 4058.3 | U48: 4778 | V48: 3812.6 | W48: 4167.9 | X48: 4701.7 | Y48: 4081.8 | Z48: 4232.2 | AA48: 3855.2 | AB48: 5323.7 | AC48: 4275.3 | AD48: 5094.1 | AE48: 3028.8 | AF48: 5397.5 | AG48: 4403.1 | AH48: 4667.2 | AI48: 4677.6 | AJ48: 5152.5 | AK48: 4940.5 | AL48: 4060.3 | AM48: 5572.7 | AN48: 4367.1 | AO48: 5367.5 | AP48: 5270.9 | AQ48: 4119.3 | AR48: 3711.2 | AS48: 3678.8 | AT48: 4245.2 | AU48: 4182.3 | AV48: 3317.7 | AW48: 4156.9 | AX48: 5048.2 | AY48: 5281.3 | AZ48: 4506.7 | BA48: 4248 | BB48: 4480.1 | BC48: 3494.3 | BD48: 5715.9 | BE48: 3964.7 | BF48: 4925.5 | BG48: 4825 | BH48: 4304.6 | BI48: 4401.8 | BJ48: 4265.2 | BK48: 5189.3 | BL48: 4835.1 | BM48: 3517.3 | BN48: 4970 | BO48: 5678 | BP48: 2931.3 | BQ48: 4047.3 | BR48: 3420.6 | BS48: 4733.3 | BT48: 5475.3 | BU48: 3946.9 | BV48: 4137.8 | BW48: 4699.7 | BX48: 5663.3 | BY48: 4650.5 | BZ48: 4163.2 | CA48: 5191.4 | CB48: 4813.2 | CC48: 3942.2 | CD48: 3707.5 | CE48: 4059.9 | CF48: 4546.8 | CG48: 4258.1 | CH48: 5117.1 | CI48: 4000.8 | CJ48: 4924.4 | CK48: 4153 | CL48: 5282.4 | CM48: 5482.1 | CN48: 4773.8 | CO48: 4714 | CP48: 5128.2 | CQ48: 4782.6 | CR48: 4392 | CS48: 5604.6 | CT48: 4181.5 | CU48: 4947.1 | CV48: 3732.7 | CW48: 4404.9 | CX48: 6498.2 | CY48: 7116.2 | CZ48: 5599.2 | DA48: 7032 | DB48: 7051.8 | DC48: 5772.3 | DD48: 7546.8 | DE48: 7588.8 | DF48: 7428.9 | DG48: 6763.2 | DH48: 6846.4 | DI48: 6861.8 | DJ48: 7295.2 | DK48: 7292.8 | DL48: 7007.1 | DM48: 6870.9 | DN48: 9611 | DO48: 8253.8 | DP48: 5217.3 | DQ48: 7026.3 | DR48: 6152.9 | DS48: 6721.1 | DT48: 6951.7 | DU48: 6341 | DV48: 6494.4 | DW48: 7129.6 | DX48: 8986.2 | DY48: 8287.3 | DZ48: 8766.8 | EA48: 8230.3 | EB48: 6446.5 | EC48: 5729.6 | ED48: 7264.8 | EE48: 7415.2 | EF48: 6999.1 | EG48: 7725 | EH48: 6063.2 | EI48: 6692.5 | EJ48: 5977.9 | EK48: 7101.9 | EL48: 7605.1 | EM48: 6714.8 | EN48: 6357.4 | EO48: 7589.8 | EP48: 7806.7 | EQ48: 4749.5 | ER48: 6356.8 | ES48: 7887.5 | ET48: 8140.3 | EU48: 6541.4 | EV48: 6569.6 | EW48: 6706.2 | EX48: 6626.9 | EY48: 8306.9 | EZ48: 6415.4 | FA48: 5989.8 | FB48: 6946.1 | FC48: 8001.2 | FD48: 6519.3 | FE48: 5861.3 | FF48: 7795.3 | FG48: 6068.9 | FH48: 6821 | FI48: 7420.8 | FJ48: 7275.4 | FK48: 7058 | FL48: 5307.6 | FM48: 6914.2 | FN48: 8143.6 | FO48: 6610 | FP48: 6693.7 | FQ48: 7355.8 | FR48: 6403.1 | FS48: 6099.6 | FT48: 7308 | FU48: 6978.3 | FV48: 5919.2 | FW48: 7975.1 | FX48: 6415.9 | FY48: 7472 | FZ48: 5165 | GA48: 5900.6 | GB48: 8241.5 | GC48: 7013.2 | GD48: 6830.6 | GE48: 6459.2 | GF48: 6715.1 | GG48: 6468.2 | GH48: 5675.2 | GI48: 6342.7 | GJ48: 6874.8 | GK48: 5592.9 | GL48: 7725.7 | GM48: 8163.8 | GN48: 7043.2 | GO48: 6110.3 | GP48: 6527.9 | GQ48: 6854.4 | GR48: 7045.4 | GS48: 6425.1 | GT48: 11298.5 | GU48: 10130.8 | GV48: 10525.6 | GW48: 12348.7 | GX48: 11549.6 | GY48: 10371.3 | GZ48: 9690 | HA48: 13090.9 | HB48: 11376.7 | HC48: 11087.1 | HD48: 11117.2 | HE48: 12358.6 | HF48: 10828.6 | HG48: 10934.8 | HH48: 10774.4 | HI48: 11532.2 | HJ48: 11406.9 | HK48: 12333.2 | HL48: 11138.6 | HM48: 13505.5 | HN48: 12098.9 | HO48: 11803.3 | HP48: 14189.5 | HQ48: 10156.8 | HR48: 11841 | HS48: 11397.9 | HT48: 12302.3 | HU48: 11179.9 | HV48: 12003.7 | HW48: 10218.4 | HX48: 11759.8 | HY48: 11125.9 | HZ48: 10013.8 | IA48: 10984.8 | IB48: 11859.8 | IC48: 11116.7 | ID48: 12595.9 | IE48: 13439.5 | IF48: 11255.2 | IG48: 10555.1 | IH48: 11100.8 | II48: 14306.1 | IJ48: 12239.4 | IK48: 9721.9 | IL48: 11174.1 | IM48: 10999.9 | IN48: 10468.5 | IO48: 13128.3 | IP48: 11432.2 | IQ48: 11532.3 | IR48: 11844.8 | IS48: 13616.2 | IT48: 10763.4 | IU48: 7886.8 | IV48: 11834.3 | IW48: 13927 | IX48: 10844.4 | IY48: 10901 | IZ48: 10913.4 | JA48: 12197.5 | JB48: 12035.3 | JC48: 9883.5 | JD48: 11764.7 | JE48: 11018.9 | JF48: 12240.2 | JG48: 10079 | JH48: 10406.4 | JI48: 11100.3 | JJ48: 12165.6 | JK48: 12373.3 | JL48: 12081.5 | JM48: 11661.6 | JN48: 12044.4 | JO48: 9819.7 | JP48: 13073 | JQ48: 11986.9 | JR48: 10456.2 | JS48: 13009.1 | JT48: 11195.7 | JU48: 10522.3 | JV48: 11801.7 | JW48: 12388 | JX48: 12395.8 | JY48: 11289.3 | JZ48: 13228.4 | KA48: 11707 | KB48: 11263.7 | KC48: 10767.3 | KD48: 11185.2 | KE48: 12607.7 | KF48: 10711.3 | KG48: 11853 | KH48: 10250.7 | KI48: 13861.2 | KJ48: 10684.5 | KK48: 11732.6 | KL48: 11320.7 | KM48: 12440.2 | KN48: 9849.4 | KO48: 9620.9

Sheet Load Cloud
A1: Algorithm | B1: Load | C1: Average | D1: Min | E1: Max | F1: Std Dev
A2: QUEST | B2: 20 | C2: 10300.43 | D2: 0 | E2: 20232 | F2: 3917.7593
A3: QUEST | B3: 30 | C3: 13162.36 | D3: 4066 | E3: 26245 | F3: 4605.4545
A4: QUEST | B4: 50 | C4: 14540.76 | D4: 1690 | E4: 33942 | F4: 6209.5867
A5: Fuzzy | B5: 20 | C5: 2144.64 | D5: 1178 | E5: 3057 | F5: 410.84232
A6: Fuzzy | B6: 30 | C6: 4356.1 | D6: 2966 | E6: 5934 | F6: 592.2482
A7: Fuzzy | B7: 50 | C7: 8564.41 | D7: 7216 | E7: 10592 | F7: 693.94259
A8: NSGA3 | B8: 20 | C8: 4015.36 | D8: 0 | E8: 13477 | F8: 3297.7722
A9: NSGA3 | B9: 30 | C9: 5660.55 | D9: 0 | E9: 16436 | F9: 4036.189
A10: NSGA3 | B10: 50 | C10: 9837.87 | D10: 0 | E10: 23290 | F10: 5043.7428
A11: MQGA | B11: 20 | C11: 4727.89 | D11: 0 | E11: 16701 | F11: 3187.2196
A12: MQGA | B12: 30 | C12: 7163.28 | D12: 0 | E12: 19895 | F12: 3906.6755
A13: MQGA | B13: 50 | C13: 10401.26 | D13: 0 | E13: 25794 | F13: 5369.4959
... A19: MOPSO | B19: 50 | C19: 9970.37 | D19: 0 | E19: 30204 | F19: 5657.3076
A22: Summary by Algorithm
A23: QUEST | C23: 12667.85 | D23: 0 | E23: 33942 | F23: 5306.4435
A24: Fuzzy | C24: 5021.7167 | D24: 1178 | E24: 10592 | F24: 2724.7261
A25: NSGA3 | C25: 6504.5933 | D25: 0 | E25: 23290 | F25: 4851.9718
A26: MQGA | C26: 7430.81 | D26: 0 | E26: 25794 | F26: 4846.0599
A27: Greedy | C27: 7397.8867 | D27: 0 | E27: 34715 | F27: 5549.7119
A28: MOPSO | C28: 6894.8767 | D28: 0 | E28: 30204 | F28: 4956.3665
A31: Average data for chart
A32: Algorithms | B32: 20 | C32: 30 | D32: 50
A33: QUEST | B33: 10300.43 | C33: 13162.36 | D33: 14540.76
A34: Fuzzy | B34: 2144.64 | C34: 4356.1 | D34: 8564.41
A35: NSGA3 | B35: 4015.36 | C35: 5660.55 | D35: 9837.87
A36: MQGA | B36: 4727.89 | C36: 7163.28 | D36: 10401.26
A37: Greedy | B37: 4128.31 | C37: 6796.34 | D37: 11269.01
A38: MOPSO | B38: 4432.25 | C38: 6282.01 | D38: 9970.37
A41: All data for chart
A42: Algorithms | B42: 20 | C42: 20 | D42: 20 | E42: 20 | F42: 20 | G42: 20 | H42: 20 | I42: 20 | J42: 20 | K42: 20 | L42: 20 | M42: 20 | N42: 20 | O42: 20 | P42: 20 | Q42: 20 | R42: 20 | S42: 20 | T42: 20 | U42: 20 | V42: 20 | W42: 20 | X42: 20 | Y42: 20 | Z42: 20 | AA42: 20 | AB42: 20 | AC42: 20 | AD42: 20 | AE42: 20 | AF42: 20 | AG42: 20 | AH42: 20 | AI42: 20 | AJ42: 20 | AK42: 20 | AL42: 20 | AM42: 20 | AN42: 20 | AO42: 20 | AP42: 20 | AQ42: 20 | AR42: 20 | AS42: 20 | AT42: 20 | AU42: 20 | AV42: 20 | AW42: 20 | AX42: 20 | AY42: 20 | AZ42: 20 | BA42: 20 | BB42: 20 | BC42: 20 | BD42: 20 | BE42: 20 | BF42: 20 | BG42: 20 | BH42: 20 | BI42: 20 | BJ42: 20 | BK42: 20 | BL42: 20 | BM42: 20 | BN42: 20 | BO42: 20 | BP42: 20 | BQ42: 20 | BR42: 20 | BS42: 20 | BT42: 20 | BU42: 20 | BV42: 20 | BW42: 20 | BX42: 20 | BY42: 20 | BZ42: 20 | CA42: 20 | CB42: 20 | CC42: 20 | CD42: 20 | CE42: 20 | CF42: 20 | CG42: 20 | CH42: 20 | CI42: 20 | CJ42: 20 | CK42: 20 | CL42: 20 | CM42: 20 | CN42: 20 | CO42: 20 | CP42: 20 | CQ42: 20 | CR42: 20 | CS42: 20 | CT42: 20 | CU42: 20 | CV42: 20 | CW42: 20 | CX42: 30 | CY42: 30 | CZ42: 30 | DA42: 30 | DB42: 30 | DC42: 30 | DD42: 30 | DE42: 30 | DF42: 30 | DG42: 30 | DH42: 30 | DI42: 30 | DJ42: 30 | DK42: 30 | DL42: 30 | DM42: 30 | DN42: 30 | DO42: 30 | DP42: 30 | DQ42: 30 | DR42: 30 | DS42: 30 | DT42: 30 | DU42: 30 | DV42: 30 | DW42: 30 | DX42: 30 | DY42: 30 | DZ42: 30 | EA42: 30 | EB42: 30 | EC42: 30 | ED42: 30 | EE42: 30 | EF42: 30 | EG42: 30 | EH42: 30 | EI42: 30 | EJ42: 30 | EK42: 30 | EL42: 30 | EM42: 30 | EN42: 30 | EO42: 30 | EP42: 30 | EQ42: 30 | ER42: 30 | ES42: 30 | ET42: 30 | EU42: 30 | EV42: 30 | EW42: 30 | EX42: 30 | EY42: 30 | EZ42: 30 | FA42: 30 | FB42: 30 | FC42: 30 | FD42: 30 | FE42: 30 | FF42: 30 | FG42: 30 | FH42: 30 | FI42: 30 | FJ42: 30 | FK42: 30 | FL42: 30 | FM42: 30 | FN42: 30 | FO42: 30 | FP42: 30 | FQ42: 30 | FR42: 30 | FS42: 30 | FT42: 30 | FU42: 30 | FV42: 30 | FW42: 30 | FX42: 30 | FY42: 30 | FZ42: 30 | GA42: 30 | GB42: 30 | GC42: 30 | GD42: 30 | GE42: 30 | GF42: 30 | GG42: 30 | GH42: 30 | GI42: 30 | GJ42: 30 | GK42: 30 | GL42: 30 | GM42: 30 | GN42: 30 | GO42: 30 | GP42: 30 | GQ42: 30 | GR42: 30 | GS42: 30 | GT42: 50 | GU42: 50 | GV42: 50 | GW42: 50 | GX42: 50 | GY42: 50 | GZ42: 50 | HA42: 50 | HB42: 50 | HC42: 50 | HD42: 50 | HE42: 50 | HF42: 50 | HG42: 50 | HH42: 50 | HI42: 50 | HJ42: 50 | HK42: 50 | HL42: 50 | HM42: 50 | HN42: 50 | HO42: 50 | HP42: 50 | HQ42: 50 | HR42: 50 | HS42: 50 | HT42: 50 | HU42: 50 | HV42: 50 | HW42: 50 | HX42: 50 | HY42: 50 | HZ42: 50 | IA42: 50 | IB42: 50 | IC42: 50 | ID42: 50 | IE42: 50 | IF42: 50 | IG42: 50 | IH42: 50 | II42: 50 | IJ42: 50 | IK42: 50 | IL42: 50 | IM42: 50 | IN42: 50 | IO42: 50 | IP42: 50 | IQ42: 50 | IR42: 50 | IS42: 50 | IT42: 50 | IU42: 50 | IV42: 50 | IW42: 50 | IX42: 50 | IY42: 50 | IZ42: 50 | JA42: 50 | JB42: 50 | JC42: 50 | JD42: 50 | JE42: 50 | JF42: 50 | JG42: 50 | JH42: 50 | JI42: 50 | JJ42: 50 | JK42: 50 | JL42: 50 | JM42: 50 | JN42: 50 | JO42: 50 | JP42: 50 | JQ42: 50 | JR42: 50 | JS42: 50 | JT42: 50 | JU42: 50 | JV42: 50 | JW42: 50 | JX42: 50 | JY42: 50 | JZ42: 50 | KA42: 50 | KB42: 50 | KC42: 50 | KD42: 50 | KE42: 50 | KF42: 50 | KG42: 50 | KH42: 50 | KI42: 50 | KJ42: 50 | KK42: 50 | KL42: 50 | KM42: 50 | KN42: 50 | KO42: 50
A43: QUEST | B43: 9487 | C43: 8954 | D43: 13281 | E43: 11044 | F43: 0 | G43: 10113 | H43: 13571 | I43: 8564 | J43: 4522 | K43: 6396 | L43: 13426 | M43: 9320 | N43: 14492 | O43: 12770 | P43: 7917 | Q43: 5367 | R43: 11132 | S43: 13872 | T43: 7699 | U43: 12064 | V43: 1986 | W43: 14051 | X43: 11847 | Y43: 11421 | Z43: 6866 | AA43: 11504 | AB43: 6771 | AC43: 13533 | AD43: 9180 | AE43: 12651 | AF43: 8997 | AG43: 10287 | AH43: 9536 | AI43: 16832 | AJ43: 17716 | AK43: 11199 | AL43: 15783 | AM43: 10283 | AN43: 9617 | AO43: 9516 | AP43: 14695 | AQ43: 15458 | AR43: 9385 | AS43: 6964 | AT43: 4595 | AU43: 4998 | AV43: 4956 | AW43: 15555 | AX43: 12257 | AY43: 12802 | AZ43: 8882 | BA43: 14259 | BB43: 13165 | BC43: 3633 | BD43: 4532 | BE43: 11317 | BF43: 11290 | BG43: 18293 | BH43: 13951 | BI43: 3224 | BJ43: 14588 | BK43: 12418 | BL43: 14687 | BM43: 9956 | BN43: 17504 | BO43: 15853 | BP43: 5567 | BQ43: 10568 | BR43: 4597 | BS43: 9633 | BT43: 20232 | BU43: 7148 | BV43: 12518 | BW43: 6333 | BX43: 9289 | BY43: 7174 | BZ43: 9000 | CA43: 9850 | CB43: 11129 | CC43: 12246 | CD43: 7406 | CE43: 4838 | CF43: 6179 | CG43: 14691 | CH43: 6678 | CI43: 8803 | CJ43: 3704 | CK43: 11380 | CL43: 11877 | CM43: 7782 | CN43: 16093 | CO43: 13262 | CP43: 10642 | CQ43: 12144 | CR43: 11054 | CS43: 12887 | CT43: 8166 | CU43: 2637 | CV43: 10581 | CW43: 11171 | CX43: 8618 | CY43: 5222 | CZ43: 16287 | DA43: 6026 | DB43: 14115 | DC43: 9257 | DD43: 15398 | DE43: 5905 | DF43: 8987 | DG43: 11364 | DH43: 8289 | DI43: 4066 | DJ43: 12269 | DK43: 15348 | DL43: 7130 | DM43: 20190 | DN43: 22748 | DO43: 15275 | DP43: 15514 | DQ43: 10158 | DR43: 7717 | DS43: 15828 | DT43: 13068 | DU43: 14246 | DV43: 17949 | DW43: 7008 | DX43: 13776 | DY43: 19954 | DZ43: 20594 | EA43: 16819 | EB43: 15525 | EC43: 12513 | ED43: 13470 | EE43: 15166 | EF43: 13818 | EG43: 14046 | EH43: 9456 | EI43: 7157 | EJ43: 18259 | EK43: 12307 | EL43: 16477 | EM43: 10525 | EN43: 16067 | EO43: 13384 | EP43: 9611 | EQ43: 14330 | ER43: 17416 | ES43: 7248 | ET43: 15013 | EU43: 13075 | EV43: 9760 | EW43: 15338 | EX43: 26245 | EY43: 19499 | EZ43: 16363 | FA43: 8424 | FB43: 10211 | FC43: 6174 | FD43: 9649 | FE43: 12695 | FF43: 19530 | FG43: 13930 | FH43: 10259 | FI43: 17012 | FJ43: 20682 | FK43: 14875 | FL43: 11000 | FM43: 13318 | FN43: 16307 | FO43: 14023 | FP43: 13029 | FQ43: 16052 | FR43: 8623 | FS43: 13363 | FT43: 10926 | FU43: 19764 | FV43: 17799 | FW43: 19307 | FX43: 9314 | FY43: 15262 | FZ43: 8449 | GA43: 7345 | GB43: 17063 | GC43: 21650 | GD43: 8311 | GE43: 9952 | GF43: 14885 | GG43: 4962 | GH43: 11807 | GI43: 9264 | GJ43: 13271 | GK43: 10496 | GL43: 10060 | GM43: 7560 | GN43: 14750 | GO43: 9746 | GP43: 24228 | GQ43: 6295 | GR43: 12995 | GS43: 20426 | GT43: 11535 | GU43: 18596 | GV43: 2340 | GW43: 10718 | GX43: 17502 | GY43: 11109 | GZ43: 14111 | HA43: 30377 | HB43: 11012 | HC43: 19513 | HD43: 5656 | HE43: 17867 | HF43: 4277 | HG43: 18865 | HH43: 14133 | HI43: 9477 | HJ43: 10947 | HK43: 13948 | HL43: 2529 | HM43: 15084 | HN43: 15644 | HO43: 33942 | HP43: 8855 | HQ43: 17084 | HR43: 14311 | HS43: 21980 | HT43: 1690 | HU43: 8890 | HV43: 22138 | HW43: 17364 | HX43: 11955 | HY43: 5700 | HZ43: 19558 | IA43: 21505 | IB43: 14934 | IC43: 26933 | ID43: 18735 | IE43: 12270 | IF43: 10827 | IG43: 18961 | IH43: 16406 | II43: 15933 | IJ43: 21345 | IK43: 13444 | IL43: 11078 | IM43: 13615 | IN43: 12421 | IO43: 8074 | IP43: 11616 | IQ43: 12309 | IR43: 16552 | IS43: 9958 | IT43: 14905 | IU43: 9385 | IV43: 31122 | IW43: 16029 | IX43: 9172 | IY43: 13404 | IZ43: 16533 | JA43: 14858 | JB43: 21103 | JC43: 23318 | JD43: 7328 | JE43: 15418 | JF43: 25922 | JG43: 25965 | JH43: 10068 | JI43: 17651 | JJ43: 18549 | JK43: 20872 | JL43: 11226 | JM43: 8852 | JN43: 7330 | JO43: 8333 | JP43: 13890 | JQ43: 9200 | JR43: 13338 | JS43: 9394 | JT43: 7459 | JU43: 19796 | JV43: 24224 | JW43: 17499 | JX43: 6901 | JY43: 10735 | JZ43: 10322 | KA43: 16653 | KB43: 12200 | KC43: 16234 | KD43: 9507 | KE43: 13130 | KF43: 10197 | KG43: 10297 | KH43: 18870 | KI43: 27529 | KJ43: 10130 | KK43: 11680 | KL43: 23583 | KM43: 12948 | KN43: 11071 | KO43: 14323
A44: Fuzzy | B44: 2433 | C44: 2439 | D44: 1958 | E44: 2150 | F44: 2644 | G44: 2226 | H44: 2219 | I44: 1258 | J44: 2575 | K44: 2308 | L44: 1455 | M44: 2219 | N44: 2377 | O44: 1963 | P44: 1915 | Q44: 1587 | R44: 2053 | S44: 1860 | T44: 1670 | U44: 2446 | V44: 1986 | W44: 1677 | X44: 2885 | Y44: 2016 | Z44: 2140 | AA44: 2457 | AB44: 2596 | AC44: 2898 | AD44: 2524 | AE44: 1206 | AF44: 2655 | AG44: 2084 | AH44: 2410 | AI44: 2621 | AJ44: 1754 | AK44: 2415 | AL44: 1924 | AM44: 2235 | AN44: 1679 | AO44: 3057 | AP44: 2765 | AQ44: 1680 | AR44: 1851 | AS44: 1460 | AT44: 2105 | AU44: 1780 | AV44: 1641 | AW44: 1858 | AX44: 2155 | AY44: 2425 | AZ44: 1479 | BA44: 2386 | BB44: 2189 | BC44: 2285 | BD44: 2421 | BE44: 1952 | BF44: 1880 | BG44: 2292 | BH44: 1993 | BI44: 1663 | BJ44: 2220 | BK44: 2187 | BL44: 1946 | BM44: 1347 | BN44: 2801 | BO44: 2693 | BP44: 1658 | BQ44: 2499 | BR44: 1498 | BS44: 2617 | BT44: 2873 | BU44: 1588 | BV44: 2123 | BW44: 1968 | BX44: 2788 | BY44: 2484 | BZ44: 2230 | CA44: 2563 | CB44: 1870 | CC44: 2364 | CD44: 2079 | CE44: 1402 | CF44: 2285 | CG44: 1752 | CH44: 2321 | CI44: 1987 | CJ44: 2191 | CK44: 1963 | CL44: 2261 | CM44: 2409 | CN44: 2519 | CO44: 2345 | CP44: 2471 | CQ44: 2732 | CR44: 2129 | CS44: 2497 | CT44: 1178 | CU44: 2254 | CV44: 2228 | CW44: 1910 | CX44: 4479 | CY44: 3778 | CZ44: 3691 | DA44: 4303 | DB44: 3887 | DC44: 3528 | DD44: 4002 | DE44: 4422 | DF44: 4705 | DG44: 3792 | DH44: 4676 | DI44: 4593 | DJ44: 4419 | DK44: 4767 | DL44: 4498 | DM44: 4090 | DN44: 5934 | DO44: 4996 | DP44: 2966 | DQ44: 4826 | DR44: 3669 | DS44: 4240 | DT44: 4578 | DU44: 4821 | DV44: 4730 | DW44: 4095 | DX44: 5756 | DY44: 5140 | DZ44: 5907 | EA44: 4809 | EB44: 3281 | EC44: 3849 | ED44: 5207 | EE44: 4420 | EF44: 4598 | EG44: 5290 | EH44: 3572 | EI44: 4003 | EJ44: 3673 | EK44: 5101 | EL44: 4953 | EM44: 3712 | EN44: 4329 | EO44: 4836 | EP44: 4862 | EQ44: 3235 | ER44: 4036 | ES44: 5239 | ET44: 4884 | EU44: 4065 | EV44: 3645 | EW44: 4425 | EX44: 4528 | EY44: 5044 | EZ44: 4567 | FA44: 4412 | FB44: 4566 | FC44: 5014 | FD44: 3528 | FE44: 3917 | FF44: 4565 | FG44: 4420 | FH44: 4568 | FI44: 4842 | FJ44: 4364 | FK44: 4538 | FL44: 3694 | FM44: 4666 | FN44: 5176 | FO44: 4130 | FP44: 3963 | FQ44: 4398 | FR44: 3989 | FS44: 3646 | FT44: 4711 | FU44: 5079 | FV44: 3579 | FW44: 5228 | FX44: 4268 | FY44: 4885 | FZ44: 3343 | GA44: 4072 | GB44: 4917 | GC44: 4080 | GD44: 4178 | GE44: 3828 | GF44: 3347 | GG44: 4037 | GH44: 3836 | GI44: 3485 | GJ44: 4263 | GK44: 3655 | GL44: 4427 | GM44: 5074 | GN44: 4107 | GO44: 3848 | GP44: 4382 | GQ44: 4288 | GR44: 4697 | GS44: 4149 | GT44: 8198 | GU44: 7556 | GV44: 8657 | GW44: 8576 | GX44: 9421 | GY44: 7836 | GZ44: 7697 | HA44: 9688 | HB44: 8244 | HC44: 9480 | HD44: 8109 | HE44: 9037 | HF44: 7928 | HG44: 8148 | HH44: 8372 | HI44: 8187 | HJ44: 8037 | HK44: 9070 | HL44: 8723 | HM44: 9420 | HN44: 8892 | HO44: 9571 | HP44: 9903 | HQ44: 8353 | HR44: 8988 | HS44: 8604 | HT44: 8188 | HU44: 8180 | HV44: 9264 | HW44: 7902 | HX44: 8728 | HY44: 7297 | HZ44: 8168 | IA44: 8003 | IB44: 9016 | IC44: 7980 | ID44: 8617 | IE44: 9605 | IF44: 8407 | IG44: 7576 | IH44: 8251 | II44: 10018 | IJ44: 9447 | IK44: 7276 | IL44: 8182 | IM44: 8281 | IN44: 7647 | IO44: 9684 | IP44: 8227 | IQ44: 9035 | IR44: 9167 | IS44: 9224 | IT44: 8102 | IU44: 7615 | IV44: 8407 | IW44: 10592 | IX44: 8036 | IY44: 8420 | IZ44: 9166 | JA44: 8718 | JB44: 8571 | JC44: 7216 | JD44: 9139 | JE44: 8249 | JF44: 9139 | JG44: 7852 | JH44: 7703 | JI44: 7524 | JJ44: 9205 | JK44: 8444 | JL44: 9292 | JM44: 8081 | JN44: 8223 | JO44: 7923 | JP44: 8964 | JQ44: 9571 | JR44: 8050 | JS44: 9326 | JT44: 8383 | JU44: 8087 | JV44: 8438 | JW44: 8356 | JX44: 8692 | JY44: 8864 | JZ44: 10079 | KA44: 8555 | KB44: 8410 | KC44: 8113 | KD44: 8849 | KE44: 8861 | KF44: 7483 | KG44: 8818 | KH44: 7944 | KI44: 10100 | KJ44: 8674 | KK44: 9141 | KL44: 8031 | KM44: 8964 | KN44: 8048 | KO44: 7958
A45: NSGA3 | B45: 3894 | C45: 0 | D45: 0 | E45: 6375 | F45: 1985 | G45: 7120 | H45: 1297 | I45: 8681 | J45: 2993 | K45: 6730 | L45: 6571 | M45: 4456 | N45: 11313 | O45: 0 | P45: 6146 | Q45: 1905 | R45: 0 | S45: 0 | T45: 2892 | U45: 1546 | V45: 6499 | W45: 7533 | X45: 7693 | Y45: 1535 | Z45: 3500 | AA45: 5815 | AB45: 4131 | AC45: 3912 | AD45: 4795 | AE45: 2598 | AF45: 0 | AG45: 9788 | AH45: 3040 | AI45: 4464 | AJ45: 3431 | AK45: 7890 | AL45: 0 | AM45: 6918 | AN45: 12910 | AO45: 5784 | AP45: 538 | AQ45: 3733 | AR45: 0 | AS45: 4270 | AT45: 7928 | AU45: 3550 | AV45: 2621 | AW45: 0 | AX45: 0 | AY45: 4925 | AZ45: 1307 | BA45: 565 | BB45: 0 | BC45: 13477 | BD45: 0 | BE45: 0 | BF45: 8685 | BG45: 3156 | BH45: 4151 | BI45: 1038 | BJ45: 1494 | BK45: 3727 | BL45: 5758 | BM45: 4724 | BN45: 9746 | BO45: 3718 | BP45: 0 | BQ45: 6343 | BR45: 4860 | BS45: 4523 | BT45: 8722 | BU45: 0 | BV45: 9268 | BW45: 10253 | BX45: 0 | BY45: 4398 | BZ45: 1318 | CA45: 8982 | CB45: 1599 | CC45: 0 | CD45: 7175 | CE45: 645 | CF45: 5430 | CG45: 1646 | CH45: 6264 | CI45: 6717 | CJ45: 2017 | CK45: 1887 | CL45: 4911 | CM45: 2476 | CN45: 3676 | CO45: 7926 | CP45: 2730 | CQ45: 0 | CR45: 7215 | CS45: 2171 | CT45: 625 | CU45: 0 | CV45: 3882 | CW45: 8626 | CX45: 7254 | CY45: 6459 | CZ45: 3172 | DA45: 9776 | DB45: 6935 | DC45: 9165 | DD45: 450 | DE45: 7938 | DF45: 5515 | DG45: 5060 | DH45: 9567 | DI45: 14032 | DJ45: 5795 | DK45: 4089 | DL45: 5996 | DM45: 6060 | DN45: 12638 | DO45: 3307 | DP45: 4435 | DQ45: 0 | DR45: 3989 | DS45: 4510 | DT45: 0 | DU45: 7134 | DV45: 2276 | DW45: 14219 | DX45: 0 | DY45: 16436 | DZ45: 3760 | EA45: 6272 | EB45: 9160 | EC45: 10963 | ED45: 0 | EE45: 0 | EF45: 6631 | EG45: 892 | EH45: 6296 | EI45: 7544 | EJ45: 9099 | EK45: 11112 | EL45: 1542 | EM45: 4876 | EN45: 4637 | EO45: 0 | EP45: 0 | EQ45: 1246 | ER45: 5749 | ES45: 2436 | ET45: 2477 | EU45: 11568 | EV45: 10132 | EW45: 4118 | EX45: 7500 | EY45: 10161 | EZ45: 2595 | FA45: 3313 | FB45: 6632 | FC45: 8974 | FD45: 767 | FE45: 1744 | FF45: 4912 | FG45: 11775 | FH45: 5102 | FI45: 6001 | FJ45: 7492 | FK45: 6448 | FL45: 0 | FM45: 11170 | FN45: 0 | FO45: 14401 | FP45: 0 | FQ45: 10528 | FR45: 3956 | FS45: 5134 | FT45: 686 | FU45: 13825 | FV45: 9157 | FW45: 1574 | FX45: 773 | FY45: 2368 | FZ45: 1690 | GA45: 5181 | GB45: 3125 | GC45: 7392 | GD45: 4158 | GE45: 4659 | GF45: 4310 | GG45: 6950 | GH45: 2676 | GI45: 10211 | GJ45: 9843 | GK45: 7021 | GL45: 6185 | GM45: 0 | GN45: 6371 | GO45: 7796 | GP45: 11069 | GQ45: 1762 | GR45: 11951 | GS45: 0 | GT45: 13809 | GU45: 3194 | GV45: 17206 | GW45: 12861 | GX45: 7435 | GY45: 7799 | GZ45: 8788 | HA45: 8358 | HB45: 9730 | HC45: 8260 | HD45: 7137 | HE45: 14702 | HF45: 11863 | HG45: 7495 | HH45: 9024 | HI45: 5597 | HJ45: 7003 | HK45: 4017 | HL45: 7167 | HM45: 5328 | HN45: 6068 | HO45: 14980 | HP45: 7026 | HQ45: 10538 | HR45: 12489 | HS45: 1035 | HT45: 20733 | HU45: 18321 | HV45: 17135 | HW45: 6767 | HX45: 7778 | HY45: 3211 | HZ45: 5854 | IA45: 8419 | IB45: 13356 | IC45: 3190 | ID45: 12592 | IE45: 9760 | IF45: 14754 | IG45: 6517 | IH45: 12837 | II45: 9033 | IJ45: 15299 | IK45: 14584 | IL45: 17605 | IM45: 2058 | IN45: 13781 | IO45: 17654 | IP45: 0 | IQ45: 9906 | IR45: 4011 | IS45: 22562 | IT45: 7494 | IU45: 4889 | IV45: 9032 | IW45: 12662 | IX45: 6263 | IY45: 4806 | IZ45: 5980 | JA45: 7559 | JB45: 12911 | JC45: 2722 | JD45: 1613 | JE45: 13200 | JF45: 10834 | JG45: 12588 | JH45: 11988 | JI45: 10297 | JJ45: 6495 | JK45: 13363 | JL45: 9317 | JM45: 9044 | JN45: 0 | JO45: 7497 | JP45: 9817 | JQ45: 16976 | JR45: 8474 | JS45: 6226 | JT45: 19927 | JU45: 19768 | JV45: 4286 | JW45: 9917 | JX45: 5710 | JY45: 12915 | JZ45: 12300 | KA45: 11150 | KB45: 13997 | KC45: 7909 | KD45: 8113 | KE45: 5294 | KF45: 7823 | KG45: 23290 | KH45: 6686 | KI45: 3588 | KJ45: 19510 | KK45: 17251 | KL45: 6688 | KM45: 9401 | KN45: 6107 | KO45: 13484
A46: MQGA | B46: 2288 | C46: 6297 | D46: 3086 | E46: 5331 | F46: 3319 | G46: 3346 | H46: 512 | I46: 1300 | J46: 8449 | K46: 8193 | L46: 10086 | M46: 5588 | N46: 2441 | O46: 8007 | P46: 6203 | Q46: 2416 | R46: 4265 | S46: 2278 | T46: 0 | U46: 4136 | V46: 5583 | W46: 6389 | X46: 4816 | Y46: 8417 | Z46: 10936 | AA46: 653 | AB46: 3158 | AC46: 5732 | AD46: 5679 | AE46: 4356 | AF46: 8101 | AG46: 5442 | AH46: 2382 | AI46: 3106 | AJ46: 9072 | AK46: 8458 | AL46: 6864 | AM46: 3130 | AN46: 1222 | AO46: 7525 | AP46: 9907 | AQ46: 1250 | AR46: 491 | AS46: 9423 | AT46: 4430 | AU46: 0 | AV46: 3145 | AW46: 5198 | AX46: 2815 | AY46: 5612 | AZ46: 2945 | BA46: 6756 | BB46: 4206 | BC46: 5627 | BD46: 2421 | BE46: 9876 | BF46: 2329 | BG46: 6378 | BH46: 1625 | BI46: 3908 | BJ46: 8397 | BK46: 2697 | BL46: 0 | BM46: 1428 | BN46: 5932 | BO46: 16701 | BP46: 4745 | BQ46: 3397 | BR46: 5487 | BS46: 7657 | BT46: 7259 | BU46: 0 | BV46: 655 | BW46: 3133 | BX46: 3329 | BY46: 3453 | BZ46: 9202 | CA46: 11151 | CB46: 5307 | CC46: 6611 | CD46: 4906 | CE46: 3591 | CF46: 1612 | CG46: 8223 | CH46: 4223 | CI46: 4132 | CJ46: 5183 | CK46: 2563 | CL46: 7284 | CM46: 1086 | CN46: 5089 | CO46: 454 | CP46: 0 | CQ46: 9599 | CR46: 10189 | CS46: 0 | CT46: 1135 | CU46: 2293 | CV46: 0 | CW46: 7782 | CX46: 6538 | CY46: 10171 | CZ46: 4083 | DA46: 8492 | DB46: 9028 | DC46: 7789 | DD46: 2900 | DE46: 4026 | DF46: 15832 | DG46: 6724 | DH46: 8500 | DI46: 6842 | DJ46: 8599 | DK46: 5846 | DL46: 8174 | DM46: 9106 | DN46: 7348 | DO46: 5986 | DP46: 1262 | DQ46: 12173 | DR46: 7480 | DS46: 11903 | DT46: 7951 | DU46: 16035 | DV46: 10883 | DW46: 6303 | DX46: 19895 | DY46: 9722 | DZ46: 12281 | EA46: 7902 | EB46: 1297 | EC46: 3771 | ED46: 5654 | EE46: 9516 | EF46: 8451 | EG46: 5980 | EH46: 15131 | EI46: 13979 | EJ46: 3815 | EK46: 10443 | EL46: 8534 | EM46: 6294 | EN46: 8814 | EO46: 8203 | EP46: 8683 | EQ46: 2899 | ER46: 3118 | ES46: 7565 | ET46: 14580 | EU46: 1148 | EV46: 18853 | EW46: 9649 | EX46: 8113 | EY46: 6053 | EZ46: 2432 | FA46: 5265 | FB46: 0 | FC46: 0 | FD46: 3795 | FE46: 8570 | FF46: 8095 | FG46: 4369 | FH46: 6375 | FI46: 10979 | FJ46: 4122 | FK46: 4471 | FL46: 2561 | FM46: 8509 | FN46: 8062 | FO46: 6055 | FP46: 9031 | FQ46: 3355 | FR46: 4287 | FS46: 5330 | FT46: 5468 | FU46: 7369 | FV46: 3969 | FW46: 13131 | FX46: 3572 | FY46: 2469 | FZ46: 5626 | GA46: 5632 | GB46: 2087 | GC46: 4928 | GD46: 6884 | GE46: 10834 | GF46: 7074 | GG46: 7151 | GH46: 3658 | GI46: 2347 | GJ46: 605 | GK46: 11058 | GL46: 7127 | GM46: 10752 | GN46: 5707 | GO46: 1285 | GP46: 5626 | GQ46: 7785 | GR46: 12506 | GS46: 5698 | GT46: 15513 | GU46: 11863 | GV46: 14857 | GW46: 15984 | GX46: 6115 | GY46: 4097 | GZ46: 7148 | HA46: 1685 | HB46: 13272 | HC46: 7920 | HD46: 14890 | HE46: 24727 | HF46: 12111 | HG46: 20199 | HH46: 2193 | HI46: 20257 | HJ46: 16030 | HK46: 18340 | HL46: 15070 | HM46: 13852 | HN46: 13165 | HO46: 13431 | HP46: 8507 | HQ46: 9968 | HR46: 25794 | HS46: 17031 | HT46: 11137 | HU46: 12497 | HV46: 4227 | HW46: 8161 | HX46: 15025 | HY46: 1344 | HZ46: 9212 | IA46: 13219 | IB46: 8224 | IC46: 11314 | ID46: 13974 | IE46: 12920 | IF46: 7882 | IG46: 4666 | IH46: 4748 | II46: 6786 | IJ46: 12382 | IK46: 6523 | IL46: 14615 | IM46: 9991 | IN46: 4823 | IO46: 8482 | IP46: 14158 | IQ46: 0 | IR46: 13262 | IS46: 10711 | IT46: 8930 | IU46: 10292 | IV46: 7122 | IW46: 15063 | IX46: 7595 | IY46: 6282 | IZ46: 6391 | JA46: 10761 | JB46: 10552 | JC46: 6406 | JD46: 14270 | JE46: 17197 | JF46: 4731 | JG46: 21686 | JH46: 19354 | JI46: 7888 | JJ46: 7205 | JK46: 668 | JL46: 10998 | JM46: 4125 | JN46: 7242 | JO46: 15712 | JP46: 7976 | JQ46: 9148 | JR46: 12210 | JS46: 21523 | JT46: 9027 | JU46: 11010 | JV46: 12317 | JW46: 8746 | JX46: 19752 | JY46: 3463 | JZ46: 3041 | KA46: 10233 | KB46: 6952 | KC46: 9090 | KD46: 6370 | KE46: 7659 | KF46: 11317 | KG46: 6403 | KH46: 1726 | KI46: 6220 | KJ46: 18941 | KK46: 2955 | KL46: 4373 | KM46: 9579 | KN46: 5201 | KO46: 10122
A47: Greedy | B47: 5560 | C47: 6123 | D47: 8263 | E47: 3303 | F47: 3192 | G47: 0 | H47: 3175 | I47: 5620 | J47: 2580 | K47: 9744 | L47: 2815 | M47: 4160 | N47: 4865 | O47: 1963 | P47: 0 | Q47: 1385 | R47: 0 | S47: 1812 | T47: 4035 | U47: 2851 | V47: 6110 | W47: 4545 | X47: 5236 | Y47: 5234 | Z47: 2383 | AA47: 1759 | AB47: 4140 | AC47: 1451 | AD47: 6102 | AE47: 4782 | AF47: 0 | AG47: 2871 | AH47: 9298 | AI47: 6986 | AJ47: 0 | AK47: 9121 | AL47: 7672 | AM47: 0 | AN47: 2228 | AO47: 0 | AP47: 3223 | AQ47: 591 | AR47: 5490 | AS47: 7692 | AT47: 7019 | AU47: 5668 | AV47: 2635 | AW47: 624 | AX47: 2815 | AY47: 2425 | AZ47: 0 | BA47: 15177 | BB47: 4088 | BC47: 5416 | BD47: 3979 | BE47: 2959 | BF47: 7153 | BG47: 2714 | BH47: 12183 | BI47: 5078 | BJ47: 1026 | BK47: 2697 | BL47: 7824 | BM47: 869 | BN47: 7448 | BO47: 9542 | BP47: 4339 | BQ47: 1012 | BR47: 1220 | BS47: 11330 | BT47: 6294 | BU47: 1006 | BV47: 7836 | BW47: 0 | BX47: 0 | BY47: 2013 | BZ47: 3838 | CA47: 6222 | CB47: 1410 | CC47: 502 | CD47: 6353 | CE47: 3005 | CF47: 0 | CG47: 5399 | CH47: 0 | CI47: 7037 | CJ47: 5495 | CK47: 3350 | CL47: 0 | CM47: 13627 | CN47: 8856 | CO47: 814 | CP47: 1430 | CQ47: 5594 | CR47: 4412 | CS47: 8356 | CT47: 421 | CU47: 7188 | CV47: 0 | CW47: 6773 | CX47: 5045 | CY47: 5708 | CZ47: 6756 | DA47: 14097 | DB47: 4585 | DC47: 7020 | DD47: 5739 | DE47: 0 | DF47: 0 | DG47: 11096 | DH47: 11185 | DI47: 4538 | DJ47: 6738 | DK47: 2539 | DL47: 3966 | DM47: 982 | DN47: 2481 | DO47: 18344 | DP47: 5115 | DQ47: 2266 | DR47: 6847 | DS47: 6873 | DT47: 7050 | DU47: 2413 | DV47: 7462 | DW47: 9154 | DX47: 10812 | DY47: 10546 | DZ47: 21184 | EA47: 3757 | EB47: 7906 | EC47: 7867 | ED47: 2620 | EE47: 9155 | EF47: 1421 | EG47: 3178 | EH47: 10573 | EI47: 15296 | EJ47: 10613 | EK47: 3269 | EL47: 4716 | EM47: 6879 | EN47: 3911 | EO47: 11474 | EP47: 563 | EQ47: 4972 | ER47: 9083 | ES47: 6881 | ET47: 4408 | EU47: 12029 | EV47: 8850 | EW47: 7882 | EX47: 2954 | EY47: 9510 | EZ47: 16107 | FA47: 503 | FB47: 8293 | FC47: 7172 | FD47: 4597 | FE47: 4951 | FF47: 5254 | FG47: 9728 | FH47: 4477 | FI47: 0 | FJ47: 2373 | FK47: 9561 | FL47: 6616 | FM47: 5194 | FN47: 10152 | FO47: 12036 | FP47: 2661 | FQ47: 10008 | FR47: 5126 | FS47: 14032 | FT47: 3725 | FU47: 5900 | FV47: 11076 | FW47: 0 | FX47: 9338 | FY47: 2231 | FZ47: 8240 | GA47: 12739 | GB47: 10184 | GC47: 0 | GD47: 12076 | GE47: 2123 | GF47: 7640 | GG47: 3939 | GH47: 3928 | GI47: 3138 | GJ47: 9458 | GK47: 7596 | GL47: 13362 | GM47: 4188 | GN47: 16292 | GO47: 7747 | GP47: 0 | GQ47: 2945 | GR47: 4973 | GS47: 7647 | GT47: 18157 | GU47: 14623 | GV47: 13340 | GW47: 4308 | GX47: 11036 | GY47: 13680 | GZ47: 12144 | HA47: 10093 | HB47: 15891 | HC47: 21036 | HD47: 4674 | HE47: 6930 | HF47: 14505 | HG47: 7511 | HH47: 799 | HI47: 14659 | HJ47: 6340 | HK47: 12840 | HL47: 5194 | HM47: 18858 | HN47: 20677 | HO47: 16517 | HP47: 12346 | HQ47: 12072 | HR47: 6716 | HS47: 9972 | HT47: 34715 | HU47: 16142 | HV47: 11878 | HW47: 7190 | HX47: 20417 | HY47: 4993 | HZ47: 5605 | IA47: 18724 | IB47: 16814 | IC47: 15523 | ID47: 9869 | IE47: 14272 | IF47: 6059 | IG47: 0 | IH47: 4018 | II47: 17697 | IJ47: 8886 | IK47: 16357 | IL47: 10440 | IM47: 19421 | IN47: 9689 | IO47: 15595 | IP47: 5516 | IQ47: 13074 | IR47: 13440 | IS47: 11012 | IT47: 5897 | IU47: 1540 | IV47: 14281 | IW47: 31468 | IX47: 11417 | IY47: 1993 | IZ47: 16447 | JA47: 4769 | JB47: 3953 | JC47: 6931 | JD47: 10130 | JE47: 9084 | JF47: 11982 | JG47: 8835 | JH47: 8807 | JI47: 9968 | JJ47: 21135 | JK47: 12535 | JL47: 6549 | JM47: 6767 | JN47: 5595 | JO47: 11879 | JP47: 11974 | JQ47: 7796 | JR47: 7753 | JS47: 6909 | JT47: 16910 | JU47: 4074 | JV47: 3844 | JW47: 19654 | JX47: 22629 | JY47: 3874 | JZ47: 14562 | KA47: 15968 | KB47: 14405 | KC47: 7342 | KD47: 13086 | KE47: 7214 | KF47: 13336 | KG47: 7283 | KH47: 9719 | KI47: 19409 | KJ47: 6134 | KK47: 7348 | KL47: 13538 | KM47: 7196 | KN47: 4936 | KO47: 5782
A48: MOPSO | B48: 3118 | C48: 6187 | D48: 6382 | E48: 3277 | F48: 4771 | G48: 996 | H48: 5163 | I48: 2540 | J48: 885 | K48: 0 | L48: 1170 | M48: 0 | N48: 2360 | O48: 1963 | P48: 3716 | Q48: 5121 | R48: 0 | S48: 8127 | T48: 2892 | U48: 2793 | V48: 6332 | W48: 443 | X48: 11394 | Y48: 5328 | Z48: 3175 | AA48: 9931 | AB48: 3256 | AC48: 10823 | AD48: 2524 | AE48: 4187 | AF48: 3981 | AG48: 4208 | AH48: 8172 | AI48: 9102 | AJ48: 0 | AK48: 4167 | AL48: 7134 | AM48: 0 | AN48: 3441 | AO48: 7873 | AP48: 2685 | AQ48: 6844 | AR48: 5450 | AS48: 5016 | AT48: 7650 | AU48: 3401 | AV48: 10339 | AW48: 6575 | AX48: 0 | AY48: 5500 | AZ48: 0 | BA48: 8992 | BB48: 8854 | BC48: 15840 | BD48: 1353 | BE48: 3720 | BF48: 1573 | BG48: 4150 | BH48: 4541 | BI48: 2728 | BJ48: 6588 | BK48: 1030 | BL48: 0 | BM48: 2480 | BN48: 5069 | BO48: 2620 | BP48: 9783 | BQ48: 11157 | BR48: 2098 | BS48: 4158 | BT48: 5051 | BU48: 2329 | BV48: 5456 | BW48: 2925 | BX48: 2664 | BY48: 6029 | BZ48: 3860 | CA48: 5574 | CB48: 0 | CC48: 6405 | CD48: 9515 | CE48: 0 | CF48: 6437 | CG48: 2386 | CH48: 1902 | CI48: 9538 | CJ48: 3155 | CK48: 3044 | CL48: 1915 | CM48: 0 | CN48: 5535 | CO48: 6143 | CP48: 4968 | CQ48: 5542 | CR48: 5662 | CS48: 0 | CT48: 626 | CU48: 2254 | CV48: 10655 | CW48: 6529 | CX48: 12213 | CY48: 1020 | CZ48: 11395 | DA48: 5236 | DB48: 0 | DC48: 6830 | DD48: 0 | DE48: 633 | DF48: 3971 | DG48: 2776 | DH48: 7249 | DI48: 5497 | DJ48: 2853 | DK48: 10318 | DL48: 5225 | DM48: 5187 | DN48: 1315 | DO48: 895 | DP48: 5975 | DQ48: 10274 | DR48: 7589 | DS48: 9811 | DT48: 6712 | DU48: 16225 | DV48: 13825 | DW48: 3859 | DX48: 5709 | DY48: 4643 | DZ48: 5288 | EA48: 3436 | EB48: 2924 | EC48: 11592 | ED48: 9486 | EE48: 1070 | EF48: 7215 | EG48: 7768 | EH48: 7676 | EI48: 5512 | EJ48: 8110 | EK48: 9358 | EL48: 6794 | EM48: 658 | EN48: 11095 | EO48: 4156 | EP48: 1566 | EQ48: 12646 | ER48: 7427 | ES48: 2341 | ET48: 3735 | EU48: 6768 | EV48: 4593 | EW48: 12062 | EX48: 7320 | EY48: 2715 | EZ48: 14505 | FA48: 11246 | FB48: 8601 | FC48: 4285 | FD48: 1947 | FE48: 12773 | FF48: 4749 | FG48: 13890 | FH48: 5543 | FI48: 7127 | FJ48: 3319 | FK48: 8833 | FL48: 14239 | FM48: 10237 | FN48: 1886 | FO48: 6191 | FP48: 5852 | FQ48: 733 | FR48: 7079 | FS48: 3085 | FT48: 7018 | FU48: 9280 | FV48: 5648 | FW48: 4041 | FX48: 11358 | FY48: 3219 | FZ48: 11076 | GA48: 12507 | GB48: 1038 | GC48: 3542 | GD48: 6518 | GE48: 5574 | GF48: 0 | GG48: 4363 | GH48: 10043 | GI48: 985 | GJ48: 10414 | GK48: 9906 | GL48: 767 | GM48: 0 | GN48: 2652 | GO48: 7157 | GP48: 7531 | GQ48: 3088 | GR48: 6371 | GS48: 7439 | GT48: 7828 | GU48: 11164 | GV48: 23205 | GW48: 2557 | GX48: 19660 | GY48: 15494 | GZ48: 12611 | HA48: 10480 | HB48: 6844 | HC48: 23004 | HD48: 7070 | HE48: 9815 | HF48: 7892 | HG48: 8988 | HH48: 15626 | HI48: 11398 | HJ48: 7264 | HK48: 6692 | HL48: 15069 | HM48: 1990 | HN48: 3875 | HO48: 18085 | HP48: 2666 | HQ48: 20844 | HR48: 13209 | HS48: 10112 | HT48: 446 | HU48: 13203 | HV48: 13711 | HW48: 14541 | HX48: 7884 | HY48: 3579 | HZ48: 14467 | IA48: 7687 | IB48: 10531 | IC48: 11502 | ID48: 0 | IE48: 8399 | IF48: 11095 | IG48: 8265 | IH48: 10946 | II48: 3188 | IJ48: 10074 | IK48: 11063 | IL48: 7013 | IM48: 10112 | IN48: 8999 | IO48: 11446 | IP48: 8559 | IQ48: 10925 | IR48: 14734 | IS48: 0 | IT48: 11681 | IU48: 30204 | IV48: 5823 | IW48: 11068 | IX48: 9191 | IY48: 16072 | IZ48: 20529 | JA48: 5675 | JB48: 4419 | JC48: 7267 | JD48: 8044 | JE48: 12054 | JF48: 7659 | JG48: 14574 | JH48: 11224 | JI48: 1984 | JJ48: 13290 | JK48: 1878 | JL48: 9276 | JM48: 6549 | JN48: 1885 | JO48: 17254 | JP48: 1012 | JQ48: 12601 | JR48: 13080 | JS48: 1689 | JT48: 8644 | JU48: 14331 | JV48: 4544 | JW48: 3033 | JX48: 3222 | JY48: 17480 | JZ48: 10616 | KA48: 4754 | KB48: 11872 | KC48: 10869 | KD48: 8941 | KE48: 6150 | KF48: 5879 | KG48: 7297 | KH48: 12302 | KI48: 4126 | KJ48: 17746 | KK48: 14540 | KL48: 3215 | KM48: 7862 | KN48: 18588 | KO48: 19233

Sheet Load
A1: Average data for chart
A2: Algorithms / Loads | B2: 20 | D2: 30 | F2: 50
B3: Edge | C3: Cloud | D3: Edge | E3: Cloud | F3: Edge | G3: Cloud
A4: QUEST | B4: ='Load Edge'!B33 -> 3816.277 | C4: ='Load Cloud'!B33 -> 10300.43 | D4: ='Load Edge'!C33 -> 6182.766 | E4: ='Load Cloud'!C33 -> 13162.36 | F4: ='Load Edge'!D33 -> 11253.781 | G4: ='Load Cloud'!D33 -> 14540.76
A5: Fuzzy | B5: ='Load Edge'!B34 -> 4691.74 | C5: ='Load Cloud'!B34 -> 2144.64 | D5: ='Load Edge'!C34 -> 7016.131 | E5: ='Load Cloud'!C34 -> 4356.1 | F5: ='Load Edge'!D34 -> 11534.564 | G5: ='Load Cloud'!D34 -> 8564.41
A6: NSGA3 | B6: ='Load Edge'!B35 -> 4587.498 | C6: ='Load Cloud'!B35 -> 4015.36 | D6: ='Load Edge'!C35 -> 6940.354 | E6: ='Load Cloud'!C35 -> 5660.55 | F6: ='Load Edge'!D35 -> 11493.982 | G6: ='Load Cloud'!D35 -> 9837.87
A7: MQGA | B7: ='Load Edge'!B36 -> 4523.411 | C7: ='Load Cloud'!B36 -> 4727.89 | D7: ='Load Edge'!C36 -> 6831.054 | E7: ='Load Cloud'!C36 -> 7163.28 | F7: ='Load Edge'!D36 -> 11512.865 | G7: ='Load Cloud'!D36 -> 10401.26
A8: Greedy | B8: ='Load Edge'!B37 -> 4574.001 | C8: ='Load Cloud'!B37 -> 4128.31 | D8: ='Load Edge'!C37 -> 6840.26 | E8: ='Load Cloud'!C37 -> 6796.34 | F8: ='Load Edge'!D37 -> 11333.051 | G8: ='Load Cloud'!D37 -> 11269.01
A9: MOPSO | B9: ='Load Edge'!B38 -> 4535.521 | C9: ='Load Cloud'!B38 -> 4432.25 | D9: ='Load Edge'!C38 -> 6910.593 | E9: ='Load Cloud'!C38 -> 6282.01 | F9: ='Load Edge'!D38 -> 11500.059 | G9: ='Load Cloud'!D38 -> 9970.37
